==================================================
  Video:          videos/IMG_0350.MOV
  Model:          runs/dataset_2026_06_17_1252_IMG_0350_0764_0909_0350HM/weights/best.pt
  Output:         output_video_zebratracker/tracker_IMG_0350_2026_06_17_run2_freeze_fix.mp4
  Seconds:        0 → 60
  Fish:           5
  Calibration:    10 seconds
  confirm_hits:   200 frames
  max_distance:   150 px
  max_missing:    300 frames
==================================================
Press Enter to start...  Frame 0/3600 | second 0
  Frame 30/3600 | second 0
  Frame 60/3600 | second 1
  Frame 90/3600 | second 1
  Frame 120/3600 | second 2
  Frame 150/3600 | second 2
  Frame 180/3600 | second 3
  Fish 1 confirmed after 200 frames
  Fish 2 confirmed after 200 frames
  Fish 3 confirmed after 200 frames
  Frame 210/3600 | second 3
  Frame 240/3600 | second 4
  Frame 270/3600 | second 4
  Frame 300/3600 | second 5
  Fish 4 confirmed after 200 frames
  Frame 330/3600 | second 5
  Frame 360/3600 | second 6
  Fish 5 confirmed after 200 frames
  Fish 5 recovered after 1 missing frames
  Fish 5 recovered after 1 missing frames
  Frame 390/3600 | second 6
  Overlap detected: Fish 1 ↔ Fish 2 [frame 417] IoU=0.02
  Frozen during overlap [frame 418]: Fish [1, 2]
  Overlap detected: Fish 1 ↔ Fish 2 [frame 418] IoU=0.02
  Frozen during overlap [frame 419]: Fish [1, 2]
  Overlap detected: Fish 1 ↔ Fish 2 [frame 419] IoU=0.02
  Frozen during overlap [frame 420]: Fish [1, 2]
  Overlap detected: Fish 1 ↔ Fish 2 [frame 420] IoU=0.02
  Frame 420/3600 | second 7
  Frozen during overlap [frame 421]: Fish [1, 2]
  Overlap detected: Fish 1 ↔ Fish 2 [frame 421] IoU=0.02
  Crossing started: Fish 1 ↔ Fish 2 [frame 421]
  Frozen during overlap [frame 422]: Fish [1, 2]
  Overlap detected: Fish 1 ↔ Fish 2 [frame 422] IoU=0.02
  Frozen during overlap [frame 423]: Fish [1, 2]
  Overlap detected: Fish 1 ↔ Fish 2 [frame 423] IoU=0.02
  Frozen during overlap [frame 424]: Fish [1, 2]
  Overlap detected: Fish 1 ↔ Fish 2 [frame 424] IoU=0.02
  Frozen during overlap [frame 425]: Fish [1, 2]
  Overlap detected: Fish 1 ↔ Fish 2 [frame 425] IoU=0.02
  Frozen during overlap [frame 426]: Fish [1, 2]
  Overlap detected: Fish 1 ↔ Fish 2 [frame 426] IoU=0.02
  Frozen during overlap [frame 427]: Fish [1, 2]
  Overlap detected: Fish 1 ↔ Fish 2 [frame 427] IoU=0.02
  Frozen during overlap [frame 428]: Fish [1, 2]
  Overlap detected: Fish 1 ↔ Fish 2 [frame 428] IoU=0.02
  Frozen during overlap [frame 429]: Fish [1, 2]
  Overlap detected: Fish 1 ↔ Fish 2 [frame 429] IoU=0.02
  Frozen during overlap [frame 430]: Fish [1, 2]
  Overlap detected: Fish 1 ↔ Fish 2 [frame 430] IoU=0.02
  Frozen during overlap [frame 431]: Fish [1, 2]
  Overlap detected: Fish 1 ↔ Fish 2 [frame 431] IoU=0.02
  Frozen during overlap [frame 432]: Fish [1, 2]
  Overlap detected: Fish 1 ↔ Fish 2 [frame 432] IoU=0.02
  Frozen during overlap [frame 433]: Fish [1, 2]
  Overlap detected: Fish 1 ↔ Fish 2 [frame 433] IoU=0.02
  Frozen during overlap [frame 434]: Fish [1, 2]
  Overlap detected: Fish 1 ↔ Fish 2 [frame 434] IoU=0.02
  Frozen during overlap [frame 435]: Fish [1, 2]
  Overlap detected: Fish 1 ↔ Fish 2 [frame 435] IoU=0.02
  Frozen during overlap [frame 436]: Fish [1, 2]
  Overlap detected: Fish 1 ↔ Fish 2 [frame 436] IoU=0.02
  Frozen during overlap [frame 437]: Fish [1, 2]
  Overlap detected: Fish 1 ↔ Fish 2 [frame 437] IoU=0.02
  Frozen during overlap [frame 438]: Fish [1, 2]
  Overlap detected: Fish 1 ↔ Fish 2 [frame 438] IoU=0.02
  Frozen during overlap [frame 439]: Fish [1, 2]
  Overlap detected: Fish 1 ↔ Fish 2 [frame 439] IoU=0.02
  Frozen during overlap [frame 440]: Fish [1, 2]
  Overlap detected: Fish 1 ↔ Fish 2 [frame 440] IoU=0.02
  Frozen during overlap [frame 441]: Fish [1, 2]
  Overlap detected: Fish 1 ↔ Fish 2 [frame 441] IoU=0.02
  Frozen during overlap [frame 442]: Fish [1, 2]
  Overlap detected: Fish 1 ↔ Fish 2 [frame 442] IoU=0.02
  Frozen during overlap [frame 443]: Fish [1, 2]
  Overlap detected: Fish 1 ↔ Fish 2 [frame 443] IoU=0.02
  Fish 1 ↔ Fish 2: crossing resolved, no swap needed
  Frozen during overlap [frame 444]: Fish [1, 2]
  Overlap detected: Fish 1 ↔ Fish 2 [frame 444] IoU=0.02
  Frozen during overlap [frame 445]: Fish [1, 2]
  Overlap detected: Fish 1 ↔ Fish 2 [frame 445] IoU=0.02
  Frozen during overlap [frame 446]: Fish [1, 2]
  Overlap detected: Fish 1 ↔ Fish 2 [frame 446] IoU=0.02
  Frozen during overlap [frame 447]: Fish [1, 2]
  Overlap detected: Fish 1 ↔ Fish 2 [frame 447] IoU=0.02
  Frozen during overlap [frame 448]: Fish [1, 2]
  Overlap detected: Fish 1 ↔ Fish 2 [frame 448] IoU=0.02
  Frozen during overlap [frame 449]: Fish [1, 2]
  Overlap detected: Fish 1 ↔ Fish 2 [frame 449] IoU=0.02
  Frozen during overlap [frame 450]: Fish [1, 2]
  Overlap detected: Fish 1 ↔ Fish 2 [frame 450] IoU=0.02
  Frame 450/3600 | second 7
  Frozen during overlap [frame 451]: Fish [1, 2]
  Overlap detected: Fish 1 ↔ Fish 2 [frame 451] IoU=0.02
  Frozen during overlap [frame 452]: Fish [1, 2]
  Overlap detected: Fish 1 ↔ Fish 2 [frame 452] IoU=0.02
  Frozen during overlap [frame 453]: Fish [1, 2]
  Overlap detected: Fish 1 ↔ Fish 2 [frame 453] IoU=0.02
  Frozen during overlap [frame 454]: Fish [1, 2]
  Overlap detected: Fish 1 ↔ Fish 2 [frame 454] IoU=0.02
  Frozen during overlap [frame 455]: Fish [1, 2]
  Overlap detected: Fish 1 ↔ Fish 2 [frame 455] IoU=0.02
  Frozen during overlap [frame 456]: Fish [1, 2]
  Overlap detected: Fish 1 ↔ Fish 2 [frame 456] IoU=0.02
  Frozen during overlap [frame 457]: Fish [1, 2]
  Overlap detected: Fish 1 ↔ Fish 2 [frame 457] IoU=0.02
  Frozen during overlap [frame 458]: Fish [1, 2]
  Overlap detected: Fish 1 ↔ Fish 2 [frame 458] IoU=0.02
  Frozen during overlap [frame 459]: Fish [1, 2]
  Overlap detected: Fish 1 ↔ Fish 2 [frame 459] IoU=0.02
  Frozen during overlap [frame 460]: Fish [1, 2]
  Overlap detected: Fish 1 ↔ Fish 2 [frame 460] IoU=0.02
  Frozen during overlap [frame 461]: Fish [1, 2]
  Overlap detected: Fish 1 ↔ Fish 2 [frame 461] IoU=0.02
  Frozen during overlap [frame 462]: Fish [1, 2]
  Overlap detected: Fish 1 ↔ Fish 2 [frame 462] IoU=0.02
  Frozen during overlap [frame 463]: Fish [1, 2]
  Overlap detected: Fish 1 ↔ Fish 2 [frame 463] IoU=0.02
  Frozen during overlap [frame 464]: Fish [1, 2]
  Overlap detected: Fish 1 ↔ Fish 2 [frame 464] IoU=0.02
  Frozen during overlap [frame 465]: Fish [1, 2]
  Fish 4 recovered after 13 missing frames
  Overlap detected: Fish 1 ↔ Fish 2 [frame 465] IoU=0.02
  Frozen during overlap [frame 466]: Fish [1, 2]
  Overlap detected: Fish 1 ↔ Fish 2 [frame 466] IoU=0.02
  Frozen during overlap [frame 467]: Fish [1, 2]
  Overlap detected: Fish 1 ↔ Fish 2 [frame 467] IoU=0.02
  Frozen during overlap [frame 468]: Fish [1, 2]
  Overlap detected: Fish 1 ↔ Fish 2 [frame 468] IoU=0.02
  Frozen during overlap [frame 469]: Fish [1, 2]
  Overlap detected: Fish 1 ↔ Fish 2 [frame 469] IoU=0.02
  Frozen during overlap [frame 470]: Fish [1, 2]
  Overlap detected: Fish 1 ↔ Fish 2 [frame 470] IoU=0.02
  Frozen during overlap [frame 471]: Fish [1, 2]
  Overlap detected: Fish 1 ↔ Fish 2 [frame 471] IoU=0.02
  Frozen during overlap [frame 472]: Fish [1, 2]
  Overlap detected: Fish 1 ↔ Fish 2 [frame 472] IoU=0.02
  Frozen during overlap [frame 473]: Fish [1, 2]
  Overlap detected: Fish 1 ↔ Fish 2 [frame 473] IoU=0.02
  Frozen during overlap [frame 474]: Fish [1, 2]
  Overlap detected: Fish 1 ↔ Fish 2 [frame 474] IoU=0.02
  Frozen during overlap [frame 475]: Fish [1, 2]
  Overlap detected: Fish 1 ↔ Fish 2 [frame 475] IoU=0.02
  Frozen during overlap [frame 476]: Fish [1, 2]
  Overlap detected: Fish 1 ↔ Fish 2 [frame 476] IoU=0.02
  Frozen during overlap [frame 477]: Fish [1, 2]
  Overlap detected: Fish 1 ↔ Fish 2 [frame 477] IoU=0.02
  Frozen during overlap [frame 478]: Fish [1, 2]
  Overlap detected: Fish 1 ↔ Fish 2 [frame 478] IoU=0.02
  Frozen during overlap [frame 479]: Fish [1, 2]
  Overlap detected: Fish 1 ↔ Fish 2 [frame 479] IoU=0.02
  Frozen during overlap [frame 480]: Fish [1, 2]
  Overlap detected: Fish 1 ↔ Fish 2 [frame 480] IoU=0.02
  Frame 480/3600 | second 8
  Frozen during overlap [frame 481]: Fish [1, 2]
  Overlap detected: Fish 1 ↔ Fish 2 [frame 481] IoU=0.02
  Frozen during overlap [frame 482]: Fish [1, 2]
  Overlap detected: Fish 1 ↔ Fish 2 [frame 482] IoU=0.02
  Frozen during overlap [frame 483]: Fish [1, 2]
  Overlap detected: Fish 1 ↔ Fish 2 [frame 483] IoU=0.02
  Frozen during overlap [frame 484]: Fish [1, 2]
  Overlap detected: Fish 1 ↔ Fish 2 [frame 484] IoU=0.02
  Frozen during overlap [frame 485]: Fish [1, 2]
  Overlap detected: Fish 1 ↔ Fish 2 [frame 485] IoU=0.02
  Frozen during overlap [frame 486]: Fish [1, 2]
  Overlap detected: Fish 1 ↔ Fish 2 [frame 486] IoU=0.02
  Frozen during overlap [frame 487]: Fish [1, 2]
  Overlap detected: Fish 1 ↔ Fish 2 [frame 487] IoU=0.02
  Frozen during overlap [frame 488]: Fish [1, 2]
  Overlap detected: Fish 1 ↔ Fish 2 [frame 488] IoU=0.02
  Frozen during overlap [frame 489]: Fish [1, 2]
  Overlap detected: Fish 1 ↔ Fish 2 [frame 489] IoU=0.02
  Frozen during overlap [frame 490]: Fish [1, 2]
  Overlap detected: Fish 1 ↔ Fish 2 [frame 490] IoU=0.02
  Frozen during overlap [frame 491]: Fish [1, 2]
  Overlap detected: Fish 1 ↔ Fish 2 [frame 491] IoU=0.02
  Frozen during overlap [frame 492]: Fish [1, 2]
  Overlap detected: Fish 1 ↔ Fish 2 [frame 492] IoU=0.02
  Frozen during overlap [frame 493]: Fish [1, 2]
  Overlap detected: Fish 1 ↔ Fish 2 [frame 493] IoU=0.02
  Frozen during overlap [frame 494]: Fish [1, 2]
  Overlap detected: Fish 1 ↔ Fish 2 [frame 494] IoU=0.02
  Frozen during overlap [frame 495]: Fish [1, 2]
  Overlap detected: Fish 1 ↔ Fish 2 [frame 495] IoU=0.02
  Frozen during overlap [frame 496]: Fish [1, 2]
  Overlap detected: Fish 1 ↔ Fish 2 [frame 496] IoU=0.02
  Frozen during overlap [frame 497]: Fish [1, 2]
  Overlap detected: Fish 1 ↔ Fish 2 [frame 497] IoU=0.02
  Frozen during overlap [frame 498]: Fish [1, 2]
  Overlap detected: Fish 1 ↔ Fish 2 [frame 498] IoU=0.02
  Frozen during overlap [frame 499]: Fish [1, 2]
  Overlap detected: Fish 1 ↔ Fish 2 [frame 499] IoU=0.02
  Frozen during overlap [frame 500]: Fish [1, 2]
  Overlap detected: Fish 1 ↔ Fish 2 [frame 500] IoU=0.02
  Frozen during overlap [frame 501]: Fish [1, 2]
  Overlap detected: Fish 1 ↔ Fish 2 [frame 501] IoU=0.02
  Frozen during overlap [frame 502]: Fish [1, 2]
  Overlap detected: Fish 1 ↔ Fish 2 [frame 502] IoU=0.02
  Frozen during overlap [frame 503]: Fish [1, 2]
  Overlap detected: Fish 1 ↔ Fish 2 [frame 503] IoU=0.02
  Frozen during overlap [frame 504]: Fish [1, 2]
  Overlap detected: Fish 1 ↔ Fish 2 [frame 504] IoU=0.02
  Frozen during overlap [frame 505]: Fish [1, 2]
  Overlap detected: Fish 1 ↔ Fish 2 [frame 505] IoU=0.02
  Frozen during overlap [frame 506]: Fish [1, 2]
  Overlap detected: Fish 1 ↔ Fish 2 [frame 506] IoU=0.02
  Frozen during overlap [frame 507]: Fish [1, 2]
  Overlap detected: Fish 1 ↔ Fish 2 [frame 507] IoU=0.02
  Frozen during overlap [frame 508]: Fish [1, 2]
  Overlap detected: Fish 1 ↔ Fish 2 [frame 508] IoU=0.02
  Frozen during overlap [frame 509]: Fish [1, 2]
  Overlap detected: Fish 1 ↔ Fish 2 [frame 509] IoU=0.02
  Frozen during overlap [frame 510]: Fish [1, 2]
  Overlap detected: Fish 1 ↔ Fish 2 [frame 510] IoU=0.02
  Frame 510/3600 | second 8
  Frozen during overlap [frame 511]: Fish [1, 2]
  Overlap detected: Fish 1 ↔ Fish 2 [frame 511] IoU=0.02
  Frozen during overlap [frame 512]: Fish [1, 2]
  Overlap detected: Fish 1 ↔ Fish 2 [frame 512] IoU=0.02
  Frozen during overlap [frame 513]: Fish [1, 2]
  Overlap detected: Fish 1 ↔ Fish 2 [frame 513] IoU=0.02
  Frozen during overlap [frame 514]: Fish [1, 2]
  Overlap detected: Fish 1 ↔ Fish 2 [frame 514] IoU=0.02
  Frozen during overlap [frame 515]: Fish [1, 2]
  Overlap detected: Fish 1 ↔ Fish 2 [frame 515] IoU=0.02
  Frozen during overlap [frame 516]: Fish [1, 2]
  Overlap detected: Fish 1 ↔ Fish 2 [frame 516] IoU=0.02
  Frozen during overlap [frame 517]: Fish [1, 2]
  Overlap detected: Fish 1 ↔ Fish 2 [frame 517] IoU=0.02
  Frozen during overlap [frame 518]: Fish [1, 2]
  Overlap detected: Fish 1 ↔ Fish 2 [frame 518] IoU=0.02
  Frozen during overlap [frame 519]: Fish [1, 2]
  Overlap detected: Fish 1 ↔ Fish 2 [frame 519] IoU=0.02
  Frozen during overlap [frame 520]: Fish [1, 2]
  Overlap detected: Fish 1 ↔ Fish 2 [frame 520] IoU=0.02
  Frozen during overlap [frame 521]: Fish [1, 2]
  Overlap detected: Fish 1 ↔ Fish 2 [frame 521] IoU=0.02
  Frozen during overlap [frame 522]: Fish [1, 2]
  Overlap detected: Fish 1 ↔ Fish 2 [frame 522] IoU=0.02
  Frozen during overlap [frame 523]: Fish [1, 2]
  Overlap detected: Fish 1 ↔ Fish 2 [frame 523] IoU=0.02
  Frozen during overlap [frame 524]: Fish [1, 2]
  Overlap detected: Fish 1 ↔ Fish 2 [frame 524] IoU=0.02
  Frozen during overlap [frame 525]: Fish [1, 2]
  Overlap detected: Fish 1 ↔ Fish 2 [frame 525] IoU=0.02
  Frozen during overlap [frame 526]: Fish [1, 2]
  Overlap detected: Fish 1 ↔ Fish 2 [frame 526] IoU=0.02
  Frozen during overlap [frame 527]: Fish [1, 2]
  Overlap detected: Fish 1 ↔ Fish 2 [frame 527] IoU=0.02
  Frozen during overlap [frame 528]: Fish [1, 2]
  Overlap detected: Fish 1 ↔ Fish 2 [frame 528] IoU=0.02
  Frozen during overlap [frame 529]: Fish [1, 2]
  Overlap detected: Fish 1 ↔ Fish 2 [frame 529] IoU=0.02
  Frozen during overlap [frame 530]: Fish [1, 2]
  Overlap detected: Fish 1 ↔ Fish 2 [frame 530] IoU=0.02
  Frozen during overlap [frame 531]: Fish [1, 2]
  Overlap detected: Fish 1 ↔ Fish 2 [frame 531] IoU=0.02
  Frozen during overlap [frame 532]: Fish [1, 2]
  Overlap detected: Fish 1 ↔ Fish 2 [frame 532] IoU=0.02
  Frozen during overlap [frame 533]: Fish [1, 2]
  Overlap detected: Fish 1 ↔ Fish 2 [frame 533] IoU=0.02
  Frozen during overlap [frame 534]: Fish [1, 2]
  Overlap detected: Fish 1 ↔ Fish 2 [frame 534] IoU=0.02
  Frozen during overlap [frame 535]: Fish [1, 2]
  Overlap detected: Fish 1 ↔ Fish 2 [frame 535] IoU=0.02
  Frozen during overlap [frame 536]: Fish [1, 2]
  Overlap detected: Fish 1 ↔ Fish 2 [frame 536] IoU=0.02
  Frozen during overlap [frame 537]: Fish [1, 2]
  Overlap detected: Fish 1 ↔ Fish 2 [frame 537] IoU=0.02
  Frozen during overlap [frame 538]: Fish [1, 2]
  Overlap detected: Fish 1 ↔ Fish 2 [frame 538] IoU=0.02
  Frozen during overlap [frame 539]: Fish [1, 2]
  Overlap detected: Fish 1 ↔ Fish 2 [frame 539] IoU=0.02
  Frozen during overlap [frame 540]: Fish [1, 2]
  Overlap detected: Fish 1 ↔ Fish 2 [frame 540] IoU=0.02
  Frame 540/3600 | second 9
  Frozen during overlap [frame 541]: Fish [1, 2]
  Overlap detected: Fish 1 ↔ Fish 2 [frame 541] IoU=0.02
  Frozen during overlap [frame 542]: Fish [1, 2]
  Overlap detected: Fish 1 ↔ Fish 2 [frame 542] IoU=0.02
  Frozen during overlap [frame 543]: Fish [1, 2]
  Overlap detected: Fish 1 ↔ Fish 2 [frame 543] IoU=0.02
  Frozen during overlap [frame 544]: Fish [1, 2]
  Overlap detected: Fish 1 ↔ Fish 2 [frame 544] IoU=0.02
  Frozen during overlap [frame 545]: Fish [1, 2]
  Overlap detected: Fish 1 ↔ Fish 2 [frame 545] IoU=0.02
  Frozen during overlap [frame 546]: Fish [1, 2]
  Overlap detected: Fish 1 ↔ Fish 2 [frame 546] IoU=0.02
  Frozen during overlap [frame 547]: Fish [1, 2]
  Overlap detected: Fish 1 ↔ Fish 2 [frame 547] IoU=0.02
  Frozen during overlap [frame 548]: Fish [1, 2]
  Overlap detected: Fish 1 ↔ Fish 2 [frame 548] IoU=0.02
  Frozen during overlap [frame 549]: Fish [1, 2]
  Overlap detected: Fish 1 ↔ Fish 2 [frame 549] IoU=0.02
  Frozen during overlap [frame 550]: Fish [1, 2]
  Overlap detected: Fish 1 ↔ Fish 2 [frame 550] IoU=0.02
  Frozen during overlap [frame 551]: Fish [1, 2]
  Overlap detected: Fish 1 ↔ Fish 2 [frame 551] IoU=0.02
  Frozen during overlap [frame 552]: Fish [1, 2]
  Overlap detected: Fish 1 ↔ Fish 2 [frame 552] IoU=0.02
  Frozen during overlap [frame 553]: Fish [1, 2]
  Overlap detected: Fish 1 ↔ Fish 2 [frame 553] IoU=0.02
  Frozen during overlap [frame 554]: Fish [1, 2]
  Overlap detected: Fish 1 ↔ Fish 2 [frame 554] IoU=0.02
  Frozen during overlap [frame 555]: Fish [1, 2]
  Overlap detected: Fish 1 ↔ Fish 2 [frame 555] IoU=0.02
  Frozen during overlap [frame 556]: Fish [1, 2]
  Overlap detected: Fish 1 ↔ Fish 2 [frame 556] IoU=0.02
  Frozen during overlap [frame 557]: Fish [1, 2]
  Overlap detected: Fish 1 ↔ Fish 2 [frame 557] IoU=0.02
  Frozen during overlap [frame 558]: Fish [1, 2]
  Overlap detected: Fish 1 ↔ Fish 2 [frame 558] IoU=0.02
  Frozen during overlap [frame 559]: Fish [1, 2]
  Overlap detected: Fish 1 ↔ Fish 2 [frame 559] IoU=0.02
  Frozen during overlap [frame 560]: Fish [1, 2]
  Overlap detected: Fish 1 ↔ Fish 2 [frame 560] IoU=0.02
  Frozen during overlap [frame 561]: Fish [1, 2]
  Overlap detected: Fish 1 ↔ Fish 2 [frame 561] IoU=0.02
  Frozen during overlap [frame 562]: Fish [1, 2]
  Overlap detected: Fish 1 ↔ Fish 2 [frame 562] IoU=0.02
  Frozen during overlap [frame 563]: Fish [1, 2]
  Overlap detected: Fish 1 ↔ Fish 2 [frame 563] IoU=0.02
  Frozen during overlap [frame 564]: Fish [1, 2]
  Overlap detected: Fish 1 ↔ Fish 2 [frame 564] IoU=0.02
  Frozen during overlap [frame 565]: Fish [1, 2]
  Overlap detected: Fish 1 ↔ Fish 2 [frame 565] IoU=0.02
  Frozen during overlap [frame 566]: Fish [1, 2]
  Overlap detected: Fish 1 ↔ Fish 2 [frame 566] IoU=0.02
  Frozen during overlap [frame 567]: Fish [1, 2]
  Overlap detected: Fish 1 ↔ Fish 2 [frame 567] IoU=0.02
  Frozen during overlap [frame 568]: Fish [1, 2]
  Overlap detected: Fish 1 ↔ Fish 2 [frame 568] IoU=0.02
  Frozen during overlap [frame 569]: Fish [1, 2]
  Overlap detected: Fish 1 ↔ Fish 2 [frame 569] IoU=0.02
  Frozen during overlap [frame 570]: Fish [1, 2]
  Overlap detected: Fish 1 ↔ Fish 2 [frame 570] IoU=0.02
  Frame 570/3600 | second 9
  Frozen during overlap [frame 571]: Fish [1, 2]
  Overlap detected: Fish 1 ↔ Fish 2 [frame 571] IoU=0.02
  Frozen during overlap [frame 572]: Fish [1, 2]
  Overlap detected: Fish 1 ↔ Fish 2 [frame 572] IoU=0.02
  Frozen during overlap [frame 573]: Fish [1, 2]
  Overlap detected: Fish 1 ↔ Fish 2 [frame 573] IoU=0.02
  Frozen during overlap [frame 574]: Fish [1, 2]
  Overlap detected: Fish 1 ↔ Fish 2 [frame 574] IoU=0.02
  Frozen during overlap [frame 575]: Fish [1, 2]
  Overlap detected: Fish 1 ↔ Fish 2 [frame 575] IoU=0.02
  Frozen during overlap [frame 576]: Fish [1, 2]
  Overlap detected: Fish 1 ↔ Fish 2 [frame 576] IoU=0.02
  Frozen during overlap [frame 577]: Fish [1, 2]
  Overlap detected: Fish 1 ↔ Fish 2 [frame 577] IoU=0.02
  Frozen during overlap [frame 578]: Fish [1, 2]
  Overlap detected: Fish 1 ↔ Fish 2 [frame 578] IoU=0.02
  Frozen during overlap [frame 579]: Fish [1, 2]
  Overlap detected: Fish 1 ↔ Fish 2 [frame 579] IoU=0.02
  Frozen during overlap [frame 580]: Fish [1, 2]
  Overlap detected: Fish 1 ↔ Fish 2 [frame 580] IoU=0.02
  Frozen during overlap [frame 581]: Fish [1, 2]
  Overlap detected: Fish 1 ↔ Fish 2 [frame 581] IoU=0.02
  Frozen during overlap [frame 582]: Fish [1, 2]
  Overlap detected: Fish 1 ↔ Fish 2 [frame 582] IoU=0.02
  Frozen during overlap [frame 583]: Fish [1, 2]
  Overlap detected: Fish 1 ↔ Fish 2 [frame 583] IoU=0.02
  Frozen during overlap [frame 584]: Fish [1, 2]
  Overlap detected: Fish 1 ↔ Fish 2 [frame 584] IoU=0.02
  Frozen during overlap [frame 585]: Fish [1, 2]
  Overlap detected: Fish 1 ↔ Fish 2 [frame 585] IoU=0.02
  Frozen during overlap [frame 586]: Fish [1, 2]
  Overlap detected: Fish 1 ↔ Fish 2 [frame 586] IoU=0.02
  Frozen during overlap [frame 587]: Fish [1, 2]
  Overlap detected: Fish 1 ↔ Fish 2 [frame 587] IoU=0.02
  Frozen during overlap [frame 588]: Fish [1, 2]
  Overlap detected: Fish 1 ↔ Fish 2 [frame 588] IoU=0.02
  Frozen during overlap [frame 589]: Fish [1, 2]
  Overlap detected: Fish 1 ↔ Fish 2 [frame 589] IoU=0.02
  Frozen during overlap [frame 590]: Fish [1, 2]
  Overlap detected: Fish 1 ↔ Fish 2 [frame 590] IoU=0.02
  Frozen during overlap [frame 591]: Fish [1, 2]
  Overlap detected: Fish 1 ↔ Fish 2 [frame 591] IoU=0.02
  Frozen during overlap [frame 592]: Fish [1, 2]
  Overlap detected: Fish 1 ↔ Fish 2 [frame 592] IoU=0.02
  Frozen during overlap [frame 593]: Fish [1, 2]
  Overlap detected: Fish 1 ↔ Fish 2 [frame 593] IoU=0.02
  Frozen during overlap [frame 594]: Fish [1, 2]
  Overlap detected: Fish 1 ↔ Fish 2 [frame 594] IoU=0.02
  Frozen during overlap [frame 595]: Fish [1, 2]
  Overlap detected: Fish 1 ↔ Fish 2 [frame 595] IoU=0.02
  Frozen during overlap [frame 596]: Fish [1, 2]
  Overlap detected: Fish 1 ↔ Fish 2 [frame 596] IoU=0.02
  Frozen during overlap [frame 597]: Fish [1, 2]
  Overlap detected: Fish 1 ↔ Fish 2 [frame 597] IoU=0.02
  Frozen during overlap [frame 598]: Fish [1, 2]
  Overlap detected: Fish 1 ↔ Fish 2 [frame 598] IoU=0.02
  Frozen during overlap [frame 599]: Fish [1, 2]
  Overlap detected: Fish 1 ↔ Fish 2 [frame 599] IoU=0.02
  Frozen during overlap [frame 600]: Fish [1, 2]
  Overlap detected: Fish 1 ↔ Fish 2 [frame 600] IoU=0.02
  Frame 600/3600 | second 10
  Frozen during overlap [frame 601]: Fish [1, 2]
  Overlap detected: Fish 1 ↔ Fish 2 [frame 601] IoU=0.02
  Frozen during overlap [frame 602]: Fish [1, 2]
  Overlap detected: Fish 1 ↔ Fish 2 [frame 602] IoU=0.02
  Frozen during overlap [frame 603]: Fish [1, 2]
  Overlap detected: Fish 1 ↔ Fish 2 [frame 603] IoU=0.02
  Frozen during overlap [frame 604]: Fish [1, 2]
  Overlap detected: Fish 1 ↔ Fish 2 [frame 604] IoU=0.02
  Frozen during overlap [frame 605]: Fish [1, 2]
  Overlap detected: Fish 1 ↔ Fish 2 [frame 605] IoU=0.02
  Frozen during overlap [frame 606]: Fish [1, 2]
  Overlap detected: Fish 1 ↔ Fish 2 [frame 606] IoU=0.02
  Frozen during overlap [frame 607]: Fish [1, 2]
  Overlap detected: Fish 1 ↔ Fish 2 [frame 607] IoU=0.02
  Frozen during overlap [frame 608]: Fish [1, 2]
  Overlap detected: Fish 1 ↔ Fish 2 [frame 608] IoU=0.02
  Frozen during overlap [frame 609]: Fish [1, 2]
  Overlap detected: Fish 1 ↔ Fish 2 [frame 609] IoU=0.02
  Frozen during overlap [frame 610]: Fish [1, 2]
  Overlap detected: Fish 1 ↔ Fish 2 [frame 610] IoU=0.02
  Frozen during overlap [frame 611]: Fish [1, 2]
  Overlap detected: Fish 1 ↔ Fish 2 [frame 611] IoU=0.02
  Frozen during overlap [frame 612]: Fish [1, 2]
  Overlap detected: Fish 1 ↔ Fish 2 [frame 612] IoU=0.02
  Frozen during overlap [frame 613]: Fish [1, 2]
  Overlap detected: Fish 1 ↔ Fish 2 [frame 613] IoU=0.02
  Frozen during overlap [frame 614]: Fish [1, 2]
  Overlap detected: Fish 1 ↔ Fish 2 [frame 614] IoU=0.02
  Frozen during overlap [frame 615]: Fish [1, 2]
  Overlap detected: Fish 1 ↔ Fish 2 [frame 615] IoU=0.02
  Frozen during overlap [frame 616]: Fish [1, 2]
  Overlap detected: Fish 1 ↔ Fish 2 [frame 616] IoU=0.02
  Frozen during overlap [frame 617]: Fish [1, 2]
  Overlap detected: Fish 1 ↔ Fish 2 [frame 617] IoU=0.02
  Frozen during overlap [frame 618]: Fish [1, 2]
  Overlap detected: Fish 1 ↔ Fish 2 [frame 618] IoU=0.02
  Frozen during overlap [frame 619]: Fish [1, 2]
  Overlap detected: Fish 1 ↔ Fish 2 [frame 619] IoU=0.02
  Frozen during overlap [frame 620]: Fish [1, 2]
  Overlap detected: Fish 1 ↔ Fish 2 [frame 620] IoU=0.02
  Frozen during overlap [frame 621]: Fish [1, 2]
  Overlap detected: Fish 1 ↔ Fish 2 [frame 621] IoU=0.02
  Frozen during overlap [frame 622]: Fish [1, 2]
  Overlap detected: Fish 1 ↔ Fish 2 [frame 622] IoU=0.02
  Frozen during overlap [frame 623]: Fish [1, 2]
  Overlap detected: Fish 1 ↔ Fish 2 [frame 623] IoU=0.02
  Frozen during overlap [frame 624]: Fish [1, 2]
  Overlap detected: Fish 1 ↔ Fish 2 [frame 624] IoU=0.02
  Frozen during overlap [frame 625]: Fish [1, 2]
  Overlap detected: Fish 1 ↔ Fish 2 [frame 625] IoU=0.02
  Frozen during overlap [frame 626]: Fish [1, 2]
  Overlap detected: Fish 1 ↔ Fish 2 [frame 626] IoU=0.02
  Frozen during overlap [frame 627]: Fish [1, 2]
  Overlap detected: Fish 1 ↔ Fish 2 [frame 627] IoU=0.02
  Frozen during overlap [frame 628]: Fish [1, 2]
  Overlap detected: Fish 1 ↔ Fish 2 [frame 628] IoU=0.02
  Frozen during overlap [frame 629]: Fish [1, 2]
  Overlap detected: Fish 1 ↔ Fish 2 [frame 629] IoU=0.02
  Frozen during overlap [frame 630]: Fish [1, 2]
  Overlap detected: Fish 1 ↔ Fish 2 [frame 630] IoU=0.02
  Frame 630/3600 | second 10
  Frozen during overlap [frame 631]: Fish [1, 2]
  Overlap detected: Fish 1 ↔ Fish 2 [frame 631] IoU=0.02
  Frozen during overlap [frame 632]: Fish [1, 2]
  Overlap detected: Fish 1 ↔ Fish 2 [frame 632] IoU=0.02
  Frozen during overlap [frame 633]: Fish [1, 2]
  Overlap detected: Fish 1 ↔ Fish 2 [frame 633] IoU=0.02
  Frozen during overlap [frame 634]: Fish [1, 2]
  Overlap detected: Fish 1 ↔ Fish 2 [frame 634] IoU=0.02
  Frozen during overlap [frame 635]: Fish [1, 2]
  Overlap detected: Fish 1 ↔ Fish 2 [frame 635] IoU=0.02
  Frozen during overlap [frame 636]: Fish [1, 2]
  Overlap detected: Fish 1 ↔ Fish 2 [frame 636] IoU=0.02
  Frozen during overlap [frame 637]: Fish [1, 2]
  Overlap detected: Fish 1 ↔ Fish 2 [frame 637] IoU=0.02
  Frozen during overlap [frame 638]: Fish [1, 2]
  Overlap detected: Fish 1 ↔ Fish 2 [frame 638] IoU=0.02
  Frozen during overlap [frame 639]: Fish [1, 2]
  Overlap detected: Fish 1 ↔ Fish 2 [frame 639] IoU=0.02
  Frozen during overlap [frame 640]: Fish [1, 2]
  Overlap detected: Fish 1 ↔ Fish 2 [frame 640] IoU=0.02
  Frozen during overlap [frame 641]: Fish [1, 2]
  Overlap detected: Fish 1 ↔ Fish 2 [frame 641] IoU=0.02
  Frozen during overlap [frame 642]: Fish [1, 2]
  Overlap detected: Fish 1 ↔ Fish 2 [frame 642] IoU=0.02
  Frozen during overlap [frame 643]: Fish [1, 2]
  Overlap detected: Fish 1 ↔ Fish 2 [frame 643] IoU=0.02
  Frozen during overlap [frame 644]: Fish [1, 2]
  Overlap detected: Fish 1 ↔ Fish 2 [frame 644] IoU=0.02
  Frozen during overlap [frame 645]: Fish [1, 2]
  Overlap detected: Fish 1 ↔ Fish 2 [frame 645] IoU=0.02
  Frozen during overlap [frame 646]: Fish [1, 2]
  Overlap detected: Fish 1 ↔ Fish 2 [frame 646] IoU=0.02
  Frozen during overlap [frame 647]: Fish [1, 2]
  Overlap detected: Fish 1 ↔ Fish 2 [frame 647] IoU=0.02
  Frozen during overlap [frame 648]: Fish [1, 2]
  Overlap detected: Fish 1 ↔ Fish 2 [frame 648] IoU=0.02
  Frozen during overlap [frame 649]: Fish [1, 2]
  Overlap detected: Fish 1 ↔ Fish 2 [frame 649] IoU=0.02
  Frozen during overlap [frame 650]: Fish [1, 2]
  Overlap detected: Fish 1 ↔ Fish 2 [frame 650] IoU=0.02
  Frozen during overlap [frame 651]: Fish [1, 2]
  Overlap detected: Fish 1 ↔ Fish 2 [frame 651] IoU=0.02
  Frozen during overlap [frame 652]: Fish [1, 2]
  Overlap detected: Fish 1 ↔ Fish 2 [frame 652] IoU=0.02
  Frozen during overlap [frame 653]: Fish [1, 2]
  Overlap detected: Fish 1 ↔ Fish 2 [frame 653] IoU=0.02
  Frozen during overlap [frame 654]: Fish [1, 2]
  Overlap detected: Fish 1 ↔ Fish 2 [frame 654] IoU=0.02
  Frozen during overlap [frame 655]: Fish [1, 2]
  Overlap detected: Fish 1 ↔ Fish 2 [frame 655] IoU=0.02
  Frozen during overlap [frame 656]: Fish [1, 2]
  Overlap detected: Fish 1 ↔ Fish 2 [frame 656] IoU=0.02
  Frozen during overlap [frame 657]: Fish [1, 2]
  Overlap detected: Fish 1 ↔ Fish 2 [frame 657] IoU=0.02
  Frozen during overlap [frame 658]: Fish [1, 2]
  Overlap detected: Fish 1 ↔ Fish 2 [frame 658] IoU=0.02
  Frozen during overlap [frame 659]: Fish [1, 2]
  Overlap detected: Fish 1 ↔ Fish 2 [frame 659] IoU=0.02
  Frozen during overlap [frame 660]: Fish [1, 2]
  Overlap detected: Fish 1 ↔ Fish 2 [frame 660] IoU=0.02
  Frame 660/3600 | second 11
  Frozen during overlap [frame 661]: Fish [1, 2]
  Overlap detected: Fish 1 ↔ Fish 2 [frame 661] IoU=0.02
  Frozen during overlap [frame 662]: Fish [1, 2]
  Overlap detected: Fish 1 ↔ Fish 2 [frame 662] IoU=0.02
  Frozen during overlap [frame 663]: Fish [1, 2]
  Overlap detected: Fish 1 ↔ Fish 2 [frame 663] IoU=0.02
  Frozen during overlap [frame 664]: Fish [1, 2]
  Overlap detected: Fish 1 ↔ Fish 2 [frame 664] IoU=0.02
  Frozen during overlap [frame 665]: Fish [1, 2]
  Overlap detected: Fish 1 ↔ Fish 2 [frame 665] IoU=0.02
  Frozen during overlap [frame 666]: Fish [1, 2]
  Overlap detected: Fish 1 ↔ Fish 2 [frame 666] IoU=0.02
  Frozen during overlap [frame 667]: Fish [1, 2]
  Overlap detected: Fish 1 ↔ Fish 2 [frame 667] IoU=0.02
  Frozen during overlap [frame 668]: Fish [1, 2]
  Overlap detected: Fish 1 ↔ Fish 2 [frame 668] IoU=0.02
  Frozen during overlap [frame 669]: Fish [1, 2]
  Overlap detected: Fish 1 ↔ Fish 2 [frame 669] IoU=0.02
  Frozen during overlap [frame 670]: Fish [1, 2]
  Overlap detected: Fish 1 ↔ Fish 2 [frame 670] IoU=0.02
  Frozen during overlap [frame 671]: Fish [1, 2]
  Overlap detected: Fish 1 ↔ Fish 2 [frame 671] IoU=0.02
  Frozen during overlap [frame 672]: Fish [1, 2]
  Overlap detected: Fish 1 ↔ Fish 2 [frame 672] IoU=0.02
  Frozen during overlap [frame 673]: Fish [1, 2]
  Overlap detected: Fish 1 ↔ Fish 2 [frame 673] IoU=0.02
  Frozen during overlap [frame 674]: Fish [1, 2]
  Overlap detected: Fish 1 ↔ Fish 2 [frame 674] IoU=0.02
  Frozen during overlap [frame 675]: Fish [1, 2]
  Overlap detected: Fish 1 ↔ Fish 2 [frame 675] IoU=0.02
  Frozen during overlap [frame 676]: Fish [1, 2]
  Fish 3 recovered after 1 missing frames
  Overlap detected: Fish 1 ↔ Fish 2 [frame 676] IoU=0.02
  Frozen during overlap [frame 677]: Fish [1, 2]
  Overlap detected: Fish 1 ↔ Fish 2 [frame 677] IoU=0.02
  Frozen during overlap [frame 678]: Fish [1, 2]
  Overlap detected: Fish 1 ↔ Fish 2 [frame 678] IoU=0.02
  Frozen during overlap [frame 679]: Fish [1, 2]
  Overlap detected: Fish 1 ↔ Fish 2 [frame 679] IoU=0.02
  Frozen during overlap [frame 680]: Fish [1, 2]
  Overlap detected: Fish 1 ↔ Fish 2 [frame 680] IoU=0.02
  Frozen during overlap [frame 681]: Fish [1, 2]
  Overlap detected: Fish 1 ↔ Fish 2 [frame 681] IoU=0.02
  Frozen during overlap [frame 682]: Fish [1, 2]
  Overlap detected: Fish 1 ↔ Fish 2 [frame 682] IoU=0.02
  Frozen during overlap [frame 683]: Fish [1, 2]
  Overlap detected: Fish 1 ↔ Fish 2 [frame 683] IoU=0.02
  Frozen during overlap [frame 684]: Fish [1, 2]
  Overlap detected: Fish 1 ↔ Fish 2 [frame 684] IoU=0.02
  Frozen during overlap [frame 685]: Fish [1, 2]
  Overlap detected: Fish 1 ↔ Fish 2 [frame 685] IoU=0.02
  Frozen during overlap [frame 686]: Fish [1, 2]
  Overlap detected: Fish 1 ↔ Fish 2 [frame 686] IoU=0.02
  Frozen during overlap [frame 687]: Fish [1, 2]
  Overlap detected: Fish 1 ↔ Fish 2 [frame 687] IoU=0.02
  Frozen during overlap [frame 688]: Fish [1, 2]
  Overlap detected: Fish 1 ↔ Fish 2 [frame 688] IoU=0.02
  Frozen during overlap [frame 689]: Fish [1, 2]
  Overlap detected: Fish 1 ↔ Fish 2 [frame 689] IoU=0.02
  Frozen during overlap [frame 690]: Fish [1, 2]
  Overlap detected: Fish 1 ↔ Fish 2 [frame 690] IoU=0.02
  Frame 690/3600 | second 11
  Frozen during overlap [frame 691]: Fish [1, 2]
  Overlap detected: Fish 1 ↔ Fish 2 [frame 691] IoU=0.02
  Frozen during overlap [frame 692]: Fish [1, 2]
  Overlap detected: Fish 1 ↔ Fish 2 [frame 692] IoU=0.02
  Frozen during overlap [frame 693]: Fish [1, 2]
  Overlap detected: Fish 1 ↔ Fish 2 [frame 693] IoU=0.02
  Frozen during overlap [frame 694]: Fish [1, 2]
  Overlap detected: Fish 1 ↔ Fish 2 [frame 694] IoU=0.02
  Frozen during overlap [frame 695]: Fish [1, 2]
  Overlap detected: Fish 1 ↔ Fish 2 [frame 695] IoU=0.02
  Frozen during overlap [frame 696]: Fish [1, 2]
  Overlap detected: Fish 1 ↔ Fish 2 [frame 696] IoU=0.02
  Frozen during overlap [frame 697]: Fish [1, 2]
  Overlap detected: Fish 1 ↔ Fish 2 [frame 697] IoU=0.02
  Frozen during overlap [frame 698]: Fish [1, 2]
  Overlap detected: Fish 1 ↔ Fish 2 [frame 698] IoU=0.02
  Frozen during overlap [frame 699]: Fish [1, 2]
  Overlap detected: Fish 1 ↔ Fish 2 [frame 699] IoU=0.02
  Frozen during overlap [frame 700]: Fish [1, 2]
  Overlap detected: Fish 1 ↔ Fish 2 [frame 700] IoU=0.02
  Frozen during overlap [frame 701]: Fish [1, 2]
  Overlap detected: Fish 1 ↔ Fish 2 [frame 701] IoU=0.02
  Frozen during overlap [frame 702]: Fish [1, 2]
  Overlap detected: Fish 1 ↔ Fish 2 [frame 702] IoU=0.02
  Frozen during overlap [frame 703]: Fish [1, 2]
  Overlap detected: Fish 1 ↔ Fish 2 [frame 703] IoU=0.02
  Frozen during overlap [frame 704]: Fish [1, 2]
  Overlap detected: Fish 1 ↔ Fish 2 [frame 704] IoU=0.02
  Frozen during overlap [frame 705]: Fish [1, 2]
  Overlap detected: Fish 1 ↔ Fish 2 [frame 705] IoU=0.02
  Frozen during overlap [frame 706]: Fish [1, 2]
  Overlap detected: Fish 1 ↔ Fish 2 [frame 706] IoU=0.02
  Frozen during overlap [frame 707]: Fish [1, 2]
  Overlap detected: Fish 1 ↔ Fish 2 [frame 707] IoU=0.02
  Frozen during overlap [frame 708]: Fish [1, 2]
  Overlap detected: Fish 1 ↔ Fish 2 [frame 708] IoU=0.02
  Frozen during overlap [frame 709]: Fish [1, 2]
  Overlap detected: Fish 1 ↔ Fish 2 [frame 709] IoU=0.02
  Frozen during overlap [frame 710]: Fish [1, 2]
  Overlap detected: Fish 1 ↔ Fish 2 [frame 710] IoU=0.02
  Frozen during overlap [frame 711]: Fish [1, 2]
  Overlap detected: Fish 1 ↔ Fish 2 [frame 711] IoU=0.02
  Frozen during overlap [frame 712]: Fish [1, 2]
  Overlap detected: Fish 1 ↔ Fish 2 [frame 712] IoU=0.02
  Frozen during overlap [frame 713]: Fish [1, 2]
  Overlap detected: Fish 1 ↔ Fish 2 [frame 713] IoU=0.02
  Frozen during overlap [frame 714]: Fish [1, 2]
  Overlap detected: Fish 1 ↔ Fish 2 [frame 714] IoU=0.02
  Frozen during overlap [frame 715]: Fish [1, 2]
  Overlap detected: Fish 1 ↔ Fish 2 [frame 715] IoU=0.02
  Frozen during overlap [frame 716]: Fish [1, 2]
  Overlap detected: Fish 1 ↔ Fish 2 [frame 716] IoU=0.02
  Frozen during overlap [frame 717]: Fish [1, 2]
  Overlap detected: Fish 1 ↔ Fish 2 [frame 717] IoU=0.02
  Frozen during overlap [frame 718]: Fish [1, 2]
  Overlap detected: Fish 1 ↔ Fish 2 [frame 718] IoU=0.02
  Frozen during overlap [frame 719]: Fish [1, 2]
  Overlap detected: Fish 1 ↔ Fish 2 [frame 719] IoU=0.02
  Frozen during overlap [frame 720]: Fish [1, 2]
  Overlap detected: Fish 1 ↔ Fish 2 [frame 720] IoU=0.02
  Frame 720/3600 | second 12
  Frozen during overlap [frame 721]: Fish [1, 2]
  Overlap detected: Fish 1 ↔ Fish 2 [frame 721] IoU=0.02
  Frozen during overlap [frame 722]: Fish [1, 2]
  Overlap detected: Fish 1 ↔ Fish 2 [frame 722] IoU=0.02
  Frozen during overlap [frame 723]: Fish [1, 2]
  Overlap detected: Fish 1 ↔ Fish 2 [frame 723] IoU=0.02
  Frozen during overlap [frame 724]: Fish [1, 2]
  Overlap detected: Fish 1 ↔ Fish 2 [frame 724] IoU=0.02
  Frozen during overlap [frame 725]: Fish [1, 2]
  Overlap detected: Fish 1 ↔ Fish 2 [frame 725] IoU=0.02
  Frozen during overlap [frame 726]: Fish [1, 2]
  Overlap detected: Fish 1 ↔ Fish 2 [frame 726] IoU=0.02
  Frozen during overlap [frame 727]: Fish [1, 2]
  Overlap detected: Fish 1 ↔ Fish 2 [frame 727] IoU=0.02
  Frozen during overlap [frame 728]: Fish [1, 2]
  Overlap detected: Fish 1 ↔ Fish 2 [frame 728] IoU=0.02
  Frozen during overlap [frame 729]: Fish [1, 2]
  Overlap detected: Fish 1 ↔ Fish 2 [frame 729] IoU=0.02
  Frozen during overlap [frame 730]: Fish [1, 2]
  Overlap detected: Fish 1 ↔ Fish 2 [frame 730] IoU=0.02
  Frozen during overlap [frame 731]: Fish [1, 2]
  Overlap detected: Fish 1 ↔ Fish 2 [frame 731] IoU=0.02
  Frozen during overlap [frame 732]: Fish [1, 2]
  Overlap detected: Fish 1 ↔ Fish 2 [frame 732] IoU=0.02
  Frozen during overlap [frame 733]: Fish [1, 2]
  Overlap detected: Fish 1 ↔ Fish 2 [frame 733] IoU=0.02
  Frozen during overlap [frame 734]: Fish [1, 2]
  Overlap detected: Fish 1 ↔ Fish 2 [frame 734] IoU=0.02
  Frozen during overlap [frame 735]: Fish [1, 2]
  Overlap detected: Fish 1 ↔ Fish 2 [frame 735] IoU=0.02
  Frozen during overlap [frame 736]: Fish [1, 2]
  Overlap detected: Fish 1 ↔ Fish 2 [frame 736] IoU=0.02
  Frozen during overlap [frame 737]: Fish [1, 2]
  Overlap detected: Fish 1 ↔ Fish 2 [frame 737] IoU=0.02
  Frozen during overlap [frame 738]: Fish [1, 2]
  Overlap detected: Fish 1 ↔ Fish 2 [frame 738] IoU=0.02
  Frozen during overlap [frame 739]: Fish [1, 2]
  Overlap detected: Fish 1 ↔ Fish 2 [frame 739] IoU=0.02
  Frozen during overlap [frame 740]: Fish [1, 2]
  Overlap detected: Fish 1 ↔ Fish 2 [frame 740] IoU=0.02
  Frozen during overlap [frame 741]: Fish [1, 2]
  Overlap detected: Fish 1 ↔ Fish 2 [frame 741] IoU=0.02
  Frozen during overlap [frame 742]: Fish [1, 2]
  Overlap detected: Fish 1 ↔ Fish 2 [frame 742] IoU=0.02
  Frozen during overlap [frame 743]: Fish [1, 2]
  Overlap detected: Fish 1 ↔ Fish 2 [frame 743] IoU=0.02
  Frozen during overlap [frame 744]: Fish [1, 2]
  Overlap detected: Fish 1 ↔ Fish 2 [frame 744] IoU=0.02
  Frozen during overlap [frame 745]: Fish [1, 2]
  Overlap detected: Fish 1 ↔ Fish 2 [frame 745] IoU=0.02
  Frozen during overlap [frame 746]: Fish [1, 2]
  Overlap detected: Fish 1 ↔ Fish 2 [frame 746] IoU=0.02
  Frozen during overlap [frame 747]: Fish [1, 2]
  Overlap detected: Fish 1 ↔ Fish 2 [frame 747] IoU=0.02
  Frozen during overlap [frame 748]: Fish [1, 2]
  Overlap detected: Fish 1 ↔ Fish 2 [frame 748] IoU=0.02
  Frozen during overlap [frame 749]: Fish [1, 2]
  Overlap detected: Fish 1 ↔ Fish 2 [frame 749] IoU=0.02
  Frozen during overlap [frame 750]: Fish [1, 2]
  Overlap detected: Fish 1 ↔ Fish 2 [frame 750] IoU=0.02
  Frame 750/3600 | second 12
  Frozen during overlap [frame 751]: Fish [1, 2]
  Overlap detected: Fish 1 ↔ Fish 2 [frame 751] IoU=0.02
  Frozen during overlap [frame 752]: Fish [1, 2]
  Fish 3 recovered after 54 missing frames
  Overlap detected: Fish 1 ↔ Fish 2 [frame 752] IoU=0.02
  Frozen during overlap [frame 753]: Fish [1, 2]
  Overlap detected: Fish 1 ↔ Fish 2 [frame 753] IoU=0.02
  Frozen during overlap [frame 754]: Fish [1, 2]
  Overlap detected: Fish 1 ↔ Fish 2 [frame 754] IoU=0.02
  Frozen during overlap [frame 755]: Fish [1, 2]
  Overlap detected: Fish 1 ↔ Fish 2 [frame 755] IoU=0.02
  Frozen during overlap [frame 756]: Fish [1, 2]
  Overlap detected: Fish 1 ↔ Fish 2 [frame 756] IoU=0.02
  Frozen during overlap [frame 757]: Fish [1, 2]
  Overlap detected: Fish 1 ↔ Fish 2 [frame 757] IoU=0.02
  Frozen during overlap [frame 758]: Fish [1, 2]
  Overlap detected: Fish 1 ↔ Fish 2 [frame 758] IoU=0.02
  Frozen during overlap [frame 759]: Fish [1, 2]
  Overlap detected: Fish 1 ↔ Fish 2 [frame 759] IoU=0.02
  Frozen during overlap [frame 760]: Fish [1, 2]
  Overlap detected: Fish 1 ↔ Fish 2 [frame 760] IoU=0.02
  Frozen during overlap [frame 761]: Fish [1, 2]
  Overlap detected: Fish 1 ↔ Fish 2 [frame 761] IoU=0.02
  Frozen during overlap [frame 762]: Fish [1, 2]
  Overlap detected: Fish 1 ↔ Fish 2 [frame 762] IoU=0.02
  Frozen during overlap [frame 763]: Fish [1, 2]
  Overlap detected: Fish 1 ↔ Fish 2 [frame 763] IoU=0.02
  Frozen during overlap [frame 764]: Fish [1, 2]
  Overlap detected: Fish 1 ↔ Fish 2 [frame 764] IoU=0.02
  Frozen during overlap [frame 765]: Fish [1, 2]
  Overlap detected: Fish 1 ↔ Fish 2 [frame 765] IoU=0.02
  Frozen during overlap [frame 766]: Fish [1, 2]
  Fish 3 recovered after 11 missing frames
  Overlap detected: Fish 1 ↔ Fish 2 [frame 766] IoU=0.02
  Frozen during overlap [frame 767]: Fish [1, 2]
  Overlap detected: Fish 1 ↔ Fish 2 [frame 767] IoU=0.02
  Frozen during overlap [frame 768]: Fish [1, 2]
  Overlap detected: Fish 1 ↔ Fish 2 [frame 768] IoU=0.02
  Frozen during overlap [frame 769]: Fish [1, 2]
  Overlap detected: Fish 1 ↔ Fish 2 [frame 769] IoU=0.02
  Frozen during overlap [frame 770]: Fish [1, 2]
  Overlap detected: Fish 1 ↔ Fish 2 [frame 770] IoU=0.02
  Frozen during overlap [frame 771]: Fish [1, 2]
  Overlap detected: Fish 1 ↔ Fish 2 [frame 771] IoU=0.02
  Frozen during overlap [frame 772]: Fish [1, 2]
  Overlap detected: Fish 1 ↔ Fish 2 [frame 772] IoU=0.02
  Frozen during overlap [frame 773]: Fish [1, 2]
  Overlap detected: Fish 1 ↔ Fish 2 [frame 773] IoU=0.02
  Frozen during overlap [frame 774]: Fish [1, 2]
  Overlap detected: Fish 1 ↔ Fish 2 [frame 774] IoU=0.02
  Frozen during overlap [frame 775]: Fish [1, 2]
  Overlap detected: Fish 1 ↔ Fish 2 [frame 775] IoU=0.02
  Frozen during overlap [frame 776]: Fish [1, 2]
  Overlap detected: Fish 1 ↔ Fish 2 [frame 776] IoU=0.02
  Frozen during overlap [frame 777]: Fish [1, 2]
  Overlap detected: Fish 1 ↔ Fish 2 [frame 777] IoU=0.02
  Frozen during overlap [frame 778]: Fish [1, 2]
  Overlap detected: Fish 1 ↔ Fish 2 [frame 778] IoU=0.02
  Frozen during overlap [frame 779]: Fish [1, 2]
  Overlap detected: Fish 1 ↔ Fish 2 [frame 779] IoU=0.02
  Frozen during overlap [frame 780]: Fish [1, 2]
  Overlap detected: Fish 1 ↔ Fish 2 [frame 780] IoU=0.02
  Frame 780/3600 | second 13
  Frozen during overlap [frame 781]: Fish [1, 2]
  Overlap detected: Fish 1 ↔ Fish 2 [frame 781] IoU=0.02
  Frozen during overlap [frame 782]: Fish [1, 2]
  Overlap detected: Fish 1 ↔ Fish 2 [frame 782] IoU=0.02
  Frozen during overlap [frame 783]: Fish [1, 2]
  Overlap detected: Fish 1 ↔ Fish 2 [frame 783] IoU=0.02
  Frozen during overlap [frame 784]: Fish [1, 2]
  Overlap detected: Fish 1 ↔ Fish 2 [frame 784] IoU=0.02
  Frozen during overlap [frame 785]: Fish [1, 2]
  Overlap detected: Fish 1 ↔ Fish 2 [frame 785] IoU=0.02
  Frozen during overlap [frame 786]: Fish [1, 2]
  Overlap detected: Fish 1 ↔ Fish 2 [frame 786] IoU=0.02
  Frozen during overlap [frame 787]: Fish [1, 2]
  Overlap detected: Fish 1 ↔ Fish 2 [frame 787] IoU=0.02
  Frozen during overlap [frame 788]: Fish [1, 2]
  Overlap detected: Fish 1 ↔ Fish 2 [frame 788] IoU=0.02
  Frozen during overlap [frame 789]: Fish [1, 2]
  Overlap detected: Fish 1 ↔ Fish 2 [frame 789] IoU=0.02
  Frozen during overlap [frame 790]: Fish [1, 2]
  Overlap detected: Fish 1 ↔ Fish 2 [frame 790] IoU=0.02
  Frozen during overlap [frame 791]: Fish [1, 2]
  Overlap detected: Fish 1 ↔ Fish 2 [frame 791] IoU=0.02
  Frozen during overlap [frame 792]: Fish [1, 2]
  Overlap detected: Fish 1 ↔ Fish 2 [frame 792] IoU=0.02
  Frozen during overlap [frame 793]: Fish [1, 2]
  Overlap detected: Fish 1 ↔ Fish 2 [frame 793] IoU=0.02
  Frozen during overlap [frame 794]: Fish [1, 2]
  Overlap detected: Fish 1 ↔ Fish 2 [frame 794] IoU=0.02
  Frozen during overlap [frame 795]: Fish [1, 2]
  Overlap detected: Fish 1 ↔ Fish 2 [frame 795] IoU=0.02
  Frozen during overlap [frame 796]: Fish [1, 2]
  Overlap detected: Fish 1 ↔ Fish 2 [frame 796] IoU=0.02
  Frozen during overlap [frame 797]: Fish [1, 2]
  Overlap detected: Fish 1 ↔ Fish 2 [frame 797] IoU=0.02
  Frozen during overlap [frame 798]: Fish [1, 2]
  Overlap detected: Fish 1 ↔ Fish 2 [frame 798] IoU=0.02
  Frozen during overlap [frame 799]: Fish [1, 2]
  Overlap detected: Fish 1 ↔ Fish 2 [frame 799] IoU=0.02
  Frozen during overlap [frame 800]: Fish [1, 2]
  Overlap detected: Fish 1 ↔ Fish 2 [frame 800] IoU=0.02
  Frozen during overlap [frame 801]: Fish [1, 2]
  Overlap detected: Fish 1 ↔ Fish 2 [frame 801] IoU=0.02
  Frozen during overlap [frame 802]: Fish [1, 2]
  Overlap detected: Fish 1 ↔ Fish 2 [frame 802] IoU=0.02
  Frozen during overlap [frame 803]: Fish [1, 2]
  Overlap detected: Fish 1 ↔ Fish 2 [frame 803] IoU=0.02
  Frozen during overlap [frame 804]: Fish [1, 2]
  Overlap detected: Fish 1 ↔ Fish 2 [frame 804] IoU=0.02
  Frozen during overlap [frame 805]: Fish [1, 2]
  Overlap detected: Fish 1 ↔ Fish 2 [frame 805] IoU=0.02
  Frozen during overlap [frame 806]: Fish [1, 2]
  Overlap detected: Fish 1 ↔ Fish 2 [frame 806] IoU=0.02
  Frozen during overlap [frame 807]: Fish [1, 2]
  Overlap detected: Fish 1 ↔ Fish 2 [frame 807] IoU=0.02
  Frozen during overlap [frame 808]: Fish [1, 2]
  Overlap detected: Fish 1 ↔ Fish 2 [frame 808] IoU=0.02
  Frozen during overlap [frame 809]: Fish [1, 2]
  Overlap detected: Fish 1 ↔ Fish 2 [frame 809] IoU=0.02
  Frozen during overlap [frame 810]: Fish [1, 2]
  Overlap detected: Fish 1 ↔ Fish 2 [frame 810] IoU=0.02
  Frame 810/3600 | second 13
  Frozen during overlap [frame 811]: Fish [1, 2]
  Overlap detected: Fish 1 ↔ Fish 2 [frame 811] IoU=0.02
  Frozen during overlap [frame 812]: Fish [1, 2]
  Overlap detected: Fish 1 ↔ Fish 2 [frame 812] IoU=0.02
  Frozen during overlap [frame 813]: Fish [1, 2]
  Overlap detected: Fish 1 ↔ Fish 2 [frame 813] IoU=0.02
  Frozen during overlap [frame 814]: Fish [1, 2]
  Overlap detected: Fish 1 ↔ Fish 2 [frame 814] IoU=0.02
  Frozen during overlap [frame 815]: Fish [1, 2]
  Overlap detected: Fish 1 ↔ Fish 2 [frame 815] IoU=0.02
  Frozen during overlap [frame 816]: Fish [1, 2]
  Overlap detected: Fish 1 ↔ Fish 2 [frame 816] IoU=0.02
  Frozen during overlap [frame 817]: Fish [1, 2]
  Overlap detected: Fish 1 ↔ Fish 2 [frame 817] IoU=0.02
  Frozen during overlap [frame 818]: Fish [1, 2]
  Overlap detected: Fish 1 ↔ Fish 2 [frame 818] IoU=0.02
  Frozen during overlap [frame 819]: Fish [1, 2]
  Overlap detected: Fish 1 ↔ Fish 2 [frame 819] IoU=0.02
  Frozen during overlap [frame 820]: Fish [1, 2]
  Overlap detected: Fish 1 ↔ Fish 2 [frame 820] IoU=0.02
  Frozen during overlap [frame 821]: Fish [1, 2]
  Overlap detected: Fish 1 ↔ Fish 2 [frame 821] IoU=0.02
  Frozen during overlap [frame 822]: Fish [1, 2]
  Overlap detected: Fish 1 ↔ Fish 2 [frame 822] IoU=0.02
  Frozen during overlap [frame 823]: Fish [1, 2]
  Overlap detected: Fish 1 ↔ Fish 2 [frame 823] IoU=0.02
  Frozen during overlap [frame 824]: Fish [1, 2]
  Overlap detected: Fish 1 ↔ Fish 2 [frame 824] IoU=0.02
  Frozen during overlap [frame 825]: Fish [1, 2]
  Overlap detected: Fish 1 ↔ Fish 2 [frame 825] IoU=0.02
  Frozen during overlap [frame 826]: Fish [1, 2]
  Overlap detected: Fish 1 ↔ Fish 2 [frame 826] IoU=0.02
  Frozen during overlap [frame 827]: Fish [1, 2]
  Overlap detected: Fish 1 ↔ Fish 2 [frame 827] IoU=0.02
  Frozen during overlap [frame 828]: Fish [1, 2]
  Overlap detected: Fish 1 ↔ Fish 2 [frame 828] IoU=0.02
  Frozen during overlap [frame 829]: Fish [1, 2]
  Overlap detected: Fish 1 ↔ Fish 2 [frame 829] IoU=0.02
  Frozen during overlap [frame 830]: Fish [1, 2]
  Overlap detected: Fish 1 ↔ Fish 2 [frame 830] IoU=0.02
  Frozen during overlap [frame 831]: Fish [1, 2]
  Overlap detected: Fish 1 ↔ Fish 2 [frame 831] IoU=0.02
  Frozen during overlap [frame 832]: Fish [1, 2]
  Overlap detected: Fish 1 ↔ Fish 2 [frame 832] IoU=0.02
  Frozen during overlap [frame 833]: Fish [1, 2]
  Overlap detected: Fish 1 ↔ Fish 2 [frame 833] IoU=0.02
  Frozen during overlap [frame 834]: Fish [1, 2]
  Overlap detected: Fish 1 ↔ Fish 2 [frame 834] IoU=0.02
  Frozen during overlap [frame 835]: Fish [1, 2]
  Overlap detected: Fish 1 ↔ Fish 2 [frame 835] IoU=0.02
  Frozen during overlap [frame 836]: Fish [1, 2]
  Overlap detected: Fish 1 ↔ Fish 2 [frame 836] IoU=0.02
  Frozen during overlap [frame 837]: Fish [1, 2]
  Overlap detected: Fish 1 ↔ Fish 2 [frame 837] IoU=0.02
  Frozen during overlap [frame 838]: Fish [1, 2]
  Overlap detected: Fish 1 ↔ Fish 2 [frame 838] IoU=0.02
  Frozen during overlap [frame 839]: Fish [1, 2]
  Overlap detected: Fish 1 ↔ Fish 2 [frame 839] IoU=0.02
  Frozen during overlap [frame 840]: Fish [1, 2]
  Overlap detected: Fish 1 ↔ Fish 2 [frame 840] IoU=0.02
  Frame 840/3600 | second 14
  Frozen during overlap [frame 841]: Fish [1, 2]
  Overlap detected: Fish 1 ↔ Fish 2 [frame 841] IoU=0.02
  Frozen during overlap [frame 842]: Fish [1, 2]
  Overlap detected: Fish 1 ↔ Fish 2 [frame 842] IoU=0.02
  Frozen during overlap [frame 843]: Fish [1, 2]
  Overlap detected: Fish 1 ↔ Fish 2 [frame 843] IoU=0.02
  Frozen during overlap [frame 844]: Fish [1, 2]
  Overlap detected: Fish 1 ↔ Fish 2 [frame 844] IoU=0.02
  Frozen during overlap [frame 845]: Fish [1, 2]
  Overlap detected: Fish 1 ↔ Fish 2 [frame 845] IoU=0.02
  Frozen during overlap [frame 846]: Fish [1, 2]
  Overlap detected: Fish 1 ↔ Fish 2 [frame 846] IoU=0.02
  Frozen during overlap [frame 847]: Fish [1, 2]
  Overlap detected: Fish 1 ↔ Fish 2 [frame 847] IoU=0.02
  Frozen during overlap [frame 848]: Fish [1, 2]
  Overlap detected: Fish 1 ↔ Fish 2 [frame 848] IoU=0.02
  Frozen during overlap [frame 849]: Fish [1, 2]
  Overlap detected: Fish 1 ↔ Fish 2 [frame 849] IoU=0.02
  Frozen during overlap [frame 850]: Fish [1, 2]
  Overlap detected: Fish 1 ↔ Fish 2 [frame 850] IoU=0.02
  Frozen during overlap [frame 851]: Fish [1, 2]
  Overlap detected: Fish 1 ↔ Fish 2 [frame 851] IoU=0.02
  Frozen during overlap [frame 852]: Fish [1, 2]
  Overlap detected: Fish 1 ↔ Fish 2 [frame 852] IoU=0.02
  Frozen during overlap [frame 853]: Fish [1, 2]
  Overlap detected: Fish 1 ↔ Fish 2 [frame 853] IoU=0.02
  Frozen during overlap [frame 854]: Fish [1, 2]
  Overlap detected: Fish 1 ↔ Fish 2 [frame 854] IoU=0.02
  Frozen during overlap [frame 855]: Fish [1, 2]
  Overlap detected: Fish 1 ↔ Fish 2 [frame 855] IoU=0.02
  Frozen during overlap [frame 856]: Fish [1, 2]
  Overlap detected: Fish 1 ↔ Fish 2 [frame 856] IoU=0.02
  Frozen during overlap [frame 857]: Fish [1, 2]
  Overlap detected: Fish 1 ↔ Fish 2 [frame 857] IoU=0.02
  Frozen during overlap [frame 858]: Fish [1, 2]
  Overlap detected: Fish 1 ↔ Fish 2 [frame 858] IoU=0.02
  Frozen during overlap [frame 859]: Fish [1, 2]
  Overlap detected: Fish 1 ↔ Fish 2 [frame 859] IoU=0.02
  Frozen during overlap [frame 860]: Fish [1, 2]
  Overlap detected: Fish 1 ↔ Fish 2 [frame 860] IoU=0.02
  Frozen during overlap [frame 861]: Fish [1, 2]
  Overlap detected: Fish 1 ↔ Fish 2 [frame 861] IoU=0.02
  Frozen during overlap [frame 862]: Fish [1, 2]
  Overlap detected: Fish 1 ↔ Fish 2 [frame 862] IoU=0.02
  Frozen during overlap [frame 863]: Fish [1, 2]
  Overlap detected: Fish 1 ↔ Fish 2 [frame 863] IoU=0.02
  Frozen during overlap [frame 864]: Fish [1, 2]
  Overlap detected: Fish 1 ↔ Fish 2 [frame 864] IoU=0.02
  Frozen during overlap [frame 865]: Fish [1, 2]
  Overlap detected: Fish 1 ↔ Fish 2 [frame 865] IoU=0.02
  Frozen during overlap [frame 866]: Fish [1, 2]
  Overlap detected: Fish 1 ↔ Fish 2 [frame 866] IoU=0.02
  Frozen during overlap [frame 867]: Fish [1, 2]
  Overlap detected: Fish 1 ↔ Fish 2 [frame 867] IoU=0.02
  Frozen during overlap [frame 868]: Fish [1, 2]
  Overlap detected: Fish 1 ↔ Fish 2 [frame 868] IoU=0.02
  Frozen during overlap [frame 869]: Fish [1, 2]
  Overlap detected: Fish 1 ↔ Fish 2 [frame 869] IoU=0.02
  Frozen during overlap [frame 870]: Fish [1, 2]
  Overlap detected: Fish 1 ↔ Fish 2 [frame 870] IoU=0.02
  Frame 870/3600 | second 14
  Frozen during overlap [frame 871]: Fish [1, 2]
  Overlap detected: Fish 1 ↔ Fish 2 [frame 871] IoU=0.02
  Frozen during overlap [frame 872]: Fish [1, 2]
  Overlap detected: Fish 1 ↔ Fish 2 [frame 872] IoU=0.02
  Frozen during overlap [frame 873]: Fish [1, 2]
  Overlap detected: Fish 1 ↔ Fish 2 [frame 873] IoU=0.02
  Frozen during overlap [frame 874]: Fish [1, 2]
  Overlap detected: Fish 1 ↔ Fish 2 [frame 874] IoU=0.02
  Frozen during overlap [frame 875]: Fish [1, 2]
  Overlap detected: Fish 1 ↔ Fish 2 [frame 875] IoU=0.02
  Frozen during overlap [frame 876]: Fish [1, 2]
  Overlap detected: Fish 1 ↔ Fish 2 [frame 876] IoU=0.02
  Frozen during overlap [frame 877]: Fish [1, 2]
  Overlap detected: Fish 1 ↔ Fish 2 [frame 877] IoU=0.02
  Frozen during overlap [frame 878]: Fish [1, 2]
  Overlap detected: Fish 1 ↔ Fish 2 [frame 878] IoU=0.02
  Frozen during overlap [frame 879]: Fish [1, 2]
  Overlap detected: Fish 1 ↔ Fish 2 [frame 879] IoU=0.02
  Frozen during overlap [frame 880]: Fish [1, 2]
  Overlap detected: Fish 1 ↔ Fish 2 [frame 880] IoU=0.02
  Frozen during overlap [frame 881]: Fish [1, 2]
  Overlap detected: Fish 1 ↔ Fish 2 [frame 881] IoU=0.02
  Frozen during overlap [frame 882]: Fish [1, 2]
  Overlap detected: Fish 1 ↔ Fish 2 [frame 882] IoU=0.02
  Frozen during overlap [frame 883]: Fish [1, 2]
  Overlap detected: Fish 1 ↔ Fish 2 [frame 883] IoU=0.02
  Frozen during overlap [frame 884]: Fish [1, 2]
  Overlap detected: Fish 1 ↔ Fish 2 [frame 884] IoU=0.02
  Frozen during overlap [frame 885]: Fish [1, 2]
  Overlap detected: Fish 1 ↔ Fish 2 [frame 885] IoU=0.02
  Frozen during overlap [frame 886]: Fish [1, 2]
  Overlap detected: Fish 1 ↔ Fish 2 [frame 886] IoU=0.02
  Frozen during overlap [frame 887]: Fish [1, 2]
  Overlap detected: Fish 1 ↔ Fish 2 [frame 887] IoU=0.02
  Frozen during overlap [frame 888]: Fish [1, 2]
  Overlap detected: Fish 1 ↔ Fish 2 [frame 888] IoU=0.02
  Frozen during overlap [frame 889]: Fish [1, 2]
  Overlap detected: Fish 1 ↔ Fish 2 [frame 889] IoU=0.02
  Frozen during overlap [frame 890]: Fish [1, 2]
  Overlap detected: Fish 1 ↔ Fish 2 [frame 890] IoU=0.02
  Frozen during overlap [frame 891]: Fish [1, 2]
  Overlap detected: Fish 1 ↔ Fish 2 [frame 891] IoU=0.02
  Frozen during overlap [frame 892]: Fish [1, 2]
  Overlap detected: Fish 1 ↔ Fish 2 [frame 892] IoU=0.02
  Frozen during overlap [frame 893]: Fish [1, 2]
  Overlap detected: Fish 1 ↔ Fish 2 [frame 893] IoU=0.02
  Frozen during overlap [frame 894]: Fish [1, 2]
  Overlap detected: Fish 1 ↔ Fish 2 [frame 894] IoU=0.02
  Frozen during overlap [frame 895]: Fish [1, 2]
  Overlap detected: Fish 1 ↔ Fish 2 [frame 895] IoU=0.02
  Frozen during overlap [frame 896]: Fish [1, 2]
  Overlap detected: Fish 1 ↔ Fish 2 [frame 896] IoU=0.02
  Frozen during overlap [frame 897]: Fish [1, 2]
  Overlap detected: Fish 1 ↔ Fish 2 [frame 897] IoU=0.02
  Frozen during overlap [frame 898]: Fish [1, 2]
  Overlap detected: Fish 1 ↔ Fish 2 [frame 898] IoU=0.02
  Frozen during overlap [frame 899]: Fish [1, 2]
  Overlap detected: Fish 1 ↔ Fish 2 [frame 899] IoU=0.02
  Frozen during overlap [frame 900]: Fish [1, 2]
  Fish 4 recovered after 1 missing frames
  Overlap detected: Fish 1 ↔ Fish 2 [frame 900] IoU=0.02
  Frame 900/3600 | second 15
  Frozen during overlap [frame 901]: Fish [1, 2]
  Overlap detected: Fish 1 ↔ Fish 2 [frame 901] IoU=0.02
  Frozen during overlap [frame 902]: Fish [1, 2]
  Overlap detected: Fish 1 ↔ Fish 2 [frame 902] IoU=0.02
  Frozen during overlap [frame 903]: Fish [1, 2]
  Overlap detected: Fish 1 ↔ Fish 2 [frame 903] IoU=0.02
  Frozen during overlap [frame 904]: Fish [1, 2]
  Overlap detected: Fish 1 ↔ Fish 2 [frame 904] IoU=0.02
  Frozen during overlap [frame 905]: Fish [1, 2]
  Overlap detected: Fish 1 ↔ Fish 2 [frame 905] IoU=0.02
  Frozen during overlap [frame 906]: Fish [1, 2]
  Overlap detected: Fish 1 ↔ Fish 2 [frame 906] IoU=0.02
  Frozen during overlap [frame 907]: Fish [1, 2]
  Overlap detected: Fish 1 ↔ Fish 2 [frame 907] IoU=0.02
  Frozen during overlap [frame 908]: Fish [1, 2]
  Overlap detected: Fish 1 ↔ Fish 2 [frame 908] IoU=0.02
  Frozen during overlap [frame 909]: Fish [1, 2]
  Overlap detected: Fish 1 ↔ Fish 2 [frame 909] IoU=0.02
  Frozen during overlap [frame 910]: Fish [1, 2]
  Overlap detected: Fish 1 ↔ Fish 2 [frame 910] IoU=0.02
  Frozen during overlap [frame 911]: Fish [1, 2]
  Overlap detected: Fish 1 ↔ Fish 2 [frame 911] IoU=0.02
  Frozen during overlap [frame 912]: Fish [1, 2]
  Overlap detected: Fish 1 ↔ Fish 2 [frame 912] IoU=0.02
  Frozen during overlap [frame 913]: Fish [1, 2]
  Overlap detected: Fish 1 ↔ Fish 2 [frame 913] IoU=0.02
  Frozen during overlap [frame 914]: Fish [1, 2]
  Overlap detected: Fish 1 ↔ Fish 2 [frame 914] IoU=0.02
  Frozen during overlap [frame 915]: Fish [1, 2]
  Overlap detected: Fish 1 ↔ Fish 2 [frame 915] IoU=0.02
  Frozen during overlap [frame 916]: Fish [1, 2]
  Overlap detected: Fish 1 ↔ Fish 2 [frame 916] IoU=0.02
  Frozen during overlap [frame 917]: Fish [1, 2]
  Overlap detected: Fish 1 ↔ Fish 2 [frame 917] IoU=0.02
  Frozen during overlap [frame 918]: Fish [1, 2]
  Overlap detected: Fish 1 ↔ Fish 2 [frame 918] IoU=0.02
  Frozen during overlap [frame 919]: Fish [1, 2]
  Overlap detected: Fish 1 ↔ Fish 2 [frame 919] IoU=0.02
  Frozen during overlap [frame 920]: Fish [1, 2]
  Overlap detected: Fish 1 ↔ Fish 2 [frame 920] IoU=0.02
  Frozen during overlap [frame 921]: Fish [1, 2]
  Overlap detected: Fish 1 ↔ Fish 2 [frame 921] IoU=0.02
  Frozen during overlap [frame 922]: Fish [1, 2]
  Overlap detected: Fish 1 ↔ Fish 2 [frame 922] IoU=0.02
  Frozen during overlap [frame 923]: Fish [1, 2]
  Overlap detected: Fish 1 ↔ Fish 2 [frame 923] IoU=0.02
  Frozen during overlap [frame 924]: Fish [1, 2]
  Overlap detected: Fish 1 ↔ Fish 2 [frame 924] IoU=0.02
  Frozen during overlap [frame 925]: Fish [1, 2]
  Overlap detected: Fish 1 ↔ Fish 2 [frame 925] IoU=0.02
  Frozen during overlap [frame 926]: Fish [1, 2]
  Overlap detected: Fish 1 ↔ Fish 2 [frame 926] IoU=0.02
  Frozen during overlap [frame 927]: Fish [1, 2]
  Overlap detected: Fish 1 ↔ Fish 2 [frame 927] IoU=0.02
  Frozen during overlap [frame 928]: Fish [1, 2]
  Overlap detected: Fish 1 ↔ Fish 2 [frame 928] IoU=0.02
  Frozen during overlap [frame 929]: Fish [1, 2]
  Overlap detected: Fish 1 ↔ Fish 2 [frame 929] IoU=0.02
  Frozen during overlap [frame 930]: Fish [1, 2]
  Overlap detected: Fish 1 ↔ Fish 2 [frame 930] IoU=0.02
  Frame 930/3600 | second 15
  Frozen during overlap [frame 931]: Fish [1, 2]
  Overlap detected: Fish 1 ↔ Fish 2 [frame 931] IoU=0.02
  Frozen during overlap [frame 932]: Fish [1, 2]
  Overlap detected: Fish 1 ↔ Fish 2 [frame 932] IoU=0.02
  Frozen during overlap [frame 933]: Fish [1, 2]
  Overlap detected: Fish 1 ↔ Fish 2 [frame 933] IoU=0.02
  Frozen during overlap [frame 934]: Fish [1, 2]
  Overlap detected: Fish 1 ↔ Fish 2 [frame 934] IoU=0.02
  Frozen during overlap [frame 935]: Fish [1, 2]
  Overlap detected: Fish 1 ↔ Fish 2 [frame 935] IoU=0.02
  Frozen during overlap [frame 936]: Fish [1, 2]
  Overlap detected: Fish 1 ↔ Fish 2 [frame 936] IoU=0.02
  Frozen during overlap [frame 937]: Fish [1, 2]
  Overlap detected: Fish 1 ↔ Fish 2 [frame 937] IoU=0.02
  Frozen during overlap [frame 938]: Fish [1, 2]
  Overlap detected: Fish 1 ↔ Fish 2 [frame 938] IoU=0.02
  Frozen during overlap [frame 939]: Fish [1, 2]
  Overlap detected: Fish 1 ↔ Fish 2 [frame 939] IoU=0.02
  Frozen during overlap [frame 940]: Fish [1, 2]
  Overlap detected: Fish 1 ↔ Fish 2 [frame 940] IoU=0.02
  Frozen during overlap [frame 941]: Fish [1, 2]
  Overlap detected: Fish 1 ↔ Fish 2 [frame 941] IoU=0.02
  Frozen during overlap [frame 942]: Fish [1, 2]
  Overlap detected: Fish 1 ↔ Fish 2 [frame 942] IoU=0.02
  Frozen during overlap [frame 943]: Fish [1, 2]
  Overlap detected: Fish 1 ↔ Fish 2 [frame 943] IoU=0.02
  Frozen during overlap [frame 944]: Fish [1, 2]
  Overlap detected: Fish 1 ↔ Fish 2 [frame 944] IoU=0.02
  Frozen during overlap [frame 945]: Fish [1, 2]
  Overlap detected: Fish 1 ↔ Fish 2 [frame 945] IoU=0.02
  Frozen during overlap [frame 946]: Fish [1, 2]
  Overlap detected: Fish 1 ↔ Fish 2 [frame 946] IoU=0.02
  Frozen during overlap [frame 947]: Fish [1, 2]
  Overlap detected: Fish 1 ↔ Fish 2 [frame 947] IoU=0.02
  Frozen during overlap [frame 948]: Fish [1, 2]
  Overlap detected: Fish 1 ↔ Fish 2 [frame 948] IoU=0.02
  Frozen during overlap [frame 949]: Fish [1, 2]
  Overlap detected: Fish 1 ↔ Fish 2 [frame 949] IoU=0.02
  Frozen during overlap [frame 950]: Fish [1, 2]
  Overlap detected: Fish 1 ↔ Fish 2 [frame 950] IoU=0.02
  Frozen during overlap [frame 951]: Fish [1, 2]
  Overlap detected: Fish 1 ↔ Fish 2 [frame 951] IoU=0.02
  Frozen during overlap [frame 952]: Fish [1, 2]
  Overlap detected: Fish 1 ↔ Fish 2 [frame 952] IoU=0.02
  Frozen during overlap [frame 953]: Fish [1, 2]
  Overlap detected: Fish 1 ↔ Fish 2 [frame 953] IoU=0.02
  Frozen during overlap [frame 954]: Fish [1, 2]
  Overlap detected: Fish 1 ↔ Fish 2 [frame 954] IoU=0.02
  Frozen during overlap [frame 955]: Fish [1, 2]
  Overlap detected: Fish 1 ↔ Fish 2 [frame 955] IoU=0.02
  Frozen during overlap [frame 956]: Fish [1, 2]
  Overlap detected: Fish 1 ↔ Fish 2 [frame 956] IoU=0.02
  Frozen during overlap [frame 957]: Fish [1, 2]
  Overlap detected: Fish 1 ↔ Fish 2 [frame 957] IoU=0.02
  Frozen during overlap [frame 958]: Fish [1, 2]
  Overlap detected: Fish 1 ↔ Fish 2 [frame 958] IoU=0.02
  Frozen during overlap [frame 959]: Fish [1, 2]
  Overlap detected: Fish 1 ↔ Fish 2 [frame 959] IoU=0.02
  Frozen during overlap [frame 960]: Fish [1, 2]
  Overlap detected: Fish 1 ↔ Fish 2 [frame 960] IoU=0.02
  Frame 960/3600 | second 16
  Frozen during overlap [frame 961]: Fish [1, 2]
  Overlap detected: Fish 1 ↔ Fish 2 [frame 961] IoU=0.02
  Frozen during overlap [frame 962]: Fish [1, 2]
  Overlap detected: Fish 1 ↔ Fish 2 [frame 962] IoU=0.02
  Frozen during overlap [frame 963]: Fish [1, 2]
  Overlap detected: Fish 1 ↔ Fish 2 [frame 963] IoU=0.02
  Frozen during overlap [frame 964]: Fish [1, 2]
  Overlap detected: Fish 1 ↔ Fish 2 [frame 964] IoU=0.02
  Frozen during overlap [frame 965]: Fish [1, 2]
  Overlap detected: Fish 1 ↔ Fish 2 [frame 965] IoU=0.02
  Frozen during overlap [frame 966]: Fish [1, 2]
  Overlap detected: Fish 1 ↔ Fish 2 [frame 966] IoU=0.02
  Frozen during overlap [frame 967]: Fish [1, 2]
  Overlap detected: Fish 1 ↔ Fish 2 [frame 967] IoU=0.02
  Frozen during overlap [frame 968]: Fish [1, 2]
  Overlap detected: Fish 1 ↔ Fish 2 [frame 968] IoU=0.02
  Frozen during overlap [frame 969]: Fish [1, 2]
  Overlap detected: Fish 1 ↔ Fish 2 [frame 969] IoU=0.02
  Frozen during overlap [frame 970]: Fish [1, 2]
  Overlap detected: Fish 1 ↔ Fish 2 [frame 970] IoU=0.02
  Frozen during overlap [frame 971]: Fish [1, 2]
  Overlap detected: Fish 1 ↔ Fish 2 [frame 971] IoU=0.02
  Frozen during overlap [frame 972]: Fish [1, 2]
  Overlap detected: Fish 1 ↔ Fish 2 [frame 972] IoU=0.02
  Frozen during overlap [frame 973]: Fish [1, 2]
  Overlap detected: Fish 1 ↔ Fish 2 [frame 973] IoU=0.02
  Frozen during overlap [frame 974]: Fish [1, 2]
  Overlap detected: Fish 1 ↔ Fish 2 [frame 974] IoU=0.02
  Frozen during overlap [frame 975]: Fish [1, 2]
  Overlap detected: Fish 1 ↔ Fish 2 [frame 975] IoU=0.02
  Frozen during overlap [frame 976]: Fish [1, 2]
  Overlap detected: Fish 1 ↔ Fish 2 [frame 976] IoU=0.02
  Frozen during overlap [frame 977]: Fish [1, 2]
  Overlap detected: Fish 1 ↔ Fish 2 [frame 977] IoU=0.02
  Frozen during overlap [frame 978]: Fish [1, 2]
  Overlap detected: Fish 1 ↔ Fish 2 [frame 978] IoU=0.02
  Frozen during overlap [frame 979]: Fish [1, 2]
  Overlap detected: Fish 1 ↔ Fish 2 [frame 979] IoU=0.02
  Frozen during overlap [frame 980]: Fish [1, 2]
  Overlap detected: Fish 1 ↔ Fish 2 [frame 980] IoU=0.02
  Frozen during overlap [frame 981]: Fish [1, 2]
  Overlap detected: Fish 1 ↔ Fish 2 [frame 981] IoU=0.02
  Frozen during overlap [frame 982]: Fish [1, 2]
  Overlap detected: Fish 1 ↔ Fish 2 [frame 982] IoU=0.02
  Frozen during overlap [frame 983]: Fish [1, 2]
  Overlap detected: Fish 1 ↔ Fish 2 [frame 983] IoU=0.02
  Frozen during overlap [frame 984]: Fish [1, 2]
  Overlap detected: Fish 1 ↔ Fish 2 [frame 984] IoU=0.02
  Frozen during overlap [frame 985]: Fish [1, 2]
  Overlap detected: Fish 1 ↔ Fish 2 [frame 985] IoU=0.02
  Frozen during overlap [frame 986]: Fish [1, 2]
  Overlap detected: Fish 1 ↔ Fish 2 [frame 986] IoU=0.02
  Frozen during overlap [frame 987]: Fish [1, 2]
  Overlap detected: Fish 1 ↔ Fish 2 [frame 987] IoU=0.02
  Frozen during overlap [frame 988]: Fish [1, 2]
  Overlap detected: Fish 1 ↔ Fish 2 [frame 988] IoU=0.02
  Frozen during overlap [frame 989]: Fish [1, 2]
  Overlap detected: Fish 1 ↔ Fish 2 [frame 989] IoU=0.02
  Frozen during overlap [frame 990]: Fish [1, 2]
  Overlap detected: Fish 1 ↔ Fish 2 [frame 990] IoU=0.02
  Frame 990/3600 | second 16
  Frozen during overlap [frame 991]: Fish [1, 2]
  Overlap detected: Fish 1 ↔ Fish 2 [frame 991] IoU=0.02
  Frozen during overlap [frame 992]: Fish [1, 2]
  Overlap detected: Fish 1 ↔ Fish 2 [frame 992] IoU=0.02
  Frozen during overlap [frame 993]: Fish [1, 2]
  Overlap detected: Fish 1 ↔ Fish 2 [frame 993] IoU=0.02
  Frozen during overlap [frame 994]: Fish [1, 2]
  Overlap detected: Fish 1 ↔ Fish 2 [frame 994] IoU=0.02
  Frozen during overlap [frame 995]: Fish [1, 2]
  Overlap detected: Fish 1 ↔ Fish 2 [frame 995] IoU=0.02
  Frozen during overlap [frame 996]: Fish [1, 2]
  Overlap detected: Fish 1 ↔ Fish 2 [frame 996] IoU=0.02
  Frozen during overlap [frame 997]: Fish [1, 2]
  Overlap detected: Fish 1 ↔ Fish 2 [frame 997] IoU=0.02
  Frozen during overlap [frame 998]: Fish [1, 2]
  Overlap detected: Fish 1 ↔ Fish 2 [frame 998] IoU=0.02
  Frozen during overlap [frame 999]: Fish [1, 2]
  Overlap detected: Fish 1 ↔ Fish 2 [frame 999] IoU=0.02
  Frozen during overlap [frame 1000]: Fish [1, 2]
  Overlap detected: Fish 1 ↔ Fish 2 [frame 1000] IoU=0.02
  Frozen during overlap [frame 1001]: Fish [1, 2]
  Overlap detected: Fish 1 ↔ Fish 2 [frame 1001] IoU=0.02
  Frozen during overlap [frame 1002]: Fish [1, 2]
  Overlap detected: Fish 1 ↔ Fish 2 [frame 1002] IoU=0.02
  Frozen during overlap [frame 1003]: Fish [1, 2]
  Overlap detected: Fish 1 ↔ Fish 2 [frame 1003] IoU=0.02
  Frozen during overlap [frame 1004]: Fish [1, 2]
  Overlap detected: Fish 1 ↔ Fish 2 [frame 1004] IoU=0.02
  Frozen during overlap [frame 1005]: Fish [1, 2]
  Overlap detected: Fish 1 ↔ Fish 2 [frame 1005] IoU=0.02
  Frozen during overlap [frame 1006]: Fish [1, 2]
  Overlap detected: Fish 1 ↔ Fish 2 [frame 1006] IoU=0.02
  Frozen during overlap [frame 1007]: Fish [1, 2]
  Overlap detected: Fish 1 ↔ Fish 2 [frame 1007] IoU=0.02
  Frozen during overlap [frame 1008]: Fish [1, 2]
  Overlap detected: Fish 1 ↔ Fish 2 [frame 1008] IoU=0.02
  Frozen during overlap [frame 1009]: Fish [1, 2]
  Overlap detected: Fish 1 ↔ Fish 2 [frame 1009] IoU=0.02
  Frozen during overlap [frame 1010]: Fish [1, 2]
  Overlap detected: Fish 1 ↔ Fish 2 [frame 1010] IoU=0.02
  Frozen during overlap [frame 1011]: Fish [1, 2]
  Overlap detected: Fish 1 ↔ Fish 2 [frame 1011] IoU=0.02
  Frozen during overlap [frame 1012]: Fish [1, 2]
  Overlap detected: Fish 1 ↔ Fish 2 [frame 1012] IoU=0.02
  Frozen during overlap [frame 1013]: Fish [1, 2]
  Overlap detected: Fish 1 ↔ Fish 2 [frame 1013] IoU=0.02
  Frozen during overlap [frame 1014]: Fish [1, 2]
  Overlap detected: Fish 1 ↔ Fish 2 [frame 1014] IoU=0.02
  Frozen during overlap [frame 1015]: Fish [1, 2]
  Overlap detected: Fish 1 ↔ Fish 2 [frame 1015] IoU=0.02
  Frozen during overlap [frame 1016]: Fish [1, 2]
  Overlap detected: Fish 1 ↔ Fish 2 [frame 1016] IoU=0.02
  Frozen during overlap [frame 1017]: Fish [1, 2]
  Overlap detected: Fish 1 ↔ Fish 2 [frame 1017] IoU=0.02
  Frozen during overlap [frame 1018]: Fish [1, 2]
  Overlap detected: Fish 1 ↔ Fish 2 [frame 1018] IoU=0.02
  Frozen during overlap [frame 1019]: Fish [1, 2]
  Overlap detected: Fish 1 ↔ Fish 2 [frame 1019] IoU=0.02
  Frozen during overlap [frame 1020]: Fish [1, 2]
  Overlap detected: Fish 1 ↔ Fish 2 [frame 1020] IoU=0.02
  Frame 1020/3600 | second 17
  Frozen during overlap [frame 1021]: Fish [1, 2]
  Overlap detected: Fish 1 ↔ Fish 2 [frame 1021] IoU=0.02
  Frozen during overlap [frame 1022]: Fish [1, 2]
  Overlap detected: Fish 1 ↔ Fish 2 [frame 1022] IoU=0.02
  Frozen during overlap [frame 1023]: Fish [1, 2]
  Overlap detected: Fish 1 ↔ Fish 2 [frame 1023] IoU=0.02
  Frozen during overlap [frame 1024]: Fish [1, 2]
  Overlap detected: Fish 1 ↔ Fish 2 [frame 1024] IoU=0.02
  Frozen during overlap [frame 1025]: Fish [1, 2]
  Overlap detected: Fish 1 ↔ Fish 2 [frame 1025] IoU=0.02
  Frozen during overlap [frame 1026]: Fish [1, 2]
  Overlap detected: Fish 1 ↔ Fish 2 [frame 1026] IoU=0.02
  Frozen during overlap [frame 1027]: Fish [1, 2]
  Overlap detected: Fish 1 ↔ Fish 2 [frame 1027] IoU=0.02
  Frozen during overlap [frame 1028]: Fish [1, 2]
  Overlap detected: Fish 1 ↔ Fish 2 [frame 1028] IoU=0.02
  Frozen during overlap [frame 1029]: Fish [1, 2]
  Overlap detected: Fish 1 ↔ Fish 2 [frame 1029] IoU=0.02
  Frozen during overlap [frame 1030]: Fish [1, 2]
  Overlap detected: Fish 1 ↔ Fish 2 [frame 1030] IoU=0.02
  Frozen during overlap [frame 1031]: Fish [1, 2]
  Overlap detected: Fish 1 ↔ Fish 2 [frame 1031] IoU=0.02
  Frozen during overlap [frame 1032]: Fish [1, 2]
  Overlap detected: Fish 1 ↔ Fish 2 [frame 1032] IoU=0.02
  Frozen during overlap [frame 1033]: Fish [1, 2]
  Overlap detected: Fish 1 ↔ Fish 2 [frame 1033] IoU=0.02
  Frozen during overlap [frame 1034]: Fish [1, 2]
  Overlap detected: Fish 1 ↔ Fish 2 [frame 1034] IoU=0.02
  Frozen during overlap [frame 1035]: Fish [1, 2]
  Overlap detected: Fish 1 ↔ Fish 2 [frame 1035] IoU=0.02
  Frozen during overlap [frame 1036]: Fish [1, 2]
  Overlap detected: Fish 1 ↔ Fish 2 [frame 1036] IoU=0.02
  Frozen during overlap [frame 1037]: Fish [1, 2]
  Overlap detected: Fish 1 ↔ Fish 2 [frame 1037] IoU=0.02
  Frozen during overlap [frame 1038]: Fish [1, 2]
  Overlap detected: Fish 1 ↔ Fish 2 [frame 1038] IoU=0.02
  Frozen during overlap [frame 1039]: Fish [1, 2]
  Overlap detected: Fish 1 ↔ Fish 2 [frame 1039] IoU=0.02
  Frozen during overlap [frame 1040]: Fish [1, 2]
  Overlap detected: Fish 1 ↔ Fish 2 [frame 1040] IoU=0.02
  Frozen during overlap [frame 1041]: Fish [1, 2]
  Overlap detected: Fish 1 ↔ Fish 2 [frame 1041] IoU=0.02
  Frozen during overlap [frame 1042]: Fish [1, 2]
  Overlap detected: Fish 1 ↔ Fish 2 [frame 1042] IoU=0.02
  Frozen during overlap [frame 1043]: Fish [1, 2]
  Overlap detected: Fish 1 ↔ Fish 2 [frame 1043] IoU=0.02
  Frozen during overlap [frame 1044]: Fish [1, 2]
  Overlap detected: Fish 1 ↔ Fish 2 [frame 1044] IoU=0.02
  Frozen during overlap [frame 1045]: Fish [1, 2]
  Overlap detected: Fish 1 ↔ Fish 2 [frame 1045] IoU=0.02
  Frozen during overlap [frame 1046]: Fish [1, 2]
  Overlap detected: Fish 1 ↔ Fish 2 [frame 1046] IoU=0.02
  Frozen during overlap [frame 1047]: Fish [1, 2]
  Overlap detected: Fish 1 ↔ Fish 2 [frame 1047] IoU=0.02
  Frozen during overlap [frame 1048]: Fish [1, 2]
  Overlap detected: Fish 1 ↔ Fish 2 [frame 1048] IoU=0.02
  Frozen during overlap [frame 1049]: Fish [1, 2]
  Overlap detected: Fish 1 ↔ Fish 2 [frame 1049] IoU=0.02
  Frozen during overlap [frame 1050]: Fish [1, 2]
  Overlap detected: Fish 1 ↔ Fish 2 [frame 1050] IoU=0.02
  Frame 1050/3600 | second 17
  Frozen during overlap [frame 1051]: Fish [1, 2]
  Overlap detected: Fish 1 ↔ Fish 2 [frame 1051] IoU=0.02
  Frozen during overlap [frame 1052]: Fish [1, 2]
  Overlap detected: Fish 1 ↔ Fish 2 [frame 1052] IoU=0.02
  Frozen during overlap [frame 1053]: Fish [1, 2]
  Overlap detected: Fish 1 ↔ Fish 2 [frame 1053] IoU=0.02
  Frozen during overlap [frame 1054]: Fish [1, 2]
  Overlap detected: Fish 1 ↔ Fish 2 [frame 1054] IoU=0.02
  Frozen during overlap [frame 1055]: Fish [1, 2]
  Overlap detected: Fish 1 ↔ Fish 2 [frame 1055] IoU=0.02
  Frozen during overlap [frame 1056]: Fish [1, 2]
  Overlap detected: Fish 1 ↔ Fish 2 [frame 1056] IoU=0.02
  Frozen during overlap [frame 1057]: Fish [1, 2]
  Overlap detected: Fish 1 ↔ Fish 2 [frame 1057] IoU=0.02
  Frozen during overlap [frame 1058]: Fish [1, 2]
  Overlap detected: Fish 1 ↔ Fish 2 [frame 1058] IoU=0.02
  Frozen during overlap [frame 1059]: Fish [1, 2]
  Overlap detected: Fish 1 ↔ Fish 2 [frame 1059] IoU=0.02
  Frozen during overlap [frame 1060]: Fish [1, 2]
  Overlap detected: Fish 1 ↔ Fish 2 [frame 1060] IoU=0.02
  Frozen during overlap [frame 1061]: Fish [1, 2]
  Overlap detected: Fish 1 ↔ Fish 2 [frame 1061] IoU=0.02
  Frozen during overlap [frame 1062]: Fish [1, 2]
  Overlap detected: Fish 1 ↔ Fish 2 [frame 1062] IoU=0.02
  Frozen during overlap [frame 1063]: Fish [1, 2]
  Overlap detected: Fish 1 ↔ Fish 2 [frame 1063] IoU=0.02
  Frozen during overlap [frame 1064]: Fish [1, 2]
  Overlap detected: Fish 1 ↔ Fish 2 [frame 1064] IoU=0.02
  Frozen during overlap [frame 1065]: Fish [1, 2]
  Overlap detected: Fish 1 ↔ Fish 2 [frame 1065] IoU=0.02
  Frozen during overlap [frame 1066]: Fish [1, 2]
  Overlap detected: Fish 1 ↔ Fish 2 [frame 1066] IoU=0.02
  Frozen during overlap [frame 1067]: Fish [1, 2]
  Overlap detected: Fish 1 ↔ Fish 2 [frame 1067] IoU=0.02
  Frozen during overlap [frame 1068]: Fish [1, 2]
  Overlap detected: Fish 1 ↔ Fish 2 [frame 1068] IoU=0.02
  Frozen during overlap [frame 1069]: Fish [1, 2]
  Overlap detected: Fish 1 ↔ Fish 2 [frame 1069] IoU=0.02
  Frozen during overlap [frame 1070]: Fish [1, 2]
  Overlap detected: Fish 1 ↔ Fish 2 [frame 1070] IoU=0.02
  Frozen during overlap [frame 1071]: Fish [1, 2]
  Overlap detected: Fish 1 ↔ Fish 2 [frame 1071] IoU=0.02
  Frozen during overlap [frame 1072]: Fish [1, 2]
  Overlap detected: Fish 1 ↔ Fish 2 [frame 1072] IoU=0.02
  Frozen during overlap [frame 1073]: Fish [1, 2]
  Overlap detected: Fish 1 ↔ Fish 2 [frame 1073] IoU=0.02
  Frozen during overlap [frame 1074]: Fish [1, 2]
  Overlap detected: Fish 1 ↔ Fish 2 [frame 1074] IoU=0.02
  Frozen during overlap [frame 1075]: Fish [1, 2]
  Overlap detected: Fish 1 ↔ Fish 2 [frame 1075] IoU=0.02
  Overlap detected: Fish 2 ↔ Fish 5 [frame 1075] IoU=0.01
  Frozen during overlap [frame 1076]: Fish [1, 2, 5]
  Overlap detected: Fish 1 ↔ Fish 2 [frame 1076] IoU=0.02
  Overlap detected: Fish 2 ↔ Fish 5 [frame 1076] IoU=0.01
  Frozen during overlap [frame 1077]: Fish [1, 2, 5]
  Overlap detected: Fish 1 ↔ Fish 2 [frame 1077] IoU=0.02
  Overlap detected: Fish 2 ↔ Fish 5 [frame 1077] IoU=0.01
  Frozen during overlap [frame 1078]: Fish [1, 2, 5]
  Overlap detected: Fish 1 ↔ Fish 2 [frame 1078] IoU=0.02
  Overlap detected: Fish 2 ↔ Fish 5 [frame 1078] IoU=0.01
  Frozen during overlap [frame 1079]: Fish [1, 2, 5]
  Overlap detected: Fish 1 ↔ Fish 2 [frame 1079] IoU=0.02
  Overlap detected: Fish 2 ↔ Fish 5 [frame 1079] IoU=0.01
  Frozen during overlap [frame 1080]: Fish [1, 2, 5]
  Overlap detected: Fish 1 ↔ Fish 2 [frame 1080] IoU=0.02
  Overlap detected: Fish 2 ↔ Fish 5 [frame 1080] IoU=0.01
  Frame 1080/3600 | second 18
  Frozen during overlap [frame 1081]: Fish [1, 2, 5]
  Overlap detected: Fish 1 ↔ Fish 2 [frame 1081] IoU=0.02
  Overlap detected: Fish 2 ↔ Fish 5 [frame 1081] IoU=0.01
  Frozen during overlap [frame 1082]: Fish [1, 2, 5]
  Overlap detected: Fish 1 ↔ Fish 2 [frame 1082] IoU=0.02
  Overlap detected: Fish 2 ↔ Fish 5 [frame 1082] IoU=0.01
  Frozen during overlap [frame 1083]: Fish [1, 2, 5]
  Overlap detected: Fish 1 ↔ Fish 2 [frame 1083] IoU=0.02
  Overlap detected: Fish 2 ↔ Fish 5 [frame 1083] IoU=0.01
  Frozen during overlap [frame 1084]: Fish [1, 2, 5]
  Overlap detected: Fish 1 ↔ Fish 2 [frame 1084] IoU=0.02
  Overlap detected: Fish 2 ↔ Fish 5 [frame 1084] IoU=0.01
  Frozen during overlap [frame 1085]: Fish [1, 2, 5]
  Overlap detected: Fish 1 ↔ Fish 2 [frame 1085] IoU=0.02
  Overlap detected: Fish 2 ↔ Fish 5 [frame 1085] IoU=0.01
  Frozen during overlap [frame 1086]: Fish [1, 2, 5]
  Overlap detected: Fish 1 ↔ Fish 2 [frame 1086] IoU=0.02
  Overlap detected: Fish 2 ↔ Fish 5 [frame 1086] IoU=0.01
  Frozen during overlap [frame 1087]: Fish [1, 2, 5]
  Overlap detected: Fish 1 ↔ Fish 2 [frame 1087] IoU=0.02
  Overlap detected: Fish 2 ↔ Fish 5 [frame 1087] IoU=0.01
  Frozen during overlap [frame 1088]: Fish [1, 2, 5]
  Overlap detected: Fish 1 ↔ Fish 2 [frame 1088] IoU=0.02
  Overlap detected: Fish 2 ↔ Fish 5 [frame 1088] IoU=0.01
  Frozen during overlap [frame 1089]: Fish [1, 2, 5]
  Overlap detected: Fish 1 ↔ Fish 2 [frame 1089] IoU=0.02
  Overlap detected: Fish 2 ↔ Fish 5 [frame 1089] IoU=0.01
  Frozen during overlap [frame 1090]: Fish [1, 2, 5]
  Overlap detected: Fish 1 ↔ Fish 2 [frame 1090] IoU=0.02
  Overlap detected: Fish 2 ↔ Fish 5 [frame 1090] IoU=0.01
  Frozen during overlap [frame 1091]: Fish [1, 2, 5]
  Overlap detected: Fish 1 ↔ Fish 2 [frame 1091] IoU=0.02
  Overlap detected: Fish 2 ↔ Fish 5 [frame 1091] IoU=0.01
  Frozen during overlap [frame 1092]: Fish [1, 2, 5]
  Overlap detected: Fish 1 ↔ Fish 2 [frame 1092] IoU=0.02
  Overlap detected: Fish 2 ↔ Fish 5 [frame 1092] IoU=0.01
  Frozen during overlap [frame 1093]: Fish [1, 2, 5]
  Overlap detected: Fish 1 ↔ Fish 2 [frame 1093] IoU=0.02
  Overlap detected: Fish 2 ↔ Fish 5 [frame 1093] IoU=0.01
  Frozen during overlap [frame 1094]: Fish [1, 2, 5]
  Overlap detected: Fish 1 ↔ Fish 2 [frame 1094] IoU=0.02
  Overlap detected: Fish 2 ↔ Fish 5 [frame 1094] IoU=0.01
  Frozen during overlap [frame 1095]: Fish [1, 2, 5]
  Overlap detected: Fish 1 ↔ Fish 2 [frame 1095] IoU=0.02
  Overlap detected: Fish 2 ↔ Fish 5 [frame 1095] IoU=0.01
  Frozen during overlap [frame 1096]: Fish [1, 2, 5]
  Overlap detected: Fish 1 ↔ Fish 2 [frame 1096] IoU=0.02
  Overlap detected: Fish 2 ↔ Fish 5 [frame 1096] IoU=0.01
  Frozen during overlap [frame 1097]: Fish [1, 2, 5]
  Overlap detected: Fish 1 ↔ Fish 2 [frame 1097] IoU=0.02
  Overlap detected: Fish 2 ↔ Fish 5 [frame 1097] IoU=0.01
  Frozen during overlap [frame 1098]: Fish [1, 2, 5]
  Overlap detected: Fish 1 ↔ Fish 2 [frame 1098] IoU=0.02
  Overlap detected: Fish 2 ↔ Fish 5 [frame 1098] IoU=0.01
  Frozen during overlap [frame 1099]: Fish [1, 2, 5]
  Overlap detected: Fish 1 ↔ Fish 2 [frame 1099] IoU=0.02
  Overlap detected: Fish 2 ↔ Fish 5 [frame 1099] IoU=0.01
  Frozen during overlap [frame 1100]: Fish [1, 2, 5]
  Overlap detected: Fish 1 ↔ Fish 2 [frame 1100] IoU=0.02
  Overlap detected: Fish 2 ↔ Fish 5 [frame 1100] IoU=0.01
  Frozen during overlap [frame 1101]: Fish [1, 2, 5]
  Overlap detected: Fish 1 ↔ Fish 2 [frame 1101] IoU=0.02
  Overlap detected: Fish 2 ↔ Fish 5 [frame 1101] IoU=0.01
  Frozen during overlap [frame 1102]: Fish [1, 2, 5]
  Overlap detected: Fish 1 ↔ Fish 2 [frame 1102] IoU=0.02
  Overlap detected: Fish 2 ↔ Fish 5 [frame 1102] IoU=0.01
  Frozen during overlap [frame 1103]: Fish [1, 2, 5]
  Overlap detected: Fish 1 ↔ Fish 2 [frame 1103] IoU=0.02
  Overlap detected: Fish 2 ↔ Fish 5 [frame 1103] IoU=0.01
  Frozen during overlap [frame 1104]: Fish [1, 2, 5]
  Overlap detected: Fish 1 ↔ Fish 2 [frame 1104] IoU=0.02
  Overlap detected: Fish 2 ↔ Fish 5 [frame 1104] IoU=0.01
  Frozen during overlap [frame 1105]: Fish [1, 2, 5]
  Overlap detected: Fish 1 ↔ Fish 2 [frame 1105] IoU=0.02
  Overlap detected: Fish 2 ↔ Fish 5 [frame 1105] IoU=0.01
  Frozen during overlap [frame 1106]: Fish [1, 2, 5]
  Overlap detected: Fish 1 ↔ Fish 2 [frame 1106] IoU=0.02
  Overlap detected: Fish 2 ↔ Fish 5 [frame 1106] IoU=0.01
  Frozen during overlap [frame 1107]: Fish [1, 2, 5]
  Overlap detected: Fish 1 ↔ Fish 2 [frame 1107] IoU=0.02
  Overlap detected: Fish 2 ↔ Fish 5 [frame 1107] IoU=0.01
  Frozen during overlap [frame 1108]: Fish [1, 2, 5]
  Overlap detected: Fish 1 ↔ Fish 2 [frame 1108] IoU=0.02
  Overlap detected: Fish 2 ↔ Fish 5 [frame 1108] IoU=0.01
  Frozen during overlap [frame 1109]: Fish [1, 2, 5]
  Overlap detected: Fish 1 ↔ Fish 2 [frame 1109] IoU=0.02
  Overlap detected: Fish 2 ↔ Fish 5 [frame 1109] IoU=0.01
  Frozen during overlap [frame 1110]: Fish [1, 2, 5]
  Overlap detected: Fish 1 ↔ Fish 2 [frame 1110] IoU=0.02
  Overlap detected: Fish 2 ↔ Fish 5 [frame 1110] IoU=0.01
  Frame 1110/3600 | second 18
  Frozen during overlap [frame 1111]: Fish [1, 2, 5]
  Overlap detected: Fish 1 ↔ Fish 2 [frame 1111] IoU=0.02
  Overlap detected: Fish 2 ↔ Fish 5 [frame 1111] IoU=0.01
  Frozen during overlap [frame 1112]: Fish [1, 2, 5]
  Fish 4 recovered after 3 missing frames
  Overlap detected: Fish 1 ↔ Fish 2 [frame 1112] IoU=0.02
  Overlap detected: Fish 2 ↔ Fish 5 [frame 1112] IoU=0.01
  Frozen during overlap [frame 1113]: Fish [1, 2, 5]
  Overlap detected: Fish 1 ↔ Fish 2 [frame 1113] IoU=0.02
  Overlap detected: Fish 2 ↔ Fish 5 [frame 1113] IoU=0.01
  Frozen during overlap [frame 1114]: Fish [1, 2, 5]
  Overlap detected: Fish 1 ↔ Fish 2 [frame 1114] IoU=0.02
  Overlap detected: Fish 2 ↔ Fish 5 [frame 1114] IoU=0.01
  Frozen during overlap [frame 1115]: Fish [1, 2, 5]
  Overlap detected: Fish 1 ↔ Fish 2 [frame 1115] IoU=0.02
  Overlap detected: Fish 2 ↔ Fish 5 [frame 1115] IoU=0.01
  Frozen during overlap [frame 1116]: Fish [1, 2, 5]
  Overlap detected: Fish 1 ↔ Fish 2 [frame 1116] IoU=0.02
  Overlap detected: Fish 2 ↔ Fish 5 [frame 1116] IoU=0.01
  Frozen during overlap [frame 1117]: Fish [1, 2, 5]
  Overlap detected: Fish 1 ↔ Fish 2 [frame 1117] IoU=0.02
  Overlap detected: Fish 2 ↔ Fish 5 [frame 1117] IoU=0.01
  Frozen during overlap [frame 1118]: Fish [1, 2, 5]
  Overlap detected: Fish 1 ↔ Fish 2 [frame 1118] IoU=0.02
  Overlap detected: Fish 2 ↔ Fish 5 [frame 1118] IoU=0.01
  Frozen during overlap [frame 1119]: Fish [1, 2, 5]
  Overlap detected: Fish 1 ↔ Fish 2 [frame 1119] IoU=0.02
  Overlap detected: Fish 2 ↔ Fish 5 [frame 1119] IoU=0.01
  Frozen during overlap [frame 1120]: Fish [1, 2, 5]
  Overlap detected: Fish 1 ↔ Fish 2 [frame 1120] IoU=0.02
  Overlap detected: Fish 2 ↔ Fish 5 [frame 1120] IoU=0.01
  Frozen during overlap [frame 1121]: Fish [1, 2, 5]
  Overlap detected: Fish 1 ↔ Fish 2 [frame 1121] IoU=0.02
  Overlap detected: Fish 2 ↔ Fish 5 [frame 1121] IoU=0.01
  Frozen during overlap [frame 1122]: Fish [1, 2, 5]
  Overlap detected: Fish 1 ↔ Fish 2 [frame 1122] IoU=0.02
  Overlap detected: Fish 2 ↔ Fish 5 [frame 1122] IoU=0.01
  Frozen during overlap [frame 1123]: Fish [1, 2, 5]
  Overlap detected: Fish 1 ↔ Fish 2 [frame 1123] IoU=0.02
  Overlap detected: Fish 2 ↔ Fish 5 [frame 1123] IoU=0.01
  Frozen during overlap [frame 1124]: Fish [1, 2, 5]
  Overlap detected: Fish 1 ↔ Fish 2 [frame 1124] IoU=0.02
  Overlap detected: Fish 2 ↔ Fish 5 [frame 1124] IoU=0.01
  Frozen during overlap [frame 1125]: Fish [1, 2, 5]
  Overlap detected: Fish 1 ↔ Fish 2 [frame 1125] IoU=0.02
  Overlap detected: Fish 2 ↔ Fish 5 [frame 1125] IoU=0.01
  Frozen during overlap [frame 1126]: Fish [1, 2, 5]
  Overlap detected: Fish 1 ↔ Fish 2 [frame 1126] IoU=0.02
  Overlap detected: Fish 2 ↔ Fish 5 [frame 1126] IoU=0.01
  Frozen during overlap [frame 1127]: Fish [1, 2, 5]
  Overlap detected: Fish 1 ↔ Fish 2 [frame 1127] IoU=0.02
  Overlap detected: Fish 2 ↔ Fish 5 [frame 1127] IoU=0.01
  Frozen during overlap [frame 1128]: Fish [1, 2, 5]
  Overlap detected: Fish 1 ↔ Fish 2 [frame 1128] IoU=0.02
  Overlap detected: Fish 2 ↔ Fish 5 [frame 1128] IoU=0.01
  Frozen during overlap [frame 1129]: Fish [1, 2, 5]
  Overlap detected: Fish 1 ↔ Fish 2 [frame 1129] IoU=0.02
  Overlap detected: Fish 2 ↔ Fish 5 [frame 1129] IoU=0.01
  Frozen during overlap [frame 1130]: Fish [1, 2, 5]
  Overlap detected: Fish 1 ↔ Fish 2 [frame 1130] IoU=0.02
  Overlap detected: Fish 2 ↔ Fish 5 [frame 1130] IoU=0.01
  Frozen during overlap [frame 1131]: Fish [1, 2, 5]
  Overlap detected: Fish 1 ↔ Fish 2 [frame 1131] IoU=0.02
  Overlap detected: Fish 2 ↔ Fish 5 [frame 1131] IoU=0.01
  Frozen during overlap [frame 1132]: Fish [1, 2, 5]
  Overlap detected: Fish 1 ↔ Fish 2 [frame 1132] IoU=0.02
  Overlap detected: Fish 2 ↔ Fish 5 [frame 1132] IoU=0.01
  Frozen during overlap [frame 1133]: Fish [1, 2, 5]
  Overlap detected: Fish 1 ↔ Fish 2 [frame 1133] IoU=0.02
  Overlap detected: Fish 2 ↔ Fish 5 [frame 1133] IoU=0.01
  Frozen during overlap [frame 1134]: Fish [1, 2, 5]
  Overlap detected: Fish 1 ↔ Fish 2 [frame 1134] IoU=0.02
  Overlap detected: Fish 2 ↔ Fish 5 [frame 1134] IoU=0.01
  Frozen during overlap [frame 1135]: Fish [1, 2, 5]
  Overlap detected: Fish 1 ↔ Fish 2 [frame 1135] IoU=0.02
  Overlap detected: Fish 2 ↔ Fish 5 [frame 1135] IoU=0.01
  Frozen during overlap [frame 1136]: Fish [1, 2, 5]
  Overlap detected: Fish 1 ↔ Fish 2 [frame 1136] IoU=0.02
  Overlap detected: Fish 2 ↔ Fish 5 [frame 1136] IoU=0.01
  Frozen during overlap [frame 1137]: Fish [1, 2, 5]
  Overlap detected: Fish 1 ↔ Fish 2 [frame 1137] IoU=0.02
  Overlap detected: Fish 2 ↔ Fish 5 [frame 1137] IoU=0.01
  Frozen during overlap [frame 1138]: Fish [1, 2, 5]
  Overlap detected: Fish 1 ↔ Fish 2 [frame 1138] IoU=0.02
  Overlap detected: Fish 2 ↔ Fish 5 [frame 1138] IoU=0.01
  Frozen during overlap [frame 1139]: Fish [1, 2, 5]
  Overlap detected: Fish 1 ↔ Fish 2 [frame 1139] IoU=0.02
  Overlap detected: Fish 2 ↔ Fish 5 [frame 1139] IoU=0.01
  Frozen during overlap [frame 1140]: Fish [1, 2, 5]
  Overlap detected: Fish 1 ↔ Fish 2 [frame 1140] IoU=0.02
  Overlap detected: Fish 2 ↔ Fish 5 [frame 1140] IoU=0.01
  Frame 1140/3600 | second 19
  Frozen during overlap [frame 1141]: Fish [1, 2, 5]
  Overlap detected: Fish 1 ↔ Fish 2 [frame 1141] IoU=0.02
  Overlap detected: Fish 2 ↔ Fish 5 [frame 1141] IoU=0.01
  Frozen during overlap [frame 1142]: Fish [1, 2, 5]
  Overlap detected: Fish 1 ↔ Fish 2 [frame 1142] IoU=0.02
  Overlap detected: Fish 2 ↔ Fish 5 [frame 1142] IoU=0.01
  Frozen during overlap [frame 1143]: Fish [1, 2, 5]
  Overlap detected: Fish 1 ↔ Fish 2 [frame 1143] IoU=0.02
  Overlap detected: Fish 2 ↔ Fish 5 [frame 1143] IoU=0.01
  Frozen during overlap [frame 1144]: Fish [1, 2, 5]
  Overlap detected: Fish 1 ↔ Fish 2 [frame 1144] IoU=0.02
  Overlap detected: Fish 2 ↔ Fish 5 [frame 1144] IoU=0.01
  Frozen during overlap [frame 1145]: Fish [1, 2, 5]
  Overlap detected: Fish 1 ↔ Fish 2 [frame 1145] IoU=0.02
  Overlap detected: Fish 2 ↔ Fish 5 [frame 1145] IoU=0.01
  Frozen during overlap [frame 1146]: Fish [1, 2, 5]
  Overlap detected: Fish 1 ↔ Fish 2 [frame 1146] IoU=0.02
  Overlap detected: Fish 2 ↔ Fish 5 [frame 1146] IoU=0.01
  Frozen during overlap [frame 1147]: Fish [1, 2, 5]
  Overlap detected: Fish 1 ↔ Fish 2 [frame 1147] IoU=0.02
  Overlap detected: Fish 2 ↔ Fish 5 [frame 1147] IoU=0.01
  Frozen during overlap [frame 1148]: Fish [1, 2, 5]
  Overlap detected: Fish 1 ↔ Fish 2 [frame 1148] IoU=0.02
  Overlap detected: Fish 2 ↔ Fish 5 [frame 1148] IoU=0.01
  Frozen during overlap [frame 1149]: Fish [1, 2, 5]
  Overlap detected: Fish 1 ↔ Fish 2 [frame 1149] IoU=0.02
  Overlap detected: Fish 2 ↔ Fish 5 [frame 1149] IoU=0.01
  Frozen during overlap [frame 1150]: Fish [1, 2, 5]
  Overlap detected: Fish 1 ↔ Fish 2 [frame 1150] IoU=0.02
  Overlap detected: Fish 2 ↔ Fish 5 [frame 1150] IoU=0.01
  Frozen during overlap [frame 1151]: Fish [1, 2, 5]
  Overlap detected: Fish 1 ↔ Fish 2 [frame 1151] IoU=0.02
  Overlap detected: Fish 2 ↔ Fish 5 [frame 1151] IoU=0.01
  Frozen during overlap [frame 1152]: Fish [1, 2, 5]
  Overlap detected: Fish 1 ↔ Fish 2 [frame 1152] IoU=0.02
  Overlap detected: Fish 2 ↔ Fish 5 [frame 1152] IoU=0.01
  Frozen during overlap [frame 1153]: Fish [1, 2, 5]
  Overlap detected: Fish 1 ↔ Fish 2 [frame 1153] IoU=0.02
  Overlap detected: Fish 2 ↔ Fish 5 [frame 1153] IoU=0.01
  Frozen during overlap [frame 1154]: Fish [1, 2, 5]
  Overlap detected: Fish 1 ↔ Fish 2 [frame 1154] IoU=0.02
  Overlap detected: Fish 2 ↔ Fish 5 [frame 1154] IoU=0.01
  Frozen during overlap [frame 1155]: Fish [1, 2, 5]
  Overlap detected: Fish 1 ↔ Fish 2 [frame 1155] IoU=0.02
  Overlap detected: Fish 2 ↔ Fish 5 [frame 1155] IoU=0.01
  Frozen during overlap [frame 1156]: Fish [1, 2, 5]
  Overlap detected: Fish 1 ↔ Fish 2 [frame 1156] IoU=0.02
  Overlap detected: Fish 2 ↔ Fish 5 [frame 1156] IoU=0.01
  Frozen during overlap [frame 1157]: Fish [1, 2, 5]
  Overlap detected: Fish 1 ↔ Fish 2 [frame 1157] IoU=0.02
  Overlap detected: Fish 2 ↔ Fish 5 [frame 1157] IoU=0.01
  Frozen during overlap [frame 1158]: Fish [1, 2, 5]
  Overlap detected: Fish 1 ↔ Fish 2 [frame 1158] IoU=0.02
  Overlap detected: Fish 2 ↔ Fish 5 [frame 1158] IoU=0.01
  Frozen during overlap [frame 1159]: Fish [1, 2, 5]
  Overlap detected: Fish 1 ↔ Fish 2 [frame 1159] IoU=0.02
  Overlap detected: Fish 2 ↔ Fish 5 [frame 1159] IoU=0.01
  Frozen during overlap [frame 1160]: Fish [1, 2, 5]
  Overlap detected: Fish 1 ↔ Fish 2 [frame 1160] IoU=0.02
  Overlap detected: Fish 2 ↔ Fish 5 [frame 1160] IoU=0.01
  Frozen during overlap [frame 1161]: Fish [1, 2, 5]
  Overlap detected: Fish 1 ↔ Fish 2 [frame 1161] IoU=0.02
  Overlap detected: Fish 2 ↔ Fish 5 [frame 1161] IoU=0.01
  Frozen during overlap [frame 1162]: Fish [1, 2, 5]
  Overlap detected: Fish 1 ↔ Fish 2 [frame 1162] IoU=0.02
  Overlap detected: Fish 2 ↔ Fish 5 [frame 1162] IoU=0.01
  Frozen during overlap [frame 1163]: Fish [1, 2, 5]
  Overlap detected: Fish 1 ↔ Fish 2 [frame 1163] IoU=0.02
  Overlap detected: Fish 2 ↔ Fish 5 [frame 1163] IoU=0.01
  Overlap detected: Fish 3 ↔ Fish 4 [frame 1163] IoU=0.00
  Frozen during overlap [frame 1164]: Fish [1, 2, 3, 4, 5]
  Overlap detected: Fish 1 ↔ Fish 2 [frame 1164] IoU=0.02
  Overlap detected: Fish 2 ↔ Fish 5 [frame 1164] IoU=0.01
  Overlap detected: Fish 3 ↔ Fish 4 [frame 1164] IoU=0.00
  Frozen during overlap [frame 1165]: Fish [1, 2, 3, 4, 5]
  Overlap detected: Fish 1 ↔ Fish 2 [frame 1165] IoU=0.02
  Overlap detected: Fish 2 ↔ Fish 5 [frame 1165] IoU=0.01
  Overlap detected: Fish 3 ↔ Fish 4 [frame 1165] IoU=0.00
  Frozen during overlap [frame 1166]: Fish [1, 2, 3, 4, 5]
  Overlap detected: Fish 1 ↔ Fish 2 [frame 1166] IoU=0.02
  Overlap detected: Fish 2 ↔ Fish 5 [frame 1166] IoU=0.01
  Overlap detected: Fish 3 ↔ Fish 4 [frame 1166] IoU=0.00
  Frozen during overlap [frame 1167]: Fish [1, 2, 3, 4, 5]
  Overlap detected: Fish 1 ↔ Fish 2 [frame 1167] IoU=0.02
  Overlap detected: Fish 2 ↔ Fish 5 [frame 1167] IoU=0.01
  Overlap detected: Fish 3 ↔ Fish 4 [frame 1167] IoU=0.00
  Frozen during overlap [frame 1168]: Fish [1, 2, 3, 4, 5]
  Overlap detected: Fish 1 ↔ Fish 2 [frame 1168] IoU=0.02
  Overlap detected: Fish 2 ↔ Fish 5 [frame 1168] IoU=0.01
  Overlap detected: Fish 3 ↔ Fish 4 [frame 1168] IoU=0.00
  Frozen during overlap [frame 1169]: Fish [1, 2, 3, 4, 5]
  Overlap detected: Fish 1 ↔ Fish 2 [frame 1169] IoU=0.02
  Overlap detected: Fish 2 ↔ Fish 5 [frame 1169] IoU=0.01
  Overlap detected: Fish 3 ↔ Fish 4 [frame 1169] IoU=0.00
  Frozen during overlap [frame 1170]: Fish [1, 2, 3, 4, 5]
  Overlap detected: Fish 1 ↔ Fish 2 [frame 1170] IoU=0.02
  Overlap detected: Fish 2 ↔ Fish 5 [frame 1170] IoU=0.01
  Overlap detected: Fish 3 ↔ Fish 4 [frame 1170] IoU=0.00
  Frame 1170/3600 | second 19
  Frozen during overlap [frame 1171]: Fish [1, 2, 3, 4, 5]
  Overlap detected: Fish 1 ↔ Fish 2 [frame 1171] IoU=0.02
  Overlap detected: Fish 2 ↔ Fish 5 [frame 1171] IoU=0.01
  Overlap detected: Fish 3 ↔ Fish 4 [frame 1171] IoU=0.00
  Frozen during overlap [frame 1172]: Fish [1, 2, 3, 4, 5]
  Overlap detected: Fish 1 ↔ Fish 2 [frame 1172] IoU=0.02
  Overlap detected: Fish 2 ↔ Fish 5 [frame 1172] IoU=0.01
  Overlap detected: Fish 3 ↔ Fish 4 [frame 1172] IoU=0.00
  Crossing started: Fish 3 ↔ Fish 4 [frame 1172]
  Frozen during overlap [frame 1173]: Fish [1, 2, 3, 4, 5]
  Overlap detected: Fish 1 ↔ Fish 2 [frame 1173] IoU=0.02
  Overlap detected: Fish 2 ↔ Fish 5 [frame 1173] IoU=0.01
  Overlap detected: Fish 3 ↔ Fish 4 [frame 1173] IoU=0.00
  Frozen during overlap [frame 1174]: Fish [1, 2, 3, 4, 5]
  Overlap detected: Fish 1 ↔ Fish 2 [frame 1174] IoU=0.02
  Overlap detected: Fish 2 ↔ Fish 5 [frame 1174] IoU=0.01
  Overlap detected: Fish 3 ↔ Fish 4 [frame 1174] IoU=0.00
  Frozen during overlap [frame 1175]: Fish [1, 2, 3, 4, 5]
  Overlap detected: Fish 1 ↔ Fish 2 [frame 1175] IoU=0.02
  Overlap detected: Fish 2 ↔ Fish 5 [frame 1175] IoU=0.01
  Overlap detected: Fish 3 ↔ Fish 4 [frame 1175] IoU=0.00
  Frozen during overlap [frame 1176]: Fish [1, 2, 3, 4, 5]
  Overlap detected: Fish 1 ↔ Fish 2 [frame 1176] IoU=0.02
  Overlap detected: Fish 2 ↔ Fish 5 [frame 1176] IoU=0.01
  Overlap detected: Fish 3 ↔ Fish 4 [frame 1176] IoU=0.00
  Frozen during overlap [frame 1177]: Fish [1, 2, 3, 4, 5]
  Overlap detected: Fish 1 ↔ Fish 2 [frame 1177] IoU=0.02
  Overlap detected: Fish 2 ↔ Fish 5 [frame 1177] IoU=0.01
  Overlap detected: Fish 3 ↔ Fish 4 [frame 1177] IoU=0.00
  Frozen during overlap [frame 1178]: Fish [1, 2, 3, 4, 5]
  Overlap detected: Fish 1 ↔ Fish 2 [frame 1178] IoU=0.02
  Overlap detected: Fish 2 ↔ Fish 5 [frame 1178] IoU=0.01
  Overlap detected: Fish 3 ↔ Fish 4 [frame 1178] IoU=0.00
  Frozen during overlap [frame 1179]: Fish [1, 2, 3, 4, 5]
  Overlap detected: Fish 1 ↔ Fish 2 [frame 1179] IoU=0.02
  Overlap detected: Fish 2 ↔ Fish 5 [frame 1179] IoU=0.01
  Overlap detected: Fish 3 ↔ Fish 4 [frame 1179] IoU=0.00
  Frozen during overlap [frame 1180]: Fish [1, 2, 3, 4, 5]
  Overlap detected: Fish 1 ↔ Fish 2 [frame 1180] IoU=0.02
  Overlap detected: Fish 2 ↔ Fish 5 [frame 1180] IoU=0.01
  Overlap detected: Fish 3 ↔ Fish 4 [frame 1180] IoU=0.00
  Frozen during overlap [frame 1181]: Fish [1, 2, 3, 4, 5]
  Overlap detected: Fish 1 ↔ Fish 2 [frame 1181] IoU=0.02
  Overlap detected: Fish 2 ↔ Fish 5 [frame 1181] IoU=0.01
  Overlap detected: Fish 3 ↔ Fish 4 [frame 1181] IoU=0.00
  Frozen during overlap [frame 1182]: Fish [1, 2, 3, 4, 5]
  Overlap detected: Fish 1 ↔ Fish 2 [frame 1182] IoU=0.02
  Overlap detected: Fish 2 ↔ Fish 5 [frame 1182] IoU=0.01
  Overlap detected: Fish 3 ↔ Fish 4 [frame 1182] IoU=0.00
  Frozen during overlap [frame 1183]: Fish [1, 2, 3, 4, 5]
  Overlap detected: Fish 1 ↔ Fish 2 [frame 1183] IoU=0.02
  Overlap detected: Fish 2 ↔ Fish 5 [frame 1183] IoU=0.01
  Overlap detected: Fish 3 ↔ Fish 4 [frame 1183] IoU=0.00
  Frozen during overlap [frame 1184]: Fish [1, 2, 3, 4, 5]
  Overlap detected: Fish 1 ↔ Fish 2 [frame 1184] IoU=0.02
  Overlap detected: Fish 2 ↔ Fish 5 [frame 1184] IoU=0.01
  Overlap detected: Fish 3 ↔ Fish 4 [frame 1184] IoU=0.00
  Frozen during overlap [frame 1185]: Fish [1, 2, 3, 4, 5]
  Overlap detected: Fish 1 ↔ Fish 2 [frame 1185] IoU=0.02
  Overlap detected: Fish 2 ↔ Fish 5 [frame 1185] IoU=0.01
  Overlap detected: Fish 3 ↔ Fish 4 [frame 1185] IoU=0.00
  Frozen during overlap [frame 1186]: Fish [1, 2, 3, 4, 5]
  Overlap detected: Fish 1 ↔ Fish 2 [frame 1186] IoU=0.02
  Overlap detected: Fish 2 ↔ Fish 5 [frame 1186] IoU=0.01
  Overlap detected: Fish 3 ↔ Fish 4 [frame 1186] IoU=0.00
  Frozen during overlap [frame 1187]: Fish [1, 2, 3, 4, 5]
  Overlap detected: Fish 1 ↔ Fish 2 [frame 1187] IoU=0.02
  Overlap detected: Fish 2 ↔ Fish 5 [frame 1187] IoU=0.01
  Overlap detected: Fish 3 ↔ Fish 4 [frame 1187] IoU=0.00
  Frozen during overlap [frame 1188]: Fish [1, 2, 3, 4, 5]
  Overlap detected: Fish 1 ↔ Fish 2 [frame 1188] IoU=0.02
  Overlap detected: Fish 2 ↔ Fish 5 [frame 1188] IoU=0.01
  Overlap detected: Fish 3 ↔ Fish 4 [frame 1188] IoU=0.00
  Frozen during overlap [frame 1189]: Fish [1, 2, 3, 4, 5]
  Overlap detected: Fish 1 ↔ Fish 2 [frame 1189] IoU=0.02
  Overlap detected: Fish 2 ↔ Fish 5 [frame 1189] IoU=0.01
  Overlap detected: Fish 3 ↔ Fish 4 [frame 1189] IoU=0.00
  Frozen during overlap [frame 1190]: Fish [1, 2, 3, 4, 5]
  Overlap detected: Fish 1 ↔ Fish 2 [frame 1190] IoU=0.02
  Overlap detected: Fish 2 ↔ Fish 5 [frame 1190] IoU=0.01
  Overlap detected: Fish 3 ↔ Fish 4 [frame 1190] IoU=0.00
  Frozen during overlap [frame 1191]: Fish [1, 2, 3, 4, 5]
  Overlap detected: Fish 1 ↔ Fish 2 [frame 1191] IoU=0.02
  Overlap detected: Fish 2 ↔ Fish 5 [frame 1191] IoU=0.01
  Overlap detected: Fish 3 ↔ Fish 4 [frame 1191] IoU=0.00
  Frozen during overlap [frame 1192]: Fish [1, 2, 3, 4, 5]
  Overlap detected: Fish 1 ↔ Fish 2 [frame 1192] IoU=0.02
  Overlap detected: Fish 2 ↔ Fish 5 [frame 1192] IoU=0.01
  Overlap detected: Fish 3 ↔ Fish 4 [frame 1192] IoU=0.00
  Frozen during overlap [frame 1193]: Fish [1, 2, 3, 4, 5]
  Overlap detected: Fish 1 ↔ Fish 2 [frame 1193] IoU=0.02
  Overlap detected: Fish 2 ↔ Fish 5 [frame 1193] IoU=0.01
  Overlap detected: Fish 3 ↔ Fish 4 [frame 1193] IoU=0.00
  Frozen during overlap [frame 1194]: Fish [1, 2, 3, 4, 5]
  Overlap detected: Fish 1 ↔ Fish 2 [frame 1194] IoU=0.02
  Overlap detected: Fish 2 ↔ Fish 5 [frame 1194] IoU=0.01
  Overlap detected: Fish 3 ↔ Fish 4 [frame 1194] IoU=0.00
  Frozen during overlap [frame 1195]: Fish [1, 2, 3, 4, 5]
  Overlap detected: Fish 1 ↔ Fish 2 [frame 1195] IoU=0.02
  Overlap detected: Fish 2 ↔ Fish 5 [frame 1195] IoU=0.01
  Overlap detected: Fish 3 ↔ Fish 4 [frame 1195] IoU=0.00
  Frozen during overlap [frame 1196]: Fish [1, 2, 3, 4, 5]
  Overlap detected: Fish 1 ↔ Fish 2 [frame 1196] IoU=0.02
  Overlap detected: Fish 2 ↔ Fish 5 [frame 1196] IoU=0.01
  Overlap detected: Fish 3 ↔ Fish 4 [frame 1196] IoU=0.00
  Frozen during overlap [frame 1197]: Fish [1, 2, 3, 4, 5]
  Overlap detected: Fish 1 ↔ Fish 2 [frame 1197] IoU=0.02
  Overlap detected: Fish 2 ↔ Fish 5 [frame 1197] IoU=0.01
  Overlap detected: Fish 3 ↔ Fish 4 [frame 1197] IoU=0.00
  Frozen during overlap [frame 1198]: Fish [1, 2, 3, 4, 5]
  Overlap detected: Fish 1 ↔ Fish 2 [frame 1198] IoU=0.02
  Overlap detected: Fish 2 ↔ Fish 5 [frame 1198] IoU=0.01
  Overlap detected: Fish 3 ↔ Fish 4 [frame 1198] IoU=0.00
  Fish 3 ↔ Fish 4: crossing resolved, no swap needed
  Frozen during overlap [frame 1199]: Fish [1, 2, 3, 4, 5]
  Overlap detected: Fish 1 ↔ Fish 2 [frame 1199] IoU=0.02
  Overlap detected: Fish 2 ↔ Fish 5 [frame 1199] IoU=0.01
  Overlap detected: Fish 3 ↔ Fish 4 [frame 1199] IoU=0.00
  Frozen during overlap [frame 1200]: Fish [1, 2, 3, 4, 5]
  Overlap detected: Fish 1 ↔ Fish 2 [frame 1200] IoU=0.02
  Overlap detected: Fish 2 ↔ Fish 5 [frame 1200] IoU=0.01
  Overlap detected: Fish 3 ↔ Fish 4 [frame 1200] IoU=0.00
  Frame 1200/3600 | second 20
  Frozen during overlap [frame 1201]: Fish [1, 2, 3, 4, 5]
  Overlap detected: Fish 1 ↔ Fish 2 [frame 1201] IoU=0.02
  Overlap detected: Fish 2 ↔ Fish 5 [frame 1201] IoU=0.01
  Overlap detected: Fish 3 ↔ Fish 4 [frame 1201] IoU=0.00
  Frozen during overlap [frame 1202]: Fish [1, 2, 3, 4, 5]
  Overlap detected: Fish 1 ↔ Fish 2 [frame 1202] IoU=0.02
  Overlap detected: Fish 2 ↔ Fish 5 [frame 1202] IoU=0.01
  Overlap detected: Fish 3 ↔ Fish 4 [frame 1202] IoU=0.00
  Frozen during overlap [frame 1203]: Fish [1, 2, 3, 4, 5]
  Overlap detected: Fish 1 ↔ Fish 2 [frame 1203] IoU=0.02
  Overlap detected: Fish 2 ↔ Fish 5 [frame 1203] IoU=0.01
  Overlap detected: Fish 3 ↔ Fish 4 [frame 1203] IoU=0.00
  Frozen during overlap [frame 1204]: Fish [1, 2, 3, 4, 5]
  Overlap detected: Fish 1 ↔ Fish 2 [frame 1204] IoU=0.02
  Overlap detected: Fish 2 ↔ Fish 5 [frame 1204] IoU=0.01
  Overlap detected: Fish 3 ↔ Fish 4 [frame 1204] IoU=0.00
  Frozen during overlap [frame 1205]: Fish [1, 2, 3, 4, 5]
  Overlap detected: Fish 1 ↔ Fish 2 [frame 1205] IoU=0.02
  Overlap detected: Fish 2 ↔ Fish 5 [frame 1205] IoU=0.01
  Overlap detected: Fish 3 ↔ Fish 4 [frame 1205] IoU=0.00
  Frozen during overlap [frame 1206]: Fish [1, 2, 3, 4, 5]
  Overlap detected: Fish 1 ↔ Fish 2 [frame 1206] IoU=0.02
  Overlap detected: Fish 2 ↔ Fish 5 [frame 1206] IoU=0.01
  Overlap detected: Fish 3 ↔ Fish 4 [frame 1206] IoU=0.00
  Frozen during overlap [frame 1207]: Fish [1, 2, 3, 4, 5]
  Overlap detected: Fish 1 ↔ Fish 2 [frame 1207] IoU=0.02
  Overlap detected: Fish 2 ↔ Fish 5 [frame 1207] IoU=0.01
  Overlap detected: Fish 3 ↔ Fish 4 [frame 1207] IoU=0.00
  Frozen during overlap [frame 1208]: Fish [1, 2, 3, 4, 5]
  Overlap detected: Fish 1 ↔ Fish 2 [frame 1208] IoU=0.02
  Overlap detected: Fish 2 ↔ Fish 5 [frame 1208] IoU=0.01
  Overlap detected: Fish 3 ↔ Fish 4 [frame 1208] IoU=0.00
  Frozen during overlap [frame 1209]: Fish [1, 2, 3, 4, 5]
  Overlap detected: Fish 1 ↔ Fish 2 [frame 1209] IoU=0.02
  Overlap detected: Fish 2 ↔ Fish 5 [frame 1209] IoU=0.01
  Overlap detected: Fish 3 ↔ Fish 4 [frame 1209] IoU=0.00
  Frozen during overlap [frame 1210]: Fish [1, 2, 3, 4, 5]
  Overlap detected: Fish 1 ↔ Fish 2 [frame 1210] IoU=0.02
  Overlap detected: Fish 2 ↔ Fish 5 [frame 1210] IoU=0.01
  Overlap detected: Fish 3 ↔ Fish 4 [frame 1210] IoU=0.00
  Frozen during overlap [frame 1211]: Fish [1, 2, 3, 4, 5]
  Overlap detected: Fish 1 ↔ Fish 2 [frame 1211] IoU=0.02
  Overlap detected: Fish 2 ↔ Fish 5 [frame 1211] IoU=0.01
  Overlap detected: Fish 3 ↔ Fish 4 [frame 1211] IoU=0.00
  Frozen during overlap [frame 1212]: Fish [1, 2, 3, 4, 5]
  Overlap detected: Fish 1 ↔ Fish 2 [frame 1212] IoU=0.02
  Overlap detected: Fish 2 ↔ Fish 5 [frame 1212] IoU=0.01
  Overlap detected: Fish 3 ↔ Fish 4 [frame 1212] IoU=0.00
  Frozen during overlap [frame 1213]: Fish [1, 2, 3, 4, 5]
  Overlap detected: Fish 1 ↔ Fish 2 [frame 1213] IoU=0.02
  Overlap detected: Fish 2 ↔ Fish 5 [frame 1213] IoU=0.01
  Overlap detected: Fish 3 ↔ Fish 4 [frame 1213] IoU=0.00
  Frozen during overlap [frame 1214]: Fish [1, 2, 3, 4, 5]
  Overlap detected: Fish 1 ↔ Fish 2 [frame 1214] IoU=0.02
  Overlap detected: Fish 2 ↔ Fish 5 [frame 1214] IoU=0.01
  Overlap detected: Fish 3 ↔ Fish 4 [frame 1214] IoU=0.00
  Frozen during overlap [frame 1215]: Fish [1, 2, 3, 4, 5]
  Overlap detected: Fish 1 ↔ Fish 2 [frame 1215] IoU=0.02
  Overlap detected: Fish 2 ↔ Fish 5 [frame 1215] IoU=0.01
  Overlap detected: Fish 3 ↔ Fish 4 [frame 1215] IoU=0.00
  Frozen during overlap [frame 1216]: Fish [1, 2, 3, 4, 5]
  Overlap detected: Fish 1 ↔ Fish 2 [frame 1216] IoU=0.02
  Overlap detected: Fish 2 ↔ Fish 5 [frame 1216] IoU=0.01
  Overlap detected: Fish 3 ↔ Fish 4 [frame 1216] IoU=0.00
  Frozen during overlap [frame 1217]: Fish [1, 2, 3, 4, 5]
  Overlap detected: Fish 1 ↔ Fish 2 [frame 1217] IoU=0.02
  Overlap detected: Fish 2 ↔ Fish 5 [frame 1217] IoU=0.01
  Overlap detected: Fish 3 ↔ Fish 4 [frame 1217] IoU=0.00
  Frozen during overlap [frame 1218]: Fish [1, 2, 3, 4, 5]
  Overlap detected: Fish 1 ↔ Fish 2 [frame 1218] IoU=0.02
  Overlap detected: Fish 2 ↔ Fish 5 [frame 1218] IoU=0.01
  Overlap detected: Fish 3 ↔ Fish 4 [frame 1218] IoU=0.00
  Frozen during overlap [frame 1219]: Fish [1, 2, 3, 4, 5]
  Overlap detected: Fish 1 ↔ Fish 2 [frame 1219] IoU=0.02
  Overlap detected: Fish 2 ↔ Fish 5 [frame 1219] IoU=0.01
  Overlap detected: Fish 3 ↔ Fish 4 [frame 1219] IoU=0.00
  Frozen during overlap [frame 1220]: Fish [1, 2, 3, 4, 5]
  Overlap detected: Fish 1 ↔ Fish 2 [frame 1220] IoU=0.02
  Overlap detected: Fish 2 ↔ Fish 5 [frame 1220] IoU=0.01
  Overlap detected: Fish 3 ↔ Fish 4 [frame 1220] IoU=0.00
  Frozen during overlap [frame 1221]: Fish [1, 2, 3, 4, 5]
  Overlap detected: Fish 1 ↔ Fish 2 [frame 1221] IoU=0.02
  Overlap detected: Fish 2 ↔ Fish 5 [frame 1221] IoU=0.01
  Overlap detected: Fish 3 ↔ Fish 4 [frame 1221] IoU=0.00
  Frozen during overlap [frame 1222]: Fish [1, 2, 3, 4, 5]
  Overlap detected: Fish 1 ↔ Fish 2 [frame 1222] IoU=0.02
  Overlap detected: Fish 2 ↔ Fish 5 [frame 1222] IoU=0.01
  Overlap detected: Fish 3 ↔ Fish 4 [frame 1222] IoU=0.00
  Frozen during overlap [frame 1223]: Fish [1, 2, 3, 4, 5]
  Overlap detected: Fish 1 ↔ Fish 2 [frame 1223] IoU=0.02
  Overlap detected: Fish 2 ↔ Fish 5 [frame 1223] IoU=0.01
  Overlap detected: Fish 3 ↔ Fish 4 [frame 1223] IoU=0.00
  Frozen during overlap [frame 1224]: Fish [1, 2, 3, 4, 5]
  Overlap detected: Fish 1 ↔ Fish 2 [frame 1224] IoU=0.02
  Overlap detected: Fish 2 ↔ Fish 5 [frame 1224] IoU=0.01
  Overlap detected: Fish 3 ↔ Fish 4 [frame 1224] IoU=0.00
  Frozen during overlap [frame 1225]: Fish [1, 2, 3, 4, 5]
  Overlap detected: Fish 1 ↔ Fish 2 [frame 1225] IoU=0.02
  Overlap detected: Fish 2 ↔ Fish 5 [frame 1225] IoU=0.01
  Overlap detected: Fish 3 ↔ Fish 4 [frame 1225] IoU=0.00
  Frozen during overlap [frame 1226]: Fish [1, 2, 3, 4, 5]
  Overlap detected: Fish 1 ↔ Fish 2 [frame 1226] IoU=0.02
  Overlap detected: Fish 2 ↔ Fish 5 [frame 1226] IoU=0.01
  Overlap detected: Fish 3 ↔ Fish 4 [frame 1226] IoU=0.00
  Frozen during overlap [frame 1227]: Fish [1, 2, 3, 4, 5]
  Overlap detected: Fish 1 ↔ Fish 2 [frame 1227] IoU=0.02
  Overlap detected: Fish 2 ↔ Fish 5 [frame 1227] IoU=0.01
  Overlap detected: Fish 3 ↔ Fish 4 [frame 1227] IoU=0.00
  Frozen during overlap [frame 1228]: Fish [1, 2, 3, 4, 5]
  Overlap detected: Fish 1 ↔ Fish 2 [frame 1228] IoU=0.02
  Overlap detected: Fish 2 ↔ Fish 5 [frame 1228] IoU=0.01
  Overlap detected: Fish 3 ↔ Fish 4 [frame 1228] IoU=0.00
  Frozen during overlap [frame 1229]: Fish [1, 2, 3, 4, 5]
  Overlap detected: Fish 1 ↔ Fish 2 [frame 1229] IoU=0.02
  Overlap detected: Fish 2 ↔ Fish 5 [frame 1229] IoU=0.01
  Overlap detected: Fish 3 ↔ Fish 4 [frame 1229] IoU=0.00
  Frozen during overlap [frame 1230]: Fish [1, 2, 3, 4, 5]
  Overlap detected: Fish 1 ↔ Fish 2 [frame 1230] IoU=0.02
  Overlap detected: Fish 2 ↔ Fish 5 [frame 1230] IoU=0.01
  Overlap detected: Fish 3 ↔ Fish 4 [frame 1230] IoU=0.00
  Frame 1230/3600 | second 20
  Frozen during overlap [frame 1231]: Fish [1, 2, 3, 4, 5]
  Overlap detected: Fish 1 ↔ Fish 2 [frame 1231] IoU=0.02
  Overlap detected: Fish 2 ↔ Fish 5 [frame 1231] IoU=0.01
  Overlap detected: Fish 3 ↔ Fish 4 [frame 1231] IoU=0.00
  Frozen during overlap [frame 1232]: Fish [1, 2, 3, 4, 5]
  Overlap detected: Fish 1 ↔ Fish 2 [frame 1232] IoU=0.02
  Overlap detected: Fish 2 ↔ Fish 5 [frame 1232] IoU=0.01
  Overlap detected: Fish 3 ↔ Fish 4 [frame 1232] IoU=0.00
  Frozen during overlap [frame 1233]: Fish [1, 2, 3, 4, 5]
  Overlap detected: Fish 1 ↔ Fish 2 [frame 1233] IoU=0.02
  Overlap detected: Fish 2 ↔ Fish 5 [frame 1233] IoU=0.01
  Overlap detected: Fish 3 ↔ Fish 4 [frame 1233] IoU=0.00
  Frozen during overlap [frame 1234]: Fish [1, 2, 3, 4, 5]
  Overlap detected: Fish 1 ↔ Fish 2 [frame 1234] IoU=0.02
  Overlap detected: Fish 2 ↔ Fish 5 [frame 1234] IoU=0.01
  Overlap detected: Fish 3 ↔ Fish 4 [frame 1234] IoU=0.00
  Frozen during overlap [frame 1235]: Fish [1, 2, 3, 4, 5]
  Overlap detected: Fish 1 ↔ Fish 2 [frame 1235] IoU=0.02
  Overlap detected: Fish 2 ↔ Fish 5 [frame 1235] IoU=0.01
  Overlap detected: Fish 3 ↔ Fish 4 [frame 1235] IoU=0.00
  Frozen during overlap [frame 1236]: Fish [1, 2, 3, 4, 5]
  Overlap detected: Fish 1 ↔ Fish 2 [frame 1236] IoU=0.02
  Overlap detected: Fish 2 ↔ Fish 5 [frame 1236] IoU=0.01
  Overlap detected: Fish 3 ↔ Fish 4 [frame 1236] IoU=0.00
  Frozen during overlap [frame 1237]: Fish [1, 2, 3, 4, 5]
  Overlap detected: Fish 1 ↔ Fish 2 [frame 1237] IoU=0.02
  Overlap detected: Fish 2 ↔ Fish 5 [frame 1237] IoU=0.01
  Overlap detected: Fish 3 ↔ Fish 4 [frame 1237] IoU=0.00
  Frozen during overlap [frame 1238]: Fish [1, 2, 3, 4, 5]
  Overlap detected: Fish 1 ↔ Fish 2 [frame 1238] IoU=0.02
  Overlap detected: Fish 2 ↔ Fish 5 [frame 1238] IoU=0.01
  Overlap detected: Fish 3 ↔ Fish 4 [frame 1238] IoU=0.00
  Frozen during overlap [frame 1239]: Fish [1, 2, 3, 4, 5]
  Overlap detected: Fish 1 ↔ Fish 2 [frame 1239] IoU=0.02
  Overlap detected: Fish 2 ↔ Fish 5 [frame 1239] IoU=0.01
  Overlap detected: Fish 3 ↔ Fish 4 [frame 1239] IoU=0.00
  Frozen during overlap [frame 1240]: Fish [1, 2, 3, 4, 5]
  Overlap detected: Fish 1 ↔ Fish 2 [frame 1240] IoU=0.02
  Overlap detected: Fish 2 ↔ Fish 5 [frame 1240] IoU=0.01
  Overlap detected: Fish 3 ↔ Fish 4 [frame 1240] IoU=0.00
  Frozen during overlap [frame 1241]: Fish [1, 2, 3, 4, 5]
  Overlap detected: Fish 1 ↔ Fish 2 [frame 1241] IoU=0.02
  Overlap detected: Fish 2 ↔ Fish 5 [frame 1241] IoU=0.01
  Overlap detected: Fish 3 ↔ Fish 4 [frame 1241] IoU=0.00
  Frozen during overlap [frame 1242]: Fish [1, 2, 3, 4, 5]
  Overlap detected: Fish 1 ↔ Fish 2 [frame 1242] IoU=0.02
  Overlap detected: Fish 2 ↔ Fish 5 [frame 1242] IoU=0.01
  Overlap detected: Fish 3 ↔ Fish 4 [frame 1242] IoU=0.00
  Frozen during overlap [frame 1243]: Fish [1, 2, 3, 4, 5]
  Overlap detected: Fish 1 ↔ Fish 2 [frame 1243] IoU=0.02
  Overlap detected: Fish 2 ↔ Fish 5 [frame 1243] IoU=0.01
  Overlap detected: Fish 3 ↔ Fish 4 [frame 1243] IoU=0.00
  Frozen during overlap [frame 1244]: Fish [1, 2, 3, 4, 5]
  Overlap detected: Fish 1 ↔ Fish 2 [frame 1244] IoU=0.02
  Overlap detected: Fish 2 ↔ Fish 5 [frame 1244] IoU=0.01
  Overlap detected: Fish 3 ↔ Fish 4 [frame 1244] IoU=0.00
  Frozen during overlap [frame 1245]: Fish [1, 2, 3, 4, 5]
  Overlap detected: Fish 1 ↔ Fish 2 [frame 1245] IoU=0.02
  Overlap detected: Fish 2 ↔ Fish 5 [frame 1245] IoU=0.01
  Overlap detected: Fish 3 ↔ Fish 4 [frame 1245] IoU=0.00
  Frozen during overlap [frame 1246]: Fish [1, 2, 3, 4, 5]
  Overlap detected: Fish 1 ↔ Fish 2 [frame 1246] IoU=0.02
  Overlap detected: Fish 2 ↔ Fish 5 [frame 1246] IoU=0.01
  Overlap detected: Fish 3 ↔ Fish 4 [frame 1246] IoU=0.00
  Frozen during overlap [frame 1247]: Fish [1, 2, 3, 4, 5]
  Overlap detected: Fish 1 ↔ Fish 2 [frame 1247] IoU=0.02
  Overlap detected: Fish 2 ↔ Fish 5 [frame 1247] IoU=0.01
  Overlap detected: Fish 3 ↔ Fish 4 [frame 1247] IoU=0.00
  Frozen during overlap [frame 1248]: Fish [1, 2, 3, 4, 5]
  Overlap detected: Fish 1 ↔ Fish 2 [frame 1248] IoU=0.02
  Overlap detected: Fish 2 ↔ Fish 5 [frame 1248] IoU=0.01
  Overlap detected: Fish 3 ↔ Fish 4 [frame 1248] IoU=0.00
  Frozen during overlap [frame 1249]: Fish [1, 2, 3, 4, 5]
  Overlap detected: Fish 1 ↔ Fish 2 [frame 1249] IoU=0.02
  Overlap detected: Fish 2 ↔ Fish 5 [frame 1249] IoU=0.01
  Overlap detected: Fish 3 ↔ Fish 4 [frame 1249] IoU=0.00
  Frozen during overlap [frame 1250]: Fish [1, 2, 3, 4, 5]
  Overlap detected: Fish 1 ↔ Fish 2 [frame 1250] IoU=0.02
  Overlap detected: Fish 2 ↔ Fish 5 [frame 1250] IoU=0.01
  Overlap detected: Fish 3 ↔ Fish 4 [frame 1250] IoU=0.00
  Frozen during overlap [frame 1251]: Fish [1, 2, 3, 4, 5]
  Overlap detected: Fish 1 ↔ Fish 2 [frame 1251] IoU=0.02
  Overlap detected: Fish 2 ↔ Fish 5 [frame 1251] IoU=0.01
  Overlap detected: Fish 3 ↔ Fish 4 [frame 1251] IoU=0.00
  Frozen during overlap [frame 1252]: Fish [1, 2, 3, 4, 5]
  Overlap detected: Fish 1 ↔ Fish 2 [frame 1252] IoU=0.02
  Overlap detected: Fish 2 ↔ Fish 5 [frame 1252] IoU=0.01
  Overlap detected: Fish 3 ↔ Fish 4 [frame 1252] IoU=0.00
  Frozen during overlap [frame 1253]: Fish [1, 2, 3, 4, 5]
  Overlap detected: Fish 1 ↔ Fish 2 [frame 1253] IoU=0.02
  Overlap detected: Fish 2 ↔ Fish 5 [frame 1253] IoU=0.01
  Overlap detected: Fish 3 ↔ Fish 4 [frame 1253] IoU=0.00
  Frozen during overlap [frame 1254]: Fish [1, 2, 3, 4, 5]
  Overlap detected: Fish 1 ↔ Fish 2 [frame 1254] IoU=0.02
  Overlap detected: Fish 2 ↔ Fish 5 [frame 1254] IoU=0.01
  Overlap detected: Fish 3 ↔ Fish 4 [frame 1254] IoU=0.00
  Frozen during overlap [frame 1255]: Fish [1, 2, 3, 4, 5]
  Overlap detected: Fish 1 ↔ Fish 2 [frame 1255] IoU=0.02
  Overlap detected: Fish 2 ↔ Fish 5 [frame 1255] IoU=0.01
  Overlap detected: Fish 3 ↔ Fish 4 [frame 1255] IoU=0.00
  Frozen during overlap [frame 1256]: Fish [1, 2, 3, 4, 5]
  Overlap detected: Fish 1 ↔ Fish 2 [frame 1256] IoU=0.02
  Overlap detected: Fish 2 ↔ Fish 5 [frame 1256] IoU=0.01
  Overlap detected: Fish 3 ↔ Fish 4 [frame 1256] IoU=0.00
  Frozen during overlap [frame 1257]: Fish [1, 2, 3, 4, 5]
  Overlap detected: Fish 1 ↔ Fish 2 [frame 1257] IoU=0.02
  Overlap detected: Fish 2 ↔ Fish 5 [frame 1257] IoU=0.01
  Overlap detected: Fish 3 ↔ Fish 4 [frame 1257] IoU=0.00
  Frozen during overlap [frame 1258]: Fish [1, 2, 3, 4, 5]
  Overlap detected: Fish 1 ↔ Fish 2 [frame 1258] IoU=0.02
  Overlap detected: Fish 2 ↔ Fish 5 [frame 1258] IoU=0.01
  Overlap detected: Fish 3 ↔ Fish 4 [frame 1258] IoU=0.00
  Frozen during overlap [frame 1259]: Fish [1, 2, 3, 4, 5]
  Overlap detected: Fish 1 ↔ Fish 2 [frame 1259] IoU=0.02
  Overlap detected: Fish 2 ↔ Fish 5 [frame 1259] IoU=0.01
  Overlap detected: Fish 3 ↔ Fish 4 [frame 1259] IoU=0.00
  Frozen during overlap [frame 1260]: Fish [1, 2, 3, 4, 5]
  Overlap detected: Fish 1 ↔ Fish 2 [frame 1260] IoU=0.02
  Overlap detected: Fish 2 ↔ Fish 5 [frame 1260] IoU=0.01
  Overlap detected: Fish 3 ↔ Fish 4 [frame 1260] IoU=0.00
  Frame 1260/3600 | second 21
  Frozen during overlap [frame 1261]: Fish [1, 2, 3, 4, 5]
  Overlap detected: Fish 1 ↔ Fish 2 [frame 1261] IoU=0.02
  Overlap detected: Fish 2 ↔ Fish 5 [frame 1261] IoU=0.01
  Overlap detected: Fish 3 ↔ Fish 4 [frame 1261] IoU=0.00
  Frozen during overlap [frame 1262]: Fish [1, 2, 3, 4, 5]
  Overlap detected: Fish 1 ↔ Fish 2 [frame 1262] IoU=0.02
  Overlap detected: Fish 2 ↔ Fish 5 [frame 1262] IoU=0.01
  Overlap detected: Fish 3 ↔ Fish 4 [frame 1262] IoU=0.00
  Frozen during overlap [frame 1263]: Fish [1, 2, 3, 4, 5]
  Overlap detected: Fish 1 ↔ Fish 2 [frame 1263] IoU=0.02
  Overlap detected: Fish 2 ↔ Fish 5 [frame 1263] IoU=0.01
  Overlap detected: Fish 3 ↔ Fish 4 [frame 1263] IoU=0.00
  Frozen during overlap [frame 1264]: Fish [1, 2, 3, 4, 5]
  Overlap detected: Fish 1 ↔ Fish 2 [frame 1264] IoU=0.02
  Overlap detected: Fish 2 ↔ Fish 5 [frame 1264] IoU=0.01
  Overlap detected: Fish 3 ↔ Fish 4 [frame 1264] IoU=0.00
  Frozen during overlap [frame 1265]: Fish [1, 2, 3, 4, 5]
  Overlap detected: Fish 1 ↔ Fish 2 [frame 1265] IoU=0.02
  Overlap detected: Fish 2 ↔ Fish 5 [frame 1265] IoU=0.01
  Overlap detected: Fish 3 ↔ Fish 4 [frame 1265] IoU=0.00
  Frozen during overlap [frame 1266]: Fish [1, 2, 3, 4, 5]
  Overlap detected: Fish 1 ↔ Fish 2 [frame 1266] IoU=0.02
  Overlap detected: Fish 2 ↔ Fish 5 [frame 1266] IoU=0.01
  Overlap detected: Fish 3 ↔ Fish 4 [frame 1266] IoU=0.00
  Frozen during overlap [frame 1267]: Fish [1, 2, 3, 4, 5]
  Overlap detected: Fish 1 ↔ Fish 2 [frame 1267] IoU=0.02
  Overlap detected: Fish 2 ↔ Fish 5 [frame 1267] IoU=0.01
  Overlap detected: Fish 3 ↔ Fish 4 [frame 1267] IoU=0.00
  Frozen during overlap [frame 1268]: Fish [1, 2, 3, 4, 5]
  Overlap detected: Fish 1 ↔ Fish 2 [frame 1268] IoU=0.02
  Overlap detected: Fish 2 ↔ Fish 5 [frame 1268] IoU=0.01
  Overlap detected: Fish 3 ↔ Fish 4 [frame 1268] IoU=0.00
  Frozen during overlap [frame 1269]: Fish [1, 2, 3, 4, 5]
  Overlap detected: Fish 1 ↔ Fish 2 [frame 1269] IoU=0.02
  Overlap detected: Fish 2 ↔ Fish 5 [frame 1269] IoU=0.01
  Overlap detected: Fish 3 ↔ Fish 4 [frame 1269] IoU=0.00
  Frozen during overlap [frame 1270]: Fish [1, 2, 3, 4, 5]
  Overlap detected: Fish 1 ↔ Fish 2 [frame 1270] IoU=0.02
  Overlap detected: Fish 2 ↔ Fish 5 [frame 1270] IoU=0.01
  Overlap detected: Fish 3 ↔ Fish 4 [frame 1270] IoU=0.00
  Frozen during overlap [frame 1271]: Fish [1, 2, 3, 4, 5]
  Overlap detected: Fish 1 ↔ Fish 2 [frame 1271] IoU=0.02
  Overlap detected: Fish 2 ↔ Fish 5 [frame 1271] IoU=0.01
  Overlap detected: Fish 3 ↔ Fish 4 [frame 1271] IoU=0.00
  Frozen during overlap [frame 1272]: Fish [1, 2, 3, 4, 5]
  Overlap detected: Fish 1 ↔ Fish 2 [frame 1272] IoU=0.02
  Overlap detected: Fish 2 ↔ Fish 5 [frame 1272] IoU=0.01
  Overlap detected: Fish 3 ↔ Fish 4 [frame 1272] IoU=0.00
  Frozen during overlap [frame 1273]: Fish [1, 2, 3, 4, 5]
  Overlap detected: Fish 1 ↔ Fish 2 [frame 1273] IoU=0.02
  Overlap detected: Fish 2 ↔ Fish 5 [frame 1273] IoU=0.01
  Overlap detected: Fish 3 ↔ Fish 4 [frame 1273] IoU=0.00
  Frozen during overlap [frame 1274]: Fish [1, 2, 3, 4, 5]
  Overlap detected: Fish 1 ↔ Fish 2 [frame 1274] IoU=0.02
  Overlap detected: Fish 2 ↔ Fish 5 [frame 1274] IoU=0.01
  Overlap detected: Fish 3 ↔ Fish 4 [frame 1274] IoU=0.00
  Frozen during overlap [frame 1275]: Fish [1, 2, 3, 4, 5]
  Overlap detected: Fish 1 ↔ Fish 2 [frame 1275] IoU=0.02
  Overlap detected: Fish 2 ↔ Fish 5 [frame 1275] IoU=0.01
  Overlap detected: Fish 3 ↔ Fish 4 [frame 1275] IoU=0.00
  Frozen during overlap [frame 1276]: Fish [1, 2, 3, 4, 5]
  Overlap detected: Fish 1 ↔ Fish 2 [frame 1276] IoU=0.02
  Overlap detected: Fish 2 ↔ Fish 5 [frame 1276] IoU=0.01
  Overlap detected: Fish 3 ↔ Fish 4 [frame 1276] IoU=0.00
  Frozen during overlap [frame 1277]: Fish [1, 2, 3, 4, 5]
  Overlap detected: Fish 1 ↔ Fish 2 [frame 1277] IoU=0.02
  Overlap detected: Fish 2 ↔ Fish 5 [frame 1277] IoU=0.01
  Overlap detected: Fish 3 ↔ Fish 4 [frame 1277] IoU=0.00
  Frozen during overlap [frame 1278]: Fish [1, 2, 3, 4, 5]
  Overlap detected: Fish 1 ↔ Fish 2 [frame 1278] IoU=0.02
  Overlap detected: Fish 2 ↔ Fish 5 [frame 1278] IoU=0.01
  Overlap detected: Fish 3 ↔ Fish 4 [frame 1278] IoU=0.00
  Frozen during overlap [frame 1279]: Fish [1, 2, 3, 4, 5]
  Overlap detected: Fish 1 ↔ Fish 2 [frame 1279] IoU=0.02
  Overlap detected: Fish 2 ↔ Fish 5 [frame 1279] IoU=0.01
  Overlap detected: Fish 3 ↔ Fish 4 [frame 1279] IoU=0.00
  Frozen during overlap [frame 1280]: Fish [1, 2, 3, 4, 5]
  Overlap detected: Fish 1 ↔ Fish 2 [frame 1280] IoU=0.02
  Overlap detected: Fish 2 ↔ Fish 5 [frame 1280] IoU=0.01
  Overlap detected: Fish 3 ↔ Fish 4 [frame 1280] IoU=0.00
  Frozen during overlap [frame 1281]: Fish [1, 2, 3, 4, 5]
  Overlap detected: Fish 1 ↔ Fish 2 [frame 1281] IoU=0.02
  Overlap detected: Fish 2 ↔ Fish 5 [frame 1281] IoU=0.01
  Overlap detected: Fish 3 ↔ Fish 4 [frame 1281] IoU=0.00
  Frozen during overlap [frame 1282]: Fish [1, 2, 3, 4, 5]
  Overlap detected: Fish 1 ↔ Fish 2 [frame 1282] IoU=0.02
  Overlap detected: Fish 2 ↔ Fish 5 [frame 1282] IoU=0.01
  Overlap detected: Fish 3 ↔ Fish 4 [frame 1282] IoU=0.00
  Frozen during overlap [frame 1283]: Fish [1, 2, 3, 4, 5]
  Overlap detected: Fish 1 ↔ Fish 2 [frame 1283] IoU=0.02
  Overlap detected: Fish 2 ↔ Fish 5 [frame 1283] IoU=0.01
  Overlap detected: Fish 3 ↔ Fish 4 [frame 1283] IoU=0.00
  Frozen during overlap [frame 1284]: Fish [1, 2, 3, 4, 5]
  Overlap detected: Fish 1 ↔ Fish 2 [frame 1284] IoU=0.02
  Overlap detected: Fish 2 ↔ Fish 5 [frame 1284] IoU=0.01
  Overlap detected: Fish 3 ↔ Fish 4 [frame 1284] IoU=0.00
  Frozen during overlap [frame 1285]: Fish [1, 2, 3, 4, 5]
  Overlap detected: Fish 1 ↔ Fish 2 [frame 1285] IoU=0.02
  Overlap detected: Fish 2 ↔ Fish 5 [frame 1285] IoU=0.01
  Overlap detected: Fish 3 ↔ Fish 4 [frame 1285] IoU=0.00
  Frozen during overlap [frame 1286]: Fish [1, 2, 3, 4, 5]
  Overlap detected: Fish 1 ↔ Fish 2 [frame 1286] IoU=0.02
  Overlap detected: Fish 2 ↔ Fish 5 [frame 1286] IoU=0.01
  Overlap detected: Fish 3 ↔ Fish 4 [frame 1286] IoU=0.00
  Frozen during overlap [frame 1287]: Fish [1, 2, 3, 4, 5]
  Overlap detected: Fish 1 ↔ Fish 2 [frame 1287] IoU=0.02
  Overlap detected: Fish 2 ↔ Fish 5 [frame 1287] IoU=0.01
  Overlap detected: Fish 3 ↔ Fish 4 [frame 1287] IoU=0.00
  Frozen during overlap [frame 1288]: Fish [1, 2, 3, 4, 5]
  Overlap detected: Fish 1 ↔ Fish 2 [frame 1288] IoU=0.02
  Overlap detected: Fish 2 ↔ Fish 5 [frame 1288] IoU=0.01
  Overlap detected: Fish 3 ↔ Fish 4 [frame 1288] IoU=0.00
  Frozen during overlap [frame 1289]: Fish [1, 2, 3, 4, 5]
  Overlap detected: Fish 1 ↔ Fish 2 [frame 1289] IoU=0.02
  Overlap detected: Fish 2 ↔ Fish 5 [frame 1289] IoU=0.01
  Overlap detected: Fish 3 ↔ Fish 4 [frame 1289] IoU=0.00
  Frozen during overlap [frame 1290]: Fish [1, 2, 3, 4, 5]
  Overlap detected: Fish 1 ↔ Fish 2 [frame 1290] IoU=0.02
  Overlap detected: Fish 2 ↔ Fish 5 [frame 1290] IoU=0.01
  Overlap detected: Fish 3 ↔ Fish 4 [frame 1290] IoU=0.00
  Frame 1290/3600 | second 21
  Frozen during overlap [frame 1291]: Fish [1, 2, 3, 4, 5]
  Overlap detected: Fish 1 ↔ Fish 2 [frame 1291] IoU=0.02
  Overlap detected: Fish 2 ↔ Fish 5 [frame 1291] IoU=0.01
  Overlap detected: Fish 3 ↔ Fish 4 [frame 1291] IoU=0.00
  Frozen during overlap [frame 1292]: Fish [1, 2, 3, 4, 5]
  Overlap detected: Fish 1 ↔ Fish 2 [frame 1292] IoU=0.02
  Overlap detected: Fish 2 ↔ Fish 5 [frame 1292] IoU=0.01
  Overlap detected: Fish 3 ↔ Fish 4 [frame 1292] IoU=0.00
  Frozen during overlap [frame 1293]: Fish [1, 2, 3, 4, 5]
  Overlap detected: Fish 1 ↔ Fish 2 [frame 1293] IoU=0.02
  Overlap detected: Fish 2 ↔ Fish 5 [frame 1293] IoU=0.01
  Overlap detected: Fish 3 ↔ Fish 4 [frame 1293] IoU=0.00
  Frozen during overlap [frame 1294]: Fish [1, 2, 3, 4, 5]
  Overlap detected: Fish 1 ↔ Fish 2 [frame 1294] IoU=0.02
  Overlap detected: Fish 2 ↔ Fish 5 [frame 1294] IoU=0.01
  Overlap detected: Fish 3 ↔ Fish 4 [frame 1294] IoU=0.00
  Frozen during overlap [frame 1295]: Fish [1, 2, 3, 4, 5]
  Overlap detected: Fish 1 ↔ Fish 2 [frame 1295] IoU=0.02
  Overlap detected: Fish 2 ↔ Fish 5 [frame 1295] IoU=0.01
  Overlap detected: Fish 3 ↔ Fish 4 [frame 1295] IoU=0.00
  Frozen during overlap [frame 1296]: Fish [1, 2, 3, 4, 5]
  Overlap detected: Fish 1 ↔ Fish 2 [frame 1296] IoU=0.02
  Overlap detected: Fish 2 ↔ Fish 5 [frame 1296] IoU=0.01
  Overlap detected: Fish 3 ↔ Fish 4 [frame 1296] IoU=0.00
  Frozen during overlap [frame 1297]: Fish [1, 2, 3, 4, 5]
  Overlap detected: Fish 1 ↔ Fish 2 [frame 1297] IoU=0.02
  Overlap detected: Fish 2 ↔ Fish 5 [frame 1297] IoU=0.01
  Overlap detected: Fish 3 ↔ Fish 4 [frame 1297] IoU=0.00
  Frozen during overlap [frame 1298]: Fish [1, 2, 3, 4, 5]
  Overlap detected: Fish 1 ↔ Fish 2 [frame 1298] IoU=0.02
  Overlap detected: Fish 2 ↔ Fish 5 [frame 1298] IoU=0.01
  Overlap detected: Fish 3 ↔ Fish 4 [frame 1298] IoU=0.00
  Frozen during overlap [frame 1299]: Fish [1, 2, 3, 4, 5]
  Overlap detected: Fish 1 ↔ Fish 2 [frame 1299] IoU=0.02
  Overlap detected: Fish 2 ↔ Fish 5 [frame 1299] IoU=0.01
  Overlap detected: Fish 3 ↔ Fish 4 [frame 1299] IoU=0.00
  Frozen during overlap [frame 1300]: Fish [1, 2, 3, 4, 5]
  Overlap detected: Fish 1 ↔ Fish 2 [frame 1300] IoU=0.02
  Overlap detected: Fish 2 ↔ Fish 5 [frame 1300] IoU=0.01
  Overlap detected: Fish 3 ↔ Fish 4 [frame 1300] IoU=0.00
  Frozen during overlap [frame 1301]: Fish [1, 2, 3, 4, 5]
  Overlap detected: Fish 1 ↔ Fish 2 [frame 1301] IoU=0.02
  Overlap detected: Fish 2 ↔ Fish 5 [frame 1301] IoU=0.01
  Overlap detected: Fish 3 ↔ Fish 4 [frame 1301] IoU=0.00
  Frozen during overlap [frame 1302]: Fish [1, 2, 3, 4, 5]
  Overlap detected: Fish 1 ↔ Fish 2 [frame 1302] IoU=0.02
  Overlap detected: Fish 2 ↔ Fish 5 [frame 1302] IoU=0.01
  Overlap detected: Fish 3 ↔ Fish 4 [frame 1302] IoU=0.00
  Frozen during overlap [frame 1303]: Fish [1, 2, 3, 4, 5]
  Overlap detected: Fish 1 ↔ Fish 2 [frame 1303] IoU=0.02
  Overlap detected: Fish 2 ↔ Fish 5 [frame 1303] IoU=0.01
  Overlap detected: Fish 3 ↔ Fish 4 [frame 1303] IoU=0.00
  Frozen during overlap [frame 1304]: Fish [1, 2, 3, 4, 5]
  Overlap detected: Fish 1 ↔ Fish 2 [frame 1304] IoU=0.02
  Overlap detected: Fish 2 ↔ Fish 5 [frame 1304] IoU=0.01
  Overlap detected: Fish 3 ↔ Fish 4 [frame 1304] IoU=0.00
  Frozen during overlap [frame 1305]: Fish [1, 2, 3, 4, 5]
  Overlap detected: Fish 1 ↔ Fish 2 [frame 1305] IoU=0.02
  Overlap detected: Fish 2 ↔ Fish 5 [frame 1305] IoU=0.01
  Overlap detected: Fish 3 ↔ Fish 4 [frame 1305] IoU=0.00
  Frozen during overlap [frame 1306]: Fish [1, 2, 3, 4, 5]
  Overlap detected: Fish 1 ↔ Fish 2 [frame 1306] IoU=0.02
  Overlap detected: Fish 2 ↔ Fish 5 [frame 1306] IoU=0.01
  Overlap detected: Fish 3 ↔ Fish 4 [frame 1306] IoU=0.00
  Frozen during overlap [frame 1307]: Fish [1, 2, 3, 4, 5]
  Overlap detected: Fish 1 ↔ Fish 2 [frame 1307] IoU=0.02
  Overlap detected: Fish 2 ↔ Fish 5 [frame 1307] IoU=0.01
  Overlap detected: Fish 3 ↔ Fish 4 [frame 1307] IoU=0.00
  Frozen during overlap [frame 1308]: Fish [1, 2, 3, 4, 5]
  Overlap detected: Fish 1 ↔ Fish 2 [frame 1308] IoU=0.02
  Overlap detected: Fish 2 ↔ Fish 5 [frame 1308] IoU=0.01
  Overlap detected: Fish 3 ↔ Fish 4 [frame 1308] IoU=0.00
  Frozen during overlap [frame 1309]: Fish [1, 2, 3, 4, 5]
  Overlap detected: Fish 1 ↔ Fish 2 [frame 1309] IoU=0.02
  Overlap detected: Fish 2 ↔ Fish 5 [frame 1309] IoU=0.01
  Overlap detected: Fish 3 ↔ Fish 4 [frame 1309] IoU=0.00
  Frozen during overlap [frame 1310]: Fish [1, 2, 3, 4, 5]
  Overlap detected: Fish 1 ↔ Fish 2 [frame 1310] IoU=0.02
  Overlap detected: Fish 2 ↔ Fish 5 [frame 1310] IoU=0.01
  Overlap detected: Fish 3 ↔ Fish 4 [frame 1310] IoU=0.00
  Frozen during overlap [frame 1311]: Fish [1, 2, 3, 4, 5]
  Overlap detected: Fish 1 ↔ Fish 2 [frame 1311] IoU=0.02
  Overlap detected: Fish 2 ↔ Fish 5 [frame 1311] IoU=0.01
  Overlap detected: Fish 3 ↔ Fish 4 [frame 1311] IoU=0.00
  Frozen during overlap [frame 1312]: Fish [1, 2, 3, 4, 5]
  Overlap detected: Fish 1 ↔ Fish 2 [frame 1312] IoU=0.02
  Overlap detected: Fish 2 ↔ Fish 5 [frame 1312] IoU=0.01
  Overlap detected: Fish 3 ↔ Fish 4 [frame 1312] IoU=0.00
  Frozen during overlap [frame 1313]: Fish [1, 2, 3, 4, 5]
  Overlap detected: Fish 1 ↔ Fish 2 [frame 1313] IoU=0.02
  Overlap detected: Fish 2 ↔ Fish 5 [frame 1313] IoU=0.01
  Overlap detected: Fish 3 ↔ Fish 4 [frame 1313] IoU=0.00
  Frozen during overlap [frame 1314]: Fish [1, 2, 3, 4, 5]
  Overlap detected: Fish 1 ↔ Fish 2 [frame 1314] IoU=0.02
  Overlap detected: Fish 2 ↔ Fish 5 [frame 1314] IoU=0.01
  Overlap detected: Fish 3 ↔ Fish 4 [frame 1314] IoU=0.00
  Frozen during overlap [frame 1315]: Fish [1, 2, 3, 4, 5]
  Overlap detected: Fish 1 ↔ Fish 2 [frame 1315] IoU=0.02
  Overlap detected: Fish 2 ↔ Fish 5 [frame 1315] IoU=0.01
  Overlap detected: Fish 3 ↔ Fish 4 [frame 1315] IoU=0.00
  Frozen during overlap [frame 1316]: Fish [1, 2, 3, 4, 5]
  Overlap detected: Fish 1 ↔ Fish 2 [frame 1316] IoU=0.02
  Overlap detected: Fish 2 ↔ Fish 5 [frame 1316] IoU=0.01
  Overlap detected: Fish 3 ↔ Fish 4 [frame 1316] IoU=0.00
  Frozen during overlap [frame 1317]: Fish [1, 2, 3, 4, 5]
  Overlap detected: Fish 1 ↔ Fish 2 [frame 1317] IoU=0.02
  Overlap detected: Fish 2 ↔ Fish 5 [frame 1317] IoU=0.01
  Overlap detected: Fish 3 ↔ Fish 4 [frame 1317] IoU=0.00
  Frozen during overlap [frame 1318]: Fish [1, 2, 3, 4, 5]
  Overlap detected: Fish 1 ↔ Fish 2 [frame 1318] IoU=0.02
  Overlap detected: Fish 2 ↔ Fish 5 [frame 1318] IoU=0.01
  Overlap detected: Fish 3 ↔ Fish 4 [frame 1318] IoU=0.00
  Frozen during overlap [frame 1319]: Fish [1, 2, 3, 4, 5]
  Overlap detected: Fish 1 ↔ Fish 2 [frame 1319] IoU=0.02
  Overlap detected: Fish 2 ↔ Fish 5 [frame 1319] IoU=0.01
  Overlap detected: Fish 3 ↔ Fish 4 [frame 1319] IoU=0.00
  Frozen during overlap [frame 1320]: Fish [1, 2, 3, 4, 5]
  Overlap detected: Fish 1 ↔ Fish 2 [frame 1320] IoU=0.02
  Overlap detected: Fish 2 ↔ Fish 5 [frame 1320] IoU=0.01
  Overlap detected: Fish 3 ↔ Fish 4 [frame 1320] IoU=0.00
  Frame 1320/3600 | second 22
  Frozen during overlap [frame 1321]: Fish [1, 2, 3, 4, 5]
  Overlap detected: Fish 1 ↔ Fish 2 [frame 1321] IoU=0.02
  Overlap detected: Fish 2 ↔ Fish 5 [frame 1321] IoU=0.01
  Overlap detected: Fish 3 ↔ Fish 4 [frame 1321] IoU=0.00
  Frozen during overlap [frame 1322]: Fish [1, 2, 3, 4, 5]
  Overlap detected: Fish 1 ↔ Fish 2 [frame 1322] IoU=0.02
  Overlap detected: Fish 2 ↔ Fish 5 [frame 1322] IoU=0.01
  Overlap detected: Fish 3 ↔ Fish 4 [frame 1322] IoU=0.00
  Frozen during overlap [frame 1323]: Fish [1, 2, 3, 4, 5]
  Overlap detected: Fish 1 ↔ Fish 2 [frame 1323] IoU=0.02
  Overlap detected: Fish 2 ↔ Fish 5 [frame 1323] IoU=0.01
  Overlap detected: Fish 3 ↔ Fish 4 [frame 1323] IoU=0.00
  Frozen during overlap [frame 1324]: Fish [1, 2, 3, 4, 5]
  Overlap detected: Fish 1 ↔ Fish 2 [frame 1324] IoU=0.02
  Overlap detected: Fish 2 ↔ Fish 5 [frame 1324] IoU=0.01
  Overlap detected: Fish 3 ↔ Fish 4 [frame 1324] IoU=0.00
  Frozen during overlap [frame 1325]: Fish [1, 2, 3, 4, 5]
  Overlap detected: Fish 1 ↔ Fish 2 [frame 1325] IoU=0.02
  Overlap detected: Fish 2 ↔ Fish 5 [frame 1325] IoU=0.01
  Overlap detected: Fish 3 ↔ Fish 4 [frame 1325] IoU=0.00
  Frozen during overlap [frame 1326]: Fish [1, 2, 3, 4, 5]
  Overlap detected: Fish 1 ↔ Fish 2 [frame 1326] IoU=0.02
  Overlap detected: Fish 2 ↔ Fish 5 [frame 1326] IoU=0.01
  Overlap detected: Fish 3 ↔ Fish 4 [frame 1326] IoU=0.00
  Frozen during overlap [frame 1327]: Fish [1, 2, 3, 4, 5]
  Overlap detected: Fish 1 ↔ Fish 2 [frame 1327] IoU=0.02
  Overlap detected: Fish 2 ↔ Fish 5 [frame 1327] IoU=0.01
  Overlap detected: Fish 3 ↔ Fish 4 [frame 1327] IoU=0.00
  Frozen during overlap [frame 1328]: Fish [1, 2, 3, 4, 5]
  Overlap detected: Fish 1 ↔ Fish 2 [frame 1328] IoU=0.02
  Overlap detected: Fish 2 ↔ Fish 5 [frame 1328] IoU=0.01
  Overlap detected: Fish 3 ↔ Fish 4 [frame 1328] IoU=0.00
  Frozen during overlap [frame 1329]: Fish [1, 2, 3, 4, 5]
  Overlap detected: Fish 1 ↔ Fish 2 [frame 1329] IoU=0.02
  Overlap detected: Fish 2 ↔ Fish 5 [frame 1329] IoU=0.01
  Overlap detected: Fish 3 ↔ Fish 4 [frame 1329] IoU=0.00
  Frozen during overlap [frame 1330]: Fish [1, 2, 3, 4, 5]
  Overlap detected: Fish 1 ↔ Fish 2 [frame 1330] IoU=0.02
  Overlap detected: Fish 2 ↔ Fish 5 [frame 1330] IoU=0.01
  Overlap detected: Fish 3 ↔ Fish 4 [frame 1330] IoU=0.00
  Frozen during overlap [frame 1331]: Fish [1, 2, 3, 4, 5]
  Overlap detected: Fish 1 ↔ Fish 2 [frame 1331] IoU=0.02
  Overlap detected: Fish 2 ↔ Fish 5 [frame 1331] IoU=0.01
  Overlap detected: Fish 3 ↔ Fish 4 [frame 1331] IoU=0.00
  Frozen during overlap [frame 1332]: Fish [1, 2, 3, 4, 5]
  Overlap detected: Fish 1 ↔ Fish 2 [frame 1332] IoU=0.02
  Overlap detected: Fish 2 ↔ Fish 5 [frame 1332] IoU=0.01
  Overlap detected: Fish 3 ↔ Fish 4 [frame 1332] IoU=0.00
  Frozen during overlap [frame 1333]: Fish [1, 2, 3, 4, 5]
  Overlap detected: Fish 1 ↔ Fish 2 [frame 1333] IoU=0.02
  Overlap detected: Fish 2 ↔ Fish 5 [frame 1333] IoU=0.01
  Overlap detected: Fish 3 ↔ Fish 4 [frame 1333] IoU=0.00
  Frozen during overlap [frame 1334]: Fish [1, 2, 3, 4, 5]
  Overlap detected: Fish 1 ↔ Fish 2 [frame 1334] IoU=0.02
  Overlap detected: Fish 2 ↔ Fish 5 [frame 1334] IoU=0.01
  Overlap detected: Fish 3 ↔ Fish 4 [frame 1334] IoU=0.00
  Frozen during overlap [frame 1335]: Fish [1, 2, 3, 4, 5]
  Overlap detected: Fish 1 ↔ Fish 2 [frame 1335] IoU=0.02
  Overlap detected: Fish 2 ↔ Fish 5 [frame 1335] IoU=0.01
  Overlap detected: Fish 3 ↔ Fish 4 [frame 1335] IoU=0.00
  Frozen during overlap [frame 1336]: Fish [1, 2, 3, 4, 5]
  Overlap detected: Fish 1 ↔ Fish 2 [frame 1336] IoU=0.02
  Overlap detected: Fish 2 ↔ Fish 5 [frame 1336] IoU=0.01
  Overlap detected: Fish 3 ↔ Fish 4 [frame 1336] IoU=0.00
  Frozen during overlap [frame 1337]: Fish [1, 2, 3, 4, 5]
  Overlap detected: Fish 1 ↔ Fish 2 [frame 1337] IoU=0.02
  Overlap detected: Fish 2 ↔ Fish 5 [frame 1337] IoU=0.01
  Overlap detected: Fish 3 ↔ Fish 4 [frame 1337] IoU=0.00
  Frozen during overlap [frame 1338]: Fish [1, 2, 3, 4, 5]
  Overlap detected: Fish 1 ↔ Fish 2 [frame 1338] IoU=0.02
  Overlap detected: Fish 2 ↔ Fish 5 [frame 1338] IoU=0.01
  Overlap detected: Fish 3 ↔ Fish 4 [frame 1338] IoU=0.00
  Frozen during overlap [frame 1339]: Fish [1, 2, 3, 4, 5]
  Overlap detected: Fish 1 ↔ Fish 2 [frame 1339] IoU=0.02
  Overlap detected: Fish 2 ↔ Fish 5 [frame 1339] IoU=0.01
  Overlap detected: Fish 3 ↔ Fish 4 [frame 1339] IoU=0.00
  Frozen during overlap [frame 1340]: Fish [1, 2, 3, 4, 5]
  Overlap detected: Fish 1 ↔ Fish 2 [frame 1340] IoU=0.02
  Overlap detected: Fish 2 ↔ Fish 5 [frame 1340] IoU=0.01
  Overlap detected: Fish 3 ↔ Fish 4 [frame 1340] IoU=0.00
  Frozen during overlap [frame 1341]: Fish [1, 2, 3, 4, 5]
  Overlap detected: Fish 1 ↔ Fish 2 [frame 1341] IoU=0.02
  Overlap detected: Fish 2 ↔ Fish 5 [frame 1341] IoU=0.01
  Overlap detected: Fish 3 ↔ Fish 4 [frame 1341] IoU=0.00
  Frozen during overlap [frame 1342]: Fish [1, 2, 3, 4, 5]
  Overlap detected: Fish 1 ↔ Fish 2 [frame 1342] IoU=0.02
  Overlap detected: Fish 2 ↔ Fish 5 [frame 1342] IoU=0.01
  Overlap detected: Fish 3 ↔ Fish 4 [frame 1342] IoU=0.00
  Frozen during overlap [frame 1343]: Fish [1, 2, 3, 4, 5]
  Overlap detected: Fish 1 ↔ Fish 2 [frame 1343] IoU=0.02
  Overlap detected: Fish 2 ↔ Fish 5 [frame 1343] IoU=0.01
  Overlap detected: Fish 3 ↔ Fish 4 [frame 1343] IoU=0.00
  Frozen during overlap [frame 1344]: Fish [1, 2, 3, 4, 5]
  Overlap detected: Fish 1 ↔ Fish 2 [frame 1344] IoU=0.02
  Overlap detected: Fish 2 ↔ Fish 5 [frame 1344] IoU=0.01
  Overlap detected: Fish 3 ↔ Fish 4 [frame 1344] IoU=0.00
  Frozen during overlap [frame 1345]: Fish [1, 2, 3, 4, 5]
  Overlap detected: Fish 1 ↔ Fish 2 [frame 1345] IoU=0.02
  Overlap detected: Fish 2 ↔ Fish 5 [frame 1345] IoU=0.01
  Overlap detected: Fish 3 ↔ Fish 4 [frame 1345] IoU=0.00
  Frozen during overlap [frame 1346]: Fish [1, 2, 3, 4, 5]
  Overlap detected: Fish 1 ↔ Fish 2 [frame 1346] IoU=0.02
  Overlap detected: Fish 2 ↔ Fish 5 [frame 1346] IoU=0.01
  Overlap detected: Fish 3 ↔ Fish 4 [frame 1346] IoU=0.00
  Frozen during overlap [frame 1347]: Fish [1, 2, 3, 4, 5]
  Overlap detected: Fish 1 ↔ Fish 2 [frame 1347] IoU=0.02
  Overlap detected: Fish 2 ↔ Fish 5 [frame 1347] IoU=0.01
  Overlap detected: Fish 3 ↔ Fish 4 [frame 1347] IoU=0.00
  Frozen during overlap [frame 1348]: Fish [1, 2, 3, 4, 5]
  Overlap detected: Fish 1 ↔ Fish 2 [frame 1348] IoU=0.02
  Overlap detected: Fish 2 ↔ Fish 5 [frame 1348] IoU=0.01
  Overlap detected: Fish 3 ↔ Fish 4 [frame 1348] IoU=0.00
  Frozen during overlap [frame 1349]: Fish [1, 2, 3, 4, 5]
  Overlap detected: Fish 1 ↔ Fish 2 [frame 1349] IoU=0.02
  Overlap detected: Fish 2 ↔ Fish 5 [frame 1349] IoU=0.01
  Overlap detected: Fish 3 ↔ Fish 4 [frame 1349] IoU=0.00
  Frozen during overlap [frame 1350]: Fish [1, 2, 3, 4, 5]
  Overlap detected: Fish 1 ↔ Fish 2 [frame 1350] IoU=0.02
  Overlap detected: Fish 2 ↔ Fish 5 [frame 1350] IoU=0.01
  Overlap detected: Fish 3 ↔ Fish 4 [frame 1350] IoU=0.00
  Frame 1350/3600 | second 22
  Frozen during overlap [frame 1351]: Fish [1, 2, 3, 4, 5]
  Overlap detected: Fish 1 ↔ Fish 2 [frame 1351] IoU=0.02
  Overlap detected: Fish 2 ↔ Fish 5 [frame 1351] IoU=0.01
  Overlap detected: Fish 3 ↔ Fish 4 [frame 1351] IoU=0.00
  Frozen during overlap [frame 1352]: Fish [1, 2, 3, 4, 5]
  Overlap detected: Fish 1 ↔ Fish 2 [frame 1352] IoU=0.02
  Overlap detected: Fish 2 ↔ Fish 5 [frame 1352] IoU=0.01
  Overlap detected: Fish 3 ↔ Fish 4 [frame 1352] IoU=0.00
  Frozen during overlap [frame 1353]: Fish [1, 2, 3, 4, 5]
  Overlap detected: Fish 1 ↔ Fish 2 [frame 1353] IoU=0.02
  Overlap detected: Fish 2 ↔ Fish 5 [frame 1353] IoU=0.01
  Overlap detected: Fish 3 ↔ Fish 4 [frame 1353] IoU=0.00
  Frozen during overlap [frame 1354]: Fish [1, 2, 3, 4, 5]
  Overlap detected: Fish 1 ↔ Fish 2 [frame 1354] IoU=0.02
  Overlap detected: Fish 2 ↔ Fish 5 [frame 1354] IoU=0.01
  Overlap detected: Fish 3 ↔ Fish 4 [frame 1354] IoU=0.00
  Frozen during overlap [frame 1355]: Fish [1, 2, 3, 4, 5]
  Overlap detected: Fish 1 ↔ Fish 2 [frame 1355] IoU=0.02
  Overlap detected: Fish 2 ↔ Fish 5 [frame 1355] IoU=0.01
  Overlap detected: Fish 3 ↔ Fish 4 [frame 1355] IoU=0.00
  Frozen during overlap [frame 1356]: Fish [1, 2, 3, 4, 5]
  Overlap detected: Fish 1 ↔ Fish 2 [frame 1356] IoU=0.02
  Overlap detected: Fish 2 ↔ Fish 5 [frame 1356] IoU=0.01
  Overlap detected: Fish 3 ↔ Fish 4 [frame 1356] IoU=0.00
  Frozen during overlap [frame 1357]: Fish [1, 2, 3, 4, 5]
  Overlap detected: Fish 1 ↔ Fish 2 [frame 1357] IoU=0.02
  Overlap detected: Fish 2 ↔ Fish 5 [frame 1357] IoU=0.01
  Overlap detected: Fish 3 ↔ Fish 4 [frame 1357] IoU=0.00
  Frozen during overlap [frame 1358]: Fish [1, 2, 3, 4, 5]
  Overlap detected: Fish 1 ↔ Fish 2 [frame 1358] IoU=0.02
  Overlap detected: Fish 2 ↔ Fish 5 [frame 1358] IoU=0.01
  Overlap detected: Fish 3 ↔ Fish 4 [frame 1358] IoU=0.00
  Frozen during overlap [frame 1359]: Fish [1, 2, 3, 4, 5]
  Overlap detected: Fish 1 ↔ Fish 2 [frame 1359] IoU=0.02
  Overlap detected: Fish 2 ↔ Fish 5 [frame 1359] IoU=0.01
  Overlap detected: Fish 3 ↔ Fish 4 [frame 1359] IoU=0.00
  Frozen during overlap [frame 1360]: Fish [1, 2, 3, 4, 5]
  Overlap detected: Fish 1 ↔ Fish 2 [frame 1360] IoU=0.02
  Overlap detected: Fish 2 ↔ Fish 5 [frame 1360] IoU=0.01
  Overlap detected: Fish 3 ↔ Fish 4 [frame 1360] IoU=0.00
  Frozen during overlap [frame 1361]: Fish [1, 2, 3, 4, 5]
  Overlap detected: Fish 1 ↔ Fish 2 [frame 1361] IoU=0.02
  Overlap detected: Fish 2 ↔ Fish 5 [frame 1361] IoU=0.01
  Overlap detected: Fish 3 ↔ Fish 4 [frame 1361] IoU=0.00
  Frozen during overlap [frame 1362]: Fish [1, 2, 3, 4, 5]
  Overlap detected: Fish 1 ↔ Fish 2 [frame 1362] IoU=0.02
  Overlap detected: Fish 2 ↔ Fish 5 [frame 1362] IoU=0.01
  Overlap detected: Fish 3 ↔ Fish 4 [frame 1362] IoU=0.00
  Frozen during overlap [frame 1363]: Fish [1, 2, 3, 4, 5]
  Overlap detected: Fish 1 ↔ Fish 2 [frame 1363] IoU=0.02
  Overlap detected: Fish 2 ↔ Fish 5 [frame 1363] IoU=0.01
  Overlap detected: Fish 3 ↔ Fish 4 [frame 1363] IoU=0.00
  Frozen during overlap [frame 1364]: Fish [1, 2, 3, 4, 5]
  Overlap detected: Fish 1 ↔ Fish 2 [frame 1364] IoU=0.02
  Overlap detected: Fish 2 ↔ Fish 5 [frame 1364] IoU=0.01
  Overlap detected: Fish 3 ↔ Fish 4 [frame 1364] IoU=0.00
  Frozen during overlap [frame 1365]: Fish [1, 2, 3, 4, 5]
  Overlap detected: Fish 1 ↔ Fish 2 [frame 1365] IoU=0.02
  Overlap detected: Fish 2 ↔ Fish 5 [frame 1365] IoU=0.01
  Overlap detected: Fish 3 ↔ Fish 4 [frame 1365] IoU=0.00
  Frozen during overlap [frame 1366]: Fish [1, 2, 3, 4, 5]
  Overlap detected: Fish 1 ↔ Fish 2 [frame 1366] IoU=0.02
  Overlap detected: Fish 2 ↔ Fish 5 [frame 1366] IoU=0.01
  Overlap detected: Fish 3 ↔ Fish 4 [frame 1366] IoU=0.00
  Frozen during overlap [frame 1367]: Fish [1, 2, 3, 4, 5]
  Overlap detected: Fish 1 ↔ Fish 2 [frame 1367] IoU=0.02
  Overlap detected: Fish 2 ↔ Fish 5 [frame 1367] IoU=0.01
  Overlap detected: Fish 3 ↔ Fish 4 [frame 1367] IoU=0.00
  Frozen during overlap [frame 1368]: Fish [1, 2, 3, 4, 5]
  Overlap detected: Fish 1 ↔ Fish 2 [frame 1368] IoU=0.02
  Overlap detected: Fish 2 ↔ Fish 5 [frame 1368] IoU=0.01
  Overlap detected: Fish 3 ↔ Fish 4 [frame 1368] IoU=0.00
  Frozen during overlap [frame 1369]: Fish [1, 2, 3, 4, 5]
  Overlap detected: Fish 1 ↔ Fish 2 [frame 1369] IoU=0.02
  Overlap detected: Fish 2 ↔ Fish 5 [frame 1369] IoU=0.01
  Overlap detected: Fish 3 ↔ Fish 4 [frame 1369] IoU=0.00
  Frozen during overlap [frame 1370]: Fish [1, 2, 3, 4, 5]
  Overlap detected: Fish 1 ↔ Fish 2 [frame 1370] IoU=0.02
  Overlap detected: Fish 2 ↔ Fish 5 [frame 1370] IoU=0.01
  Overlap detected: Fish 3 ↔ Fish 4 [frame 1370] IoU=0.00
  Frozen during overlap [frame 1371]: Fish [1, 2, 3, 4, 5]
  Overlap detected: Fish 1 ↔ Fish 2 [frame 1371] IoU=0.02
  Overlap detected: Fish 2 ↔ Fish 5 [frame 1371] IoU=0.01
  Overlap detected: Fish 3 ↔ Fish 4 [frame 1371] IoU=0.00
  Frozen during overlap [frame 1372]: Fish [1, 2, 3, 4, 5]
  Overlap detected: Fish 1 ↔ Fish 2 [frame 1372] IoU=0.02
  Overlap detected: Fish 2 ↔ Fish 5 [frame 1372] IoU=0.01
  Overlap detected: Fish 3 ↔ Fish 4 [frame 1372] IoU=0.00
  Frozen during overlap [frame 1373]: Fish [1, 2, 3, 4, 5]
  Overlap detected: Fish 1 ↔ Fish 2 [frame 1373] IoU=0.02
  Overlap detected: Fish 2 ↔ Fish 5 [frame 1373] IoU=0.01
  Overlap detected: Fish 3 ↔ Fish 4 [frame 1373] IoU=0.00
  Frozen during overlap [frame 1374]: Fish [1, 2, 3, 4, 5]
  Overlap detected: Fish 1 ↔ Fish 2 [frame 1374] IoU=0.02
  Overlap detected: Fish 2 ↔ Fish 5 [frame 1374] IoU=0.01
  Overlap detected: Fish 3 ↔ Fish 4 [frame 1374] IoU=0.00
  Frozen during overlap [frame 1375]: Fish [1, 2, 3, 4, 5]
  Overlap detected: Fish 1 ↔ Fish 2 [frame 1375] IoU=0.02
  Overlap detected: Fish 2 ↔ Fish 5 [frame 1375] IoU=0.01
  Overlap detected: Fish 3 ↔ Fish 4 [frame 1375] IoU=0.00
  Frozen during overlap [frame 1376]: Fish [1, 2, 3, 4, 5]
  Overlap detected: Fish 1 ↔ Fish 2 [frame 1376] IoU=0.02
  Overlap detected: Fish 2 ↔ Fish 5 [frame 1376] IoU=0.01
  Overlap detected: Fish 3 ↔ Fish 4 [frame 1376] IoU=0.00
  Frozen during overlap [frame 1377]: Fish [1, 2, 3, 4, 5]
  Overlap detected: Fish 1 ↔ Fish 2 [frame 1377] IoU=0.02
  Overlap detected: Fish 2 ↔ Fish 5 [frame 1377] IoU=0.01
  Overlap detected: Fish 3 ↔ Fish 4 [frame 1377] IoU=0.00
  Frozen during overlap [frame 1378]: Fish [1, 2, 3, 4, 5]
  Overlap detected: Fish 1 ↔ Fish 2 [frame 1378] IoU=0.02
  Overlap detected: Fish 2 ↔ Fish 5 [frame 1378] IoU=0.01
  Overlap detected: Fish 3 ↔ Fish 4 [frame 1378] IoU=0.00
  Frozen during overlap [frame 1379]: Fish [1, 2, 3, 4, 5]
  Overlap detected: Fish 1 ↔ Fish 2 [frame 1379] IoU=0.02
  Overlap detected: Fish 2 ↔ Fish 5 [frame 1379] IoU=0.01
  Overlap detected: Fish 3 ↔ Fish 4 [frame 1379] IoU=0.00
  Frozen during overlap [frame 1380]: Fish [1, 2, 3, 4, 5]
  Overlap detected: Fish 1 ↔ Fish 2 [frame 1380] IoU=0.02
  Overlap detected: Fish 2 ↔ Fish 5 [frame 1380] IoU=0.01
  Overlap detected: Fish 3 ↔ Fish 4 [frame 1380] IoU=0.00
  Frame 1380/3600 | second 23
  Frozen during overlap [frame 1381]: Fish [1, 2, 3, 4, 5]
  Overlap detected: Fish 1 ↔ Fish 2 [frame 1381] IoU=0.02
  Overlap detected: Fish 2 ↔ Fish 5 [frame 1381] IoU=0.01
  Overlap detected: Fish 3 ↔ Fish 4 [frame 1381] IoU=0.00
  Frozen during overlap [frame 1382]: Fish [1, 2, 3, 4, 5]
  Overlap detected: Fish 1 ↔ Fish 2 [frame 1382] IoU=0.02
  Overlap detected: Fish 2 ↔ Fish 5 [frame 1382] IoU=0.01
  Overlap detected: Fish 3 ↔ Fish 4 [frame 1382] IoU=0.00
  Frozen during overlap [frame 1383]: Fish [1, 2, 3, 4, 5]
  Overlap detected: Fish 1 ↔ Fish 2 [frame 1383] IoU=0.02
  Overlap detected: Fish 2 ↔ Fish 5 [frame 1383] IoU=0.01
  Overlap detected: Fish 3 ↔ Fish 4 [frame 1383] IoU=0.00
  Frozen during overlap [frame 1384]: Fish [1, 2, 3, 4, 5]
  Overlap detected: Fish 1 ↔ Fish 2 [frame 1384] IoU=0.02
  Overlap detected: Fish 2 ↔ Fish 5 [frame 1384] IoU=0.01
  Overlap detected: Fish 3 ↔ Fish 4 [frame 1384] IoU=0.00
  Frozen during overlap [frame 1385]: Fish [1, 2, 3, 4, 5]
  Overlap detected: Fish 1 ↔ Fish 2 [frame 1385] IoU=0.02
  Overlap detected: Fish 2 ↔ Fish 5 [frame 1385] IoU=0.01
  Overlap detected: Fish 3 ↔ Fish 4 [frame 1385] IoU=0.00
  Frozen during overlap [frame 1386]: Fish [1, 2, 3, 4, 5]
  Overlap detected: Fish 1 ↔ Fish 2 [frame 1386] IoU=0.02
  Overlap detected: Fish 2 ↔ Fish 5 [frame 1386] IoU=0.01
  Overlap detected: Fish 3 ↔ Fish 4 [frame 1386] IoU=0.00
  Frozen during overlap [frame 1387]: Fish [1, 2, 3, 4, 5]
  Overlap detected: Fish 1 ↔ Fish 2 [frame 1387] IoU=0.02
  Overlap detected: Fish 2 ↔ Fish 5 [frame 1387] IoU=0.01
  Overlap detected: Fish 3 ↔ Fish 4 [frame 1387] IoU=0.00
  Frozen during overlap [frame 1388]: Fish [1, 2, 3, 4, 5]
  Overlap detected: Fish 1 ↔ Fish 2 [frame 1388] IoU=0.02
  Overlap detected: Fish 2 ↔ Fish 5 [frame 1388] IoU=0.01
  Overlap detected: Fish 3 ↔ Fish 4 [frame 1388] IoU=0.00
  Frozen during overlap [frame 1389]: Fish [1, 2, 3, 4, 5]
  Overlap detected: Fish 1 ↔ Fish 2 [frame 1389] IoU=0.02
  Overlap detected: Fish 2 ↔ Fish 5 [frame 1389] IoU=0.01
  Overlap detected: Fish 3 ↔ Fish 4 [frame 1389] IoU=0.00
  Frozen during overlap [frame 1390]: Fish [1, 2, 3, 4, 5]
  Overlap detected: Fish 1 ↔ Fish 2 [frame 1390] IoU=0.02
  Overlap detected: Fish 2 ↔ Fish 5 [frame 1390] IoU=0.01
  Overlap detected: Fish 3 ↔ Fish 4 [frame 1390] IoU=0.00
  Frozen during overlap [frame 1391]: Fish [1, 2, 3, 4, 5]
  Overlap detected: Fish 1 ↔ Fish 2 [frame 1391] IoU=0.02
  Overlap detected: Fish 2 ↔ Fish 5 [frame 1391] IoU=0.01
  Overlap detected: Fish 3 ↔ Fish 4 [frame 1391] IoU=0.00
  Frozen during overlap [frame 1392]: Fish [1, 2, 3, 4, 5]
  Overlap detected: Fish 1 ↔ Fish 2 [frame 1392] IoU=0.02
  Overlap detected: Fish 2 ↔ Fish 5 [frame 1392] IoU=0.01
  Overlap detected: Fish 3 ↔ Fish 4 [frame 1392] IoU=0.00
  Frozen during overlap [frame 1393]: Fish [1, 2, 3, 4, 5]
  Overlap detected: Fish 1 ↔ Fish 2 [frame 1393] IoU=0.02
  Overlap detected: Fish 2 ↔ Fish 5 [frame 1393] IoU=0.01
  Overlap detected: Fish 3 ↔ Fish 4 [frame 1393] IoU=0.00
  Frozen during overlap [frame 1394]: Fish [1, 2, 3, 4, 5]
  Overlap detected: Fish 1 ↔ Fish 2 [frame 1394] IoU=0.02
  Overlap detected: Fish 2 ↔ Fish 5 [frame 1394] IoU=0.01
  Overlap detected: Fish 3 ↔ Fish 4 [frame 1394] IoU=0.00
  Frozen during overlap [frame 1395]: Fish [1, 2, 3, 4, 5]
  Overlap detected: Fish 1 ↔ Fish 2 [frame 1395] IoU=0.02
  Overlap detected: Fish 2 ↔ Fish 5 [frame 1395] IoU=0.01
  Overlap detected: Fish 3 ↔ Fish 4 [frame 1395] IoU=0.00
  Frozen during overlap [frame 1396]: Fish [1, 2, 3, 4, 5]
  Overlap detected: Fish 1 ↔ Fish 2 [frame 1396] IoU=0.02
  Overlap detected: Fish 2 ↔ Fish 5 [frame 1396] IoU=0.01
  Overlap detected: Fish 3 ↔ Fish 4 [frame 1396] IoU=0.00
  Frozen during overlap [frame 1397]: Fish [1, 2, 3, 4, 5]
  Overlap detected: Fish 1 ↔ Fish 2 [frame 1397] IoU=0.02
  Overlap detected: Fish 2 ↔ Fish 5 [frame 1397] IoU=0.01
  Overlap detected: Fish 3 ↔ Fish 4 [frame 1397] IoU=0.00
  Frozen during overlap [frame 1398]: Fish [1, 2, 3, 4, 5]
  Overlap detected: Fish 1 ↔ Fish 2 [frame 1398] IoU=0.02
  Overlap detected: Fish 2 ↔ Fish 5 [frame 1398] IoU=0.01
  Overlap detected: Fish 3 ↔ Fish 4 [frame 1398] IoU=0.00
  Frozen during overlap [frame 1399]: Fish [1, 2, 3, 4, 5]
  Overlap detected: Fish 1 ↔ Fish 2 [frame 1399] IoU=0.02
  Overlap detected: Fish 2 ↔ Fish 5 [frame 1399] IoU=0.01
  Overlap detected: Fish 3 ↔ Fish 4 [frame 1399] IoU=0.00
  Frozen during overlap [frame 1400]: Fish [1, 2, 3, 4, 5]
  Overlap detected: Fish 1 ↔ Fish 2 [frame 1400] IoU=0.02
  Overlap detected: Fish 2 ↔ Fish 5 [frame 1400] IoU=0.01
  Overlap detected: Fish 3 ↔ Fish 4 [frame 1400] IoU=0.00
  Frozen during overlap [frame 1401]: Fish [1, 2, 3, 4, 5]
  Overlap detected: Fish 1 ↔ Fish 2 [frame 1401] IoU=0.02
  Overlap detected: Fish 2 ↔ Fish 5 [frame 1401] IoU=0.01
  Overlap detected: Fish 3 ↔ Fish 4 [frame 1401] IoU=0.00
  Frozen during overlap [frame 1402]: Fish [1, 2, 3, 4, 5]
  Overlap detected: Fish 1 ↔ Fish 2 [frame 1402] IoU=0.02
  Overlap detected: Fish 2 ↔ Fish 5 [frame 1402] IoU=0.01
  Overlap detected: Fish 3 ↔ Fish 4 [frame 1402] IoU=0.00
  Frozen during overlap [frame 1403]: Fish [1, 2, 3, 4, 5]
  Overlap detected: Fish 1 ↔ Fish 2 [frame 1403] IoU=0.02
  Overlap detected: Fish 2 ↔ Fish 5 [frame 1403] IoU=0.01
  Overlap detected: Fish 3 ↔ Fish 4 [frame 1403] IoU=0.00
  Frozen during overlap [frame 1404]: Fish [1, 2, 3, 4, 5]
  Overlap detected: Fish 1 ↔ Fish 2 [frame 1404] IoU=0.02
  Overlap detected: Fish 2 ↔ Fish 5 [frame 1404] IoU=0.01
  Overlap detected: Fish 3 ↔ Fish 4 [frame 1404] IoU=0.00
  Frozen during overlap [frame 1405]: Fish [1, 2, 3, 4, 5]
  Overlap detected: Fish 1 ↔ Fish 2 [frame 1405] IoU=0.02
  Overlap detected: Fish 2 ↔ Fish 5 [frame 1405] IoU=0.01
  Overlap detected: Fish 3 ↔ Fish 4 [frame 1405] IoU=0.00
  Frozen during overlap [frame 1406]: Fish [1, 2, 3, 4, 5]
  Overlap detected: Fish 1 ↔ Fish 2 [frame 1406] IoU=0.02
  Overlap detected: Fish 2 ↔ Fish 5 [frame 1406] IoU=0.01
  Overlap detected: Fish 3 ↔ Fish 4 [frame 1406] IoU=0.00
  Frozen during overlap [frame 1407]: Fish [1, 2, 3, 4, 5]
  Overlap detected: Fish 1 ↔ Fish 2 [frame 1407] IoU=0.02
  Overlap detected: Fish 2 ↔ Fish 5 [frame 1407] IoU=0.01
  Overlap detected: Fish 3 ↔ Fish 4 [frame 1407] IoU=0.00
  Frozen during overlap [frame 1408]: Fish [1, 2, 3, 4, 5]
  Overlap detected: Fish 1 ↔ Fish 2 [frame 1408] IoU=0.02
  Overlap detected: Fish 2 ↔ Fish 5 [frame 1408] IoU=0.01
  Overlap detected: Fish 3 ↔ Fish 4 [frame 1408] IoU=0.00
  Frozen during overlap [frame 1409]: Fish [1, 2, 3, 4, 5]
  Overlap detected: Fish 1 ↔ Fish 2 [frame 1409] IoU=0.02
  Overlap detected: Fish 2 ↔ Fish 5 [frame 1409] IoU=0.01
  Overlap detected: Fish 3 ↔ Fish 4 [frame 1409] IoU=0.00
  Frozen during overlap [frame 1410]: Fish [1, 2, 3, 4, 5]
  Overlap detected: Fish 1 ↔ Fish 2 [frame 1410] IoU=0.02
  Overlap detected: Fish 2 ↔ Fish 5 [frame 1410] IoU=0.01
  Overlap detected: Fish 3 ↔ Fish 4 [frame 1410] IoU=0.00
  Frame 1410/3600 | second 23
  Frozen during overlap [frame 1411]: Fish [1, 2, 3, 4, 5]
  Overlap detected: Fish 1 ↔ Fish 2 [frame 1411] IoU=0.02
  Overlap detected: Fish 2 ↔ Fish 5 [frame 1411] IoU=0.01
  Overlap detected: Fish 3 ↔ Fish 4 [frame 1411] IoU=0.00
  Frozen during overlap [frame 1412]: Fish [1, 2, 3, 4, 5]
  Overlap detected: Fish 1 ↔ Fish 2 [frame 1412] IoU=0.02
  Overlap detected: Fish 2 ↔ Fish 5 [frame 1412] IoU=0.01
  Overlap detected: Fish 3 ↔ Fish 4 [frame 1412] IoU=0.00
  Frozen during overlap [frame 1413]: Fish [1, 2, 3, 4, 5]
  Overlap detected: Fish 1 ↔ Fish 2 [frame 1413] IoU=0.02
  Overlap detected: Fish 2 ↔ Fish 5 [frame 1413] IoU=0.01
  Overlap detected: Fish 3 ↔ Fish 4 [frame 1413] IoU=0.00
  Frozen during overlap [frame 1414]: Fish [1, 2, 3, 4, 5]
  Overlap detected: Fish 1 ↔ Fish 2 [frame 1414] IoU=0.02
  Overlap detected: Fish 2 ↔ Fish 5 [frame 1414] IoU=0.01
  Overlap detected: Fish 3 ↔ Fish 4 [frame 1414] IoU=0.00
  Frozen during overlap [frame 1415]: Fish [1, 2, 3, 4, 5]
  Overlap detected: Fish 1 ↔ Fish 2 [frame 1415] IoU=0.02
  Overlap detected: Fish 2 ↔ Fish 5 [frame 1415] IoU=0.01
  Overlap detected: Fish 3 ↔ Fish 4 [frame 1415] IoU=0.00
  Frozen during overlap [frame 1416]: Fish [1, 2, 3, 4, 5]
  Overlap detected: Fish 1 ↔ Fish 2 [frame 1416] IoU=0.02
  Overlap detected: Fish 2 ↔ Fish 5 [frame 1416] IoU=0.01
  Overlap detected: Fish 3 ↔ Fish 4 [frame 1416] IoU=0.00
  Frozen during overlap [frame 1417]: Fish [1, 2, 3, 4, 5]
  Overlap detected: Fish 1 ↔ Fish 2 [frame 1417] IoU=0.02
  Overlap detected: Fish 2 ↔ Fish 5 [frame 1417] IoU=0.01
  Overlap detected: Fish 3 ↔ Fish 4 [frame 1417] IoU=0.00
  Frozen during overlap [frame 1418]: Fish [1, 2, 3, 4, 5]
  Overlap detected: Fish 1 ↔ Fish 2 [frame 1418] IoU=0.02
  Overlap detected: Fish 2 ↔ Fish 5 [frame 1418] IoU=0.01
  Overlap detected: Fish 3 ↔ Fish 4 [frame 1418] IoU=0.00
  Frozen during overlap [frame 1419]: Fish [1, 2, 3, 4, 5]
  Overlap detected: Fish 1 ↔ Fish 2 [frame 1419] IoU=0.02
  Overlap detected: Fish 2 ↔ Fish 5 [frame 1419] IoU=0.01
  Overlap detected: Fish 3 ↔ Fish 4 [frame 1419] IoU=0.00
  Frozen during overlap [frame 1420]: Fish [1, 2, 3, 4, 5]
  Overlap detected: Fish 1 ↔ Fish 2 [frame 1420] IoU=0.02
  Overlap detected: Fish 2 ↔ Fish 5 [frame 1420] IoU=0.01
  Overlap detected: Fish 3 ↔ Fish 4 [frame 1420] IoU=0.00
  Frozen during overlap [frame 1421]: Fish [1, 2, 3, 4, 5]
  Overlap detected: Fish 1 ↔ Fish 2 [frame 1421] IoU=0.02
  Overlap detected: Fish 2 ↔ Fish 5 [frame 1421] IoU=0.01
  Overlap detected: Fish 3 ↔ Fish 4 [frame 1421] IoU=0.00
  Frozen during overlap [frame 1422]: Fish [1, 2, 3, 4, 5]
  Overlap detected: Fish 1 ↔ Fish 2 [frame 1422] IoU=0.02
  Overlap detected: Fish 2 ↔ Fish 5 [frame 1422] IoU=0.01
  Overlap detected: Fish 3 ↔ Fish 4 [frame 1422] IoU=0.00
  Frozen during overlap [frame 1423]: Fish [1, 2, 3, 4, 5]
  Overlap detected: Fish 1 ↔ Fish 2 [frame 1423] IoU=0.02
  Overlap detected: Fish 2 ↔ Fish 5 [frame 1423] IoU=0.01
  Overlap detected: Fish 3 ↔ Fish 4 [frame 1423] IoU=0.00
  Frozen during overlap [frame 1424]: Fish [1, 2, 3, 4, 5]
  Overlap detected: Fish 1 ↔ Fish 2 [frame 1424] IoU=0.02
  Overlap detected: Fish 2 ↔ Fish 5 [frame 1424] IoU=0.01
  Overlap detected: Fish 3 ↔ Fish 4 [frame 1424] IoU=0.00
  Frozen during overlap [frame 1425]: Fish [1, 2, 3, 4, 5]
  Overlap detected: Fish 1 ↔ Fish 2 [frame 1425] IoU=0.02
  Overlap detected: Fish 2 ↔ Fish 5 [frame 1425] IoU=0.01
  Overlap detected: Fish 3 ↔ Fish 4 [frame 1425] IoU=0.00
  Frozen during overlap [frame 1426]: Fish [1, 2, 3, 4, 5]
  Overlap detected: Fish 1 ↔ Fish 2 [frame 1426] IoU=0.02
  Overlap detected: Fish 2 ↔ Fish 5 [frame 1426] IoU=0.01
  Overlap detected: Fish 3 ↔ Fish 4 [frame 1426] IoU=0.00
  Frozen during overlap [frame 1427]: Fish [1, 2, 3, 4, 5]
  Overlap detected: Fish 1 ↔ Fish 2 [frame 1427] IoU=0.02
  Overlap detected: Fish 2 ↔ Fish 5 [frame 1427] IoU=0.01
  Overlap detected: Fish 3 ↔ Fish 4 [frame 1427] IoU=0.00
  Frozen during overlap [frame 1428]: Fish [1, 2, 3, 4, 5]
  Overlap detected: Fish 1 ↔ Fish 2 [frame 1428] IoU=0.02
  Overlap detected: Fish 2 ↔ Fish 5 [frame 1428] IoU=0.01
  Overlap detected: Fish 3 ↔ Fish 4 [frame 1428] IoU=0.00
  Frozen during overlap [frame 1429]: Fish [1, 2, 3, 4, 5]
  Overlap detected: Fish 1 ↔ Fish 2 [frame 1429] IoU=0.02
  Overlap detected: Fish 2 ↔ Fish 5 [frame 1429] IoU=0.01
  Overlap detected: Fish 3 ↔ Fish 4 [frame 1429] IoU=0.00
  Frozen during overlap [frame 1430]: Fish [1, 2, 3, 4, 5]
  Overlap detected: Fish 1 ↔ Fish 2 [frame 1430] IoU=0.02
  Overlap detected: Fish 2 ↔ Fish 5 [frame 1430] IoU=0.01
  Overlap detected: Fish 3 ↔ Fish 4 [frame 1430] IoU=0.00
  Frozen during overlap [frame 1431]: Fish [1, 2, 3, 4, 5]
  Overlap detected: Fish 1 ↔ Fish 2 [frame 1431] IoU=0.02
  Overlap detected: Fish 2 ↔ Fish 5 [frame 1431] IoU=0.01
  Overlap detected: Fish 3 ↔ Fish 4 [frame 1431] IoU=0.00
  Frozen during overlap [frame 1432]: Fish [1, 2, 3, 4, 5]
  Overlap detected: Fish 1 ↔ Fish 2 [frame 1432] IoU=0.02
  Overlap detected: Fish 2 ↔ Fish 5 [frame 1432] IoU=0.01
  Overlap detected: Fish 3 ↔ Fish 4 [frame 1432] IoU=0.00
  Frozen during overlap [frame 1433]: Fish [1, 2, 3, 4, 5]
  Overlap detected: Fish 1 ↔ Fish 2 [frame 1433] IoU=0.02
  Overlap detected: Fish 2 ↔ Fish 5 [frame 1433] IoU=0.01
  Overlap detected: Fish 3 ↔ Fish 4 [frame 1433] IoU=0.00
  Frozen during overlap [frame 1434]: Fish [1, 2, 3, 4, 5]
  Overlap detected: Fish 1 ↔ Fish 2 [frame 1434] IoU=0.02
  Overlap detected: Fish 2 ↔ Fish 5 [frame 1434] IoU=0.01
  Overlap detected: Fish 3 ↔ Fish 4 [frame 1434] IoU=0.00
  Frozen during overlap [frame 1435]: Fish [1, 2, 3, 4, 5]
  Overlap detected: Fish 1 ↔ Fish 2 [frame 1435] IoU=0.02
  Overlap detected: Fish 2 ↔ Fish 5 [frame 1435] IoU=0.01
  Overlap detected: Fish 3 ↔ Fish 4 [frame 1435] IoU=0.00
  Frozen during overlap [frame 1436]: Fish [1, 2, 3, 4, 5]
  Overlap detected: Fish 1 ↔ Fish 2 [frame 1436] IoU=0.02
  Overlap detected: Fish 2 ↔ Fish 5 [frame 1436] IoU=0.01
  Overlap detected: Fish 3 ↔ Fish 4 [frame 1436] IoU=0.00
  Frozen during overlap [frame 1437]: Fish [1, 2, 3, 4, 5]
  Overlap detected: Fish 1 ↔ Fish 2 [frame 1437] IoU=0.02
  Overlap detected: Fish 2 ↔ Fish 5 [frame 1437] IoU=0.01
  Overlap detected: Fish 3 ↔ Fish 4 [frame 1437] IoU=0.00
  Frozen during overlap [frame 1438]: Fish [1, 2, 3, 4, 5]
  Overlap detected: Fish 1 ↔ Fish 2 [frame 1438] IoU=0.02
  Overlap detected: Fish 2 ↔ Fish 5 [frame 1438] IoU=0.01
  Overlap detected: Fish 3 ↔ Fish 4 [frame 1438] IoU=0.00
  Frozen during overlap [frame 1439]: Fish [1, 2, 3, 4, 5]
  Overlap detected: Fish 1 ↔ Fish 2 [frame 1439] IoU=0.02
  Overlap detected: Fish 2 ↔ Fish 5 [frame 1439] IoU=0.01
  Overlap detected: Fish 3 ↔ Fish 4 [frame 1439] IoU=0.00
  Frozen during overlap [frame 1440]: Fish [1, 2, 3, 4, 5]
  Overlap detected: Fish 1 ↔ Fish 2 [frame 1440] IoU=0.02
  Overlap detected: Fish 2 ↔ Fish 5 [frame 1440] IoU=0.01
  Overlap detected: Fish 3 ↔ Fish 4 [frame 1440] IoU=0.00
  Frame 1440/3600 | second 24
  Frozen during overlap [frame 1441]: Fish [1, 2, 3, 4, 5]
  Overlap detected: Fish 1 ↔ Fish 2 [frame 1441] IoU=0.02
  Overlap detected: Fish 2 ↔ Fish 5 [frame 1441] IoU=0.01
  Overlap detected: Fish 3 ↔ Fish 4 [frame 1441] IoU=0.00
  Frozen during overlap [frame 1442]: Fish [1, 2, 3, 4, 5]
  Overlap detected: Fish 1 ↔ Fish 2 [frame 1442] IoU=0.02
  Overlap detected: Fish 2 ↔ Fish 5 [frame 1442] IoU=0.01
  Overlap detected: Fish 3 ↔ Fish 4 [frame 1442] IoU=0.00
  Frozen during overlap [frame 1443]: Fish [1, 2, 3, 4, 5]
  Overlap detected: Fish 1 ↔ Fish 2 [frame 1443] IoU=0.02
  Overlap detected: Fish 2 ↔ Fish 5 [frame 1443] IoU=0.01
  Overlap detected: Fish 3 ↔ Fish 4 [frame 1443] IoU=0.00
  Frozen during overlap [frame 1444]: Fish [1, 2, 3, 4, 5]
  Overlap detected: Fish 1 ↔ Fish 2 [frame 1444] IoU=0.02
  Overlap detected: Fish 2 ↔ Fish 5 [frame 1444] IoU=0.01
  Overlap detected: Fish 3 ↔ Fish 4 [frame 1444] IoU=0.00
  Frozen during overlap [frame 1445]: Fish [1, 2, 3, 4, 5]
  Overlap detected: Fish 1 ↔ Fish 2 [frame 1445] IoU=0.02
  Overlap detected: Fish 2 ↔ Fish 5 [frame 1445] IoU=0.01
  Overlap detected: Fish 3 ↔ Fish 4 [frame 1445] IoU=0.00
  Frozen during overlap [frame 1446]: Fish [1, 2, 3, 4, 5]
  Overlap detected: Fish 1 ↔ Fish 2 [frame 1446] IoU=0.02
  Overlap detected: Fish 2 ↔ Fish 5 [frame 1446] IoU=0.01
  Overlap detected: Fish 3 ↔ Fish 4 [frame 1446] IoU=0.00
  Frozen during overlap [frame 1447]: Fish [1, 2, 3, 4, 5]
  Overlap detected: Fish 1 ↔ Fish 2 [frame 1447] IoU=0.02
  Overlap detected: Fish 2 ↔ Fish 5 [frame 1447] IoU=0.01
  Overlap detected: Fish 3 ↔ Fish 4 [frame 1447] IoU=0.00
  Frozen during overlap [frame 1448]: Fish [1, 2, 3, 4, 5]
  Overlap detected: Fish 1 ↔ Fish 2 [frame 1448] IoU=0.02
  Overlap detected: Fish 2 ↔ Fish 5 [frame 1448] IoU=0.01
  Overlap detected: Fish 3 ↔ Fish 4 [frame 1448] IoU=0.00
  Frozen during overlap [frame 1449]: Fish [1, 2, 3, 4, 5]
  Overlap detected: Fish 1 ↔ Fish 2 [frame 1449] IoU=0.02
  Overlap detected: Fish 2 ↔ Fish 5 [frame 1449] IoU=0.01
  Overlap detected: Fish 3 ↔ Fish 4 [frame 1449] IoU=0.00
  Frozen during overlap [frame 1450]: Fish [1, 2, 3, 4, 5]
  Overlap detected: Fish 1 ↔ Fish 2 [frame 1450] IoU=0.02
  Overlap detected: Fish 2 ↔ Fish 5 [frame 1450] IoU=0.01
  Overlap detected: Fish 3 ↔ Fish 4 [frame 1450] IoU=0.00
  Frozen during overlap [frame 1451]: Fish [1, 2, 3, 4, 5]
  Overlap detected: Fish 1 ↔ Fish 2 [frame 1451] IoU=0.02
  Overlap detected: Fish 2 ↔ Fish 5 [frame 1451] IoU=0.01
  Overlap detected: Fish 3 ↔ Fish 4 [frame 1451] IoU=0.00
  Frozen during overlap [frame 1452]: Fish [1, 2, 3, 4, 5]
  Overlap detected: Fish 1 ↔ Fish 2 [frame 1452] IoU=0.02
  Overlap detected: Fish 2 ↔ Fish 5 [frame 1452] IoU=0.01
  Overlap detected: Fish 3 ↔ Fish 4 [frame 1452] IoU=0.00
  Frozen during overlap [frame 1453]: Fish [1, 2, 3, 4, 5]
  Overlap detected: Fish 1 ↔ Fish 2 [frame 1453] IoU=0.02
  Overlap detected: Fish 2 ↔ Fish 5 [frame 1453] IoU=0.01
  Overlap detected: Fish 3 ↔ Fish 4 [frame 1453] IoU=0.00
  Frozen during overlap [frame 1454]: Fish [1, 2, 3, 4, 5]
  Overlap detected: Fish 1 ↔ Fish 2 [frame 1454] IoU=0.02
  Overlap detected: Fish 2 ↔ Fish 5 [frame 1454] IoU=0.01
  Overlap detected: Fish 3 ↔ Fish 4 [frame 1454] IoU=0.00
  Frozen during overlap [frame 1455]: Fish [1, 2, 3, 4, 5]
  Overlap detected: Fish 1 ↔ Fish 2 [frame 1455] IoU=0.02
  Overlap detected: Fish 2 ↔ Fish 5 [frame 1455] IoU=0.01
  Overlap detected: Fish 3 ↔ Fish 4 [frame 1455] IoU=0.00
  Frozen during overlap [frame 1456]: Fish [1, 2, 3, 4, 5]
  Overlap detected: Fish 1 ↔ Fish 2 [frame 1456] IoU=0.02
  Overlap detected: Fish 2 ↔ Fish 5 [frame 1456] IoU=0.01
  Overlap detected: Fish 3 ↔ Fish 4 [frame 1456] IoU=0.00
  Frozen during overlap [frame 1457]: Fish [1, 2, 3, 4, 5]
  Overlap detected: Fish 1 ↔ Fish 2 [frame 1457] IoU=0.02
  Overlap detected: Fish 2 ↔ Fish 5 [frame 1457] IoU=0.01
  Overlap detected: Fish 3 ↔ Fish 4 [frame 1457] IoU=0.00
  Frozen during overlap [frame 1458]: Fish [1, 2, 3, 4, 5]
  Overlap detected: Fish 1 ↔ Fish 2 [frame 1458] IoU=0.02
  Overlap detected: Fish 2 ↔ Fish 5 [frame 1458] IoU=0.01
  Overlap detected: Fish 3 ↔ Fish 4 [frame 1458] IoU=0.00
  Frozen during overlap [frame 1459]: Fish [1, 2, 3, 4, 5]
  Overlap detected: Fish 1 ↔ Fish 2 [frame 1459] IoU=0.02
  Overlap detected: Fish 2 ↔ Fish 5 [frame 1459] IoU=0.01
  Overlap detected: Fish 3 ↔ Fish 4 [frame 1459] IoU=0.00
  Frozen during overlap [frame 1460]: Fish [1, 2, 3, 4, 5]
  Overlap detected: Fish 1 ↔ Fish 2 [frame 1460] IoU=0.02
  Overlap detected: Fish 2 ↔ Fish 5 [frame 1460] IoU=0.01
  Overlap detected: Fish 3 ↔ Fish 4 [frame 1460] IoU=0.00
  Frozen during overlap [frame 1461]: Fish [1, 2, 3, 4, 5]
  Overlap detected: Fish 1 ↔ Fish 2 [frame 1461] IoU=0.02
  Overlap detected: Fish 2 ↔ Fish 5 [frame 1461] IoU=0.01
  Overlap detected: Fish 3 ↔ Fish 4 [frame 1461] IoU=0.00
  Frozen during overlap [frame 1462]: Fish [1, 2, 3, 4, 5]
  Overlap detected: Fish 1 ↔ Fish 2 [frame 1462] IoU=0.02
  Overlap detected: Fish 2 ↔ Fish 5 [frame 1462] IoU=0.01
  Overlap detected: Fish 3 ↔ Fish 4 [frame 1462] IoU=0.00
  Frozen during overlap [frame 1463]: Fish [1, 2, 3, 4, 5]
  Overlap detected: Fish 1 ↔ Fish 2 [frame 1463] IoU=0.02
  Overlap detected: Fish 2 ↔ Fish 5 [frame 1463] IoU=0.01
  Overlap detected: Fish 3 ↔ Fish 4 [frame 1463] IoU=0.00
  Frozen during overlap [frame 1464]: Fish [1, 2, 3, 4, 5]
  Overlap detected: Fish 1 ↔ Fish 2 [frame 1464] IoU=0.02
  Overlap detected: Fish 2 ↔ Fish 5 [frame 1464] IoU=0.01
  Overlap detected: Fish 3 ↔ Fish 4 [frame 1464] IoU=0.00
  Frozen during overlap [frame 1465]: Fish [1, 2, 3, 4, 5]
  Overlap detected: Fish 1 ↔ Fish 2 [frame 1465] IoU=0.02
  Overlap detected: Fish 2 ↔ Fish 5 [frame 1465] IoU=0.01
  Overlap detected: Fish 3 ↔ Fish 4 [frame 1465] IoU=0.00
  Frozen during overlap [frame 1466]: Fish [1, 2, 3, 4, 5]
  Overlap detected: Fish 1 ↔ Fish 2 [frame 1466] IoU=0.02
  Overlap detected: Fish 2 ↔ Fish 5 [frame 1466] IoU=0.01
  Overlap detected: Fish 3 ↔ Fish 4 [frame 1466] IoU=0.00
  Frozen during overlap [frame 1467]: Fish [1, 2, 3, 4, 5]
  Overlap detected: Fish 1 ↔ Fish 2 [frame 1467] IoU=0.02
  Overlap detected: Fish 2 ↔ Fish 5 [frame 1467] IoU=0.01
  Overlap detected: Fish 3 ↔ Fish 4 [frame 1467] IoU=0.00
  Frozen during overlap [frame 1468]: Fish [1, 2, 3, 4, 5]
  Overlap detected: Fish 1 ↔ Fish 2 [frame 1468] IoU=0.02
  Overlap detected: Fish 2 ↔ Fish 5 [frame 1468] IoU=0.01
  Overlap detected: Fish 3 ↔ Fish 4 [frame 1468] IoU=0.00
  Frozen during overlap [frame 1469]: Fish [1, 2, 3, 4, 5]
  Overlap detected: Fish 1 ↔ Fish 2 [frame 1469] IoU=0.02
  Overlap detected: Fish 2 ↔ Fish 5 [frame 1469] IoU=0.01
  Overlap detected: Fish 3 ↔ Fish 4 [frame 1469] IoU=0.00
  Frozen during overlap [frame 1470]: Fish [1, 2, 3, 4, 5]
  Overlap detected: Fish 1 ↔ Fish 2 [frame 1470] IoU=0.02
  Overlap detected: Fish 2 ↔ Fish 5 [frame 1470] IoU=0.01
  Overlap detected: Fish 3 ↔ Fish 4 [frame 1470] IoU=0.00
  Frame 1470/3600 | second 24
  Frozen during overlap [frame 1471]: Fish [1, 2, 3, 4, 5]
  Overlap detected: Fish 1 ↔ Fish 2 [frame 1471] IoU=0.02
  Overlap detected: Fish 2 ↔ Fish 5 [frame 1471] IoU=0.01
  Overlap detected: Fish 3 ↔ Fish 4 [frame 1471] IoU=0.00
  Frozen during overlap [frame 1472]: Fish [1, 2, 3, 4, 5]
  Overlap detected: Fish 1 ↔ Fish 2 [frame 1472] IoU=0.02
  Overlap detected: Fish 2 ↔ Fish 5 [frame 1472] IoU=0.01
  Overlap detected: Fish 3 ↔ Fish 4 [frame 1472] IoU=0.00
  Frozen during overlap [frame 1473]: Fish [1, 2, 3, 4, 5]
  Overlap detected: Fish 1 ↔ Fish 2 [frame 1473] IoU=0.02
  Overlap detected: Fish 2 ↔ Fish 5 [frame 1473] IoU=0.01
  Overlap detected: Fish 3 ↔ Fish 4 [frame 1473] IoU=0.00
  Frozen during overlap [frame 1474]: Fish [1, 2, 3, 4, 5]
  Overlap detected: Fish 1 ↔ Fish 2 [frame 1474] IoU=0.02
  Overlap detected: Fish 2 ↔ Fish 5 [frame 1474] IoU=0.01
  Overlap detected: Fish 3 ↔ Fish 4 [frame 1474] IoU=0.00
  Frozen during overlap [frame 1475]: Fish [1, 2, 3, 4, 5]
  Overlap detected: Fish 1 ↔ Fish 2 [frame 1475] IoU=0.02
  Overlap detected: Fish 2 ↔ Fish 5 [frame 1475] IoU=0.01
  Overlap detected: Fish 3 ↔ Fish 4 [frame 1475] IoU=0.00
  Frozen during overlap [frame 1476]: Fish [1, 2, 3, 4, 5]
  Overlap detected: Fish 1 ↔ Fish 2 [frame 1476] IoU=0.02
  Overlap detected: Fish 2 ↔ Fish 5 [frame 1476] IoU=0.01
  Overlap detected: Fish 3 ↔ Fish 4 [frame 1476] IoU=0.00
  Frozen during overlap [frame 1477]: Fish [1, 2, 3, 4, 5]
  Overlap detected: Fish 1 ↔ Fish 2 [frame 1477] IoU=0.02
  Overlap detected: Fish 2 ↔ Fish 5 [frame 1477] IoU=0.01
  Overlap detected: Fish 3 ↔ Fish 4 [frame 1477] IoU=0.00
  Frozen during overlap [frame 1478]: Fish [1, 2, 3, 4, 5]
  Overlap detected: Fish 1 ↔ Fish 2 [frame 1478] IoU=0.02
  Overlap detected: Fish 2 ↔ Fish 5 [frame 1478] IoU=0.01
  Overlap detected: Fish 3 ↔ Fish 4 [frame 1478] IoU=0.00
  Frozen during overlap [frame 1479]: Fish [1, 2, 3, 4, 5]
  Overlap detected: Fish 1 ↔ Fish 2 [frame 1479] IoU=0.02
  Overlap detected: Fish 2 ↔ Fish 5 [frame 1479] IoU=0.01
  Overlap detected: Fish 3 ↔ Fish 4 [frame 1479] IoU=0.00
  Frozen during overlap [frame 1480]: Fish [1, 2, 3, 4, 5]
  Overlap detected: Fish 1 ↔ Fish 2 [frame 1480] IoU=0.02
  Overlap detected: Fish 2 ↔ Fish 5 [frame 1480] IoU=0.01
  Overlap detected: Fish 3 ↔ Fish 4 [frame 1480] IoU=0.00
  Frozen during overlap [frame 1481]: Fish [1, 2, 3, 4, 5]
  Overlap detected: Fish 1 ↔ Fish 2 [frame 1481] IoU=0.02
  Overlap detected: Fish 2 ↔ Fish 5 [frame 1481] IoU=0.01
  Overlap detected: Fish 3 ↔ Fish 4 [frame 1481] IoU=0.00
  Frozen during overlap [frame 1482]: Fish [1, 2, 3, 4, 5]
  Overlap detected: Fish 1 ↔ Fish 2 [frame 1482] IoU=0.02
  Overlap detected: Fish 2 ↔ Fish 5 [frame 1482] IoU=0.01
  Overlap detected: Fish 3 ↔ Fish 4 [frame 1482] IoU=0.00
  Frozen during overlap [frame 1483]: Fish [1, 2, 3, 4, 5]
  Overlap detected: Fish 1 ↔ Fish 2 [frame 1483] IoU=0.02
  Overlap detected: Fish 2 ↔ Fish 5 [frame 1483] IoU=0.01
  Overlap detected: Fish 3 ↔ Fish 4 [frame 1483] IoU=0.00
  Frozen during overlap [frame 1484]: Fish [1, 2, 3, 4, 5]
  Overlap detected: Fish 1 ↔ Fish 2 [frame 1484] IoU=0.02
  Overlap detected: Fish 2 ↔ Fish 5 [frame 1484] IoU=0.01
  Overlap detected: Fish 3 ↔ Fish 4 [frame 1484] IoU=0.00
  Frozen during overlap [frame 1485]: Fish [1, 2, 3, 4, 5]
  Overlap detected: Fish 1 ↔ Fish 2 [frame 1485] IoU=0.02
  Overlap detected: Fish 2 ↔ Fish 5 [frame 1485] IoU=0.01
  Overlap detected: Fish 3 ↔ Fish 4 [frame 1485] IoU=0.00
  Frozen during overlap [frame 1486]: Fish [1, 2, 3, 4, 5]
  Overlap detected: Fish 1 ↔ Fish 2 [frame 1486] IoU=0.02
  Overlap detected: Fish 2 ↔ Fish 5 [frame 1486] IoU=0.01
  Overlap detected: Fish 3 ↔ Fish 4 [frame 1486] IoU=0.00
  Frozen during overlap [frame 1487]: Fish [1, 2, 3, 4, 5]
  Overlap detected: Fish 1 ↔ Fish 2 [frame 1487] IoU=0.02
  Overlap detected: Fish 2 ↔ Fish 5 [frame 1487] IoU=0.01
  Overlap detected: Fish 3 ↔ Fish 4 [frame 1487] IoU=0.00
  Frozen during overlap [frame 1488]: Fish [1, 2, 3, 4, 5]
  Overlap detected: Fish 1 ↔ Fish 2 [frame 1488] IoU=0.02
  Overlap detected: Fish 2 ↔ Fish 5 [frame 1488] IoU=0.01
  Overlap detected: Fish 3 ↔ Fish 4 [frame 1488] IoU=0.00
  Frozen during overlap [frame 1489]: Fish [1, 2, 3, 4, 5]
  Overlap detected: Fish 1 ↔ Fish 2 [frame 1489] IoU=0.02
  Overlap detected: Fish 2 ↔ Fish 5 [frame 1489] IoU=0.01
  Overlap detected: Fish 3 ↔ Fish 4 [frame 1489] IoU=0.00
  Frozen during overlap [frame 1490]: Fish [1, 2, 3, 4, 5]
  Overlap detected: Fish 1 ↔ Fish 2 [frame 1490] IoU=0.02
  Overlap detected: Fish 2 ↔ Fish 5 [frame 1490] IoU=0.01
  Overlap detected: Fish 3 ↔ Fish 4 [frame 1490] IoU=0.00
  Frozen during overlap [frame 1491]: Fish [1, 2, 3, 4, 5]
  Overlap detected: Fish 1 ↔ Fish 2 [frame 1491] IoU=0.02
  Overlap detected: Fish 2 ↔ Fish 5 [frame 1491] IoU=0.01
  Overlap detected: Fish 3 ↔ Fish 4 [frame 1491] IoU=0.00
  Frozen during overlap [frame 1492]: Fish [1, 2, 3, 4, 5]
  Overlap detected: Fish 1 ↔ Fish 2 [frame 1492] IoU=0.02
  Overlap detected: Fish 2 ↔ Fish 5 [frame 1492] IoU=0.01
  Overlap detected: Fish 3 ↔ Fish 4 [frame 1492] IoU=0.00
  Frozen during overlap [frame 1493]: Fish [1, 2, 3, 4, 5]
  Overlap detected: Fish 1 ↔ Fish 2 [frame 1493] IoU=0.02
  Overlap detected: Fish 2 ↔ Fish 5 [frame 1493] IoU=0.01
  Overlap detected: Fish 3 ↔ Fish 4 [frame 1493] IoU=0.00
  Frozen during overlap [frame 1494]: Fish [1, 2, 3, 4, 5]
  Overlap detected: Fish 1 ↔ Fish 2 [frame 1494] IoU=0.02
  Overlap detected: Fish 2 ↔ Fish 5 [frame 1494] IoU=0.01
  Overlap detected: Fish 3 ↔ Fish 4 [frame 1494] IoU=0.00
  Frozen during overlap [frame 1495]: Fish [1, 2, 3, 4, 5]
  Overlap detected: Fish 1 ↔ Fish 2 [frame 1495] IoU=0.02
  Overlap detected: Fish 2 ↔ Fish 5 [frame 1495] IoU=0.01
  Overlap detected: Fish 3 ↔ Fish 4 [frame 1495] IoU=0.00
  Frozen during overlap [frame 1496]: Fish [1, 2, 3, 4, 5]
  Overlap detected: Fish 1 ↔ Fish 2 [frame 1496] IoU=0.02
  Overlap detected: Fish 2 ↔ Fish 5 [frame 1496] IoU=0.01
  Overlap detected: Fish 3 ↔ Fish 4 [frame 1496] IoU=0.00
  Frozen during overlap [frame 1497]: Fish [1, 2, 3, 4, 5]
  Overlap detected: Fish 1 ↔ Fish 2 [frame 1497] IoU=0.02
  Overlap detected: Fish 2 ↔ Fish 5 [frame 1497] IoU=0.01
  Overlap detected: Fish 3 ↔ Fish 4 [frame 1497] IoU=0.00
  Frozen during overlap [frame 1498]: Fish [1, 2, 3, 4, 5]
  Overlap detected: Fish 1 ↔ Fish 2 [frame 1498] IoU=0.02
  Overlap detected: Fish 2 ↔ Fish 5 [frame 1498] IoU=0.01
  Overlap detected: Fish 3 ↔ Fish 4 [frame 1498] IoU=0.00
  Frozen during overlap [frame 1499]: Fish [1, 2, 3, 4, 5]
  Overlap detected: Fish 1 ↔ Fish 2 [frame 1499] IoU=0.02
  Overlap detected: Fish 2 ↔ Fish 5 [frame 1499] IoU=0.01
  Overlap detected: Fish 3 ↔ Fish 4 [frame 1499] IoU=0.00
  Frozen during overlap [frame 1500]: Fish [1, 2, 3, 4, 5]
  Overlap detected: Fish 1 ↔ Fish 2 [frame 1500] IoU=0.02
  Overlap detected: Fish 2 ↔ Fish 5 [frame 1500] IoU=0.01
  Overlap detected: Fish 3 ↔ Fish 4 [frame 1500] IoU=0.00
  Frame 1500/3600 | second 25
  Frozen during overlap [frame 1501]: Fish [1, 2, 3, 4, 5]
  Overlap detected: Fish 1 ↔ Fish 2 [frame 1501] IoU=0.02
  Overlap detected: Fish 2 ↔ Fish 5 [frame 1501] IoU=0.01
  Overlap detected: Fish 3 ↔ Fish 4 [frame 1501] IoU=0.00
  Frozen during overlap [frame 1502]: Fish [1, 2, 3, 4, 5]
  Overlap detected: Fish 1 ↔ Fish 2 [frame 1502] IoU=0.02
  Overlap detected: Fish 2 ↔ Fish 5 [frame 1502] IoU=0.01
  Overlap detected: Fish 3 ↔ Fish 4 [frame 1502] IoU=0.00
  Frozen during overlap [frame 1503]: Fish [1, 2, 3, 4, 5]
  Overlap detected: Fish 1 ↔ Fish 2 [frame 1503] IoU=0.02
  Overlap detected: Fish 2 ↔ Fish 5 [frame 1503] IoU=0.01
  Overlap detected: Fish 3 ↔ Fish 4 [frame 1503] IoU=0.00
  Frozen during overlap [frame 1504]: Fish [1, 2, 3, 4, 5]
  Overlap detected: Fish 1 ↔ Fish 2 [frame 1504] IoU=0.02
  Overlap detected: Fish 2 ↔ Fish 5 [frame 1504] IoU=0.01
  Overlap detected: Fish 3 ↔ Fish 4 [frame 1504] IoU=0.00
  Frozen during overlap [frame 1505]: Fish [1, 2, 3, 4, 5]
  Overlap detected: Fish 1 ↔ Fish 2 [frame 1505] IoU=0.02
  Overlap detected: Fish 2 ↔ Fish 5 [frame 1505] IoU=0.01
  Overlap detected: Fish 3 ↔ Fish 4 [frame 1505] IoU=0.00
  Frozen during overlap [frame 1506]: Fish [1, 2, 3, 4, 5]
  Overlap detected: Fish 1 ↔ Fish 2 [frame 1506] IoU=0.02
  Overlap detected: Fish 2 ↔ Fish 5 [frame 1506] IoU=0.01
  Overlap detected: Fish 3 ↔ Fish 4 [frame 1506] IoU=0.00
  Frozen during overlap [frame 1507]: Fish [1, 2, 3, 4, 5]
  Overlap detected: Fish 1 ↔ Fish 2 [frame 1507] IoU=0.02
  Overlap detected: Fish 2 ↔ Fish 5 [frame 1507] IoU=0.01
  Overlap detected: Fish 3 ↔ Fish 4 [frame 1507] IoU=0.00
  Frozen during overlap [frame 1508]: Fish [1, 2, 3, 4, 5]
  Overlap detected: Fish 1 ↔ Fish 2 [frame 1508] IoU=0.02
  Overlap detected: Fish 2 ↔ Fish 5 [frame 1508] IoU=0.01
  Overlap detected: Fish 3 ↔ Fish 4 [frame 1508] IoU=0.00
  Frozen during overlap [frame 1509]: Fish [1, 2, 3, 4, 5]
  Overlap detected: Fish 1 ↔ Fish 2 [frame 1509] IoU=0.02
  Overlap detected: Fish 2 ↔ Fish 5 [frame 1509] IoU=0.01
  Overlap detected: Fish 3 ↔ Fish 4 [frame 1509] IoU=0.00
  Frozen during overlap [frame 1510]: Fish [1, 2, 3, 4, 5]
  Overlap detected: Fish 1 ↔ Fish 2 [frame 1510] IoU=0.02
  Overlap detected: Fish 2 ↔ Fish 5 [frame 1510] IoU=0.01
  Overlap detected: Fish 3 ↔ Fish 4 [frame 1510] IoU=0.00
  Frozen during overlap [frame 1511]: Fish [1, 2, 3, 4, 5]
  Overlap detected: Fish 1 ↔ Fish 2 [frame 1511] IoU=0.02
  Overlap detected: Fish 2 ↔ Fish 5 [frame 1511] IoU=0.01
  Overlap detected: Fish 3 ↔ Fish 4 [frame 1511] IoU=0.00
  Frozen during overlap [frame 1512]: Fish [1, 2, 3, 4, 5]
  Overlap detected: Fish 1 ↔ Fish 2 [frame 1512] IoU=0.02
  Overlap detected: Fish 2 ↔ Fish 5 [frame 1512] IoU=0.01
  Overlap detected: Fish 3 ↔ Fish 4 [frame 1512] IoU=0.00
  Frozen during overlap [frame 1513]: Fish [1, 2, 3, 4, 5]
  Overlap detected: Fish 1 ↔ Fish 2 [frame 1513] IoU=0.02
  Overlap detected: Fish 2 ↔ Fish 5 [frame 1513] IoU=0.01
  Overlap detected: Fish 3 ↔ Fish 4 [frame 1513] IoU=0.00
  Frozen during overlap [frame 1514]: Fish [1, 2, 3, 4, 5]
  Overlap detected: Fish 1 ↔ Fish 2 [frame 1514] IoU=0.02
  Overlap detected: Fish 2 ↔ Fish 5 [frame 1514] IoU=0.01
  Overlap detected: Fish 3 ↔ Fish 4 [frame 1514] IoU=0.00
  Frozen during overlap [frame 1515]: Fish [1, 2, 3, 4, 5]
  Overlap detected: Fish 1 ↔ Fish 2 [frame 1515] IoU=0.02
  Overlap detected: Fish 2 ↔ Fish 5 [frame 1515] IoU=0.01
  Overlap detected: Fish 3 ↔ Fish 4 [frame 1515] IoU=0.00
  Frozen during overlap [frame 1516]: Fish [1, 2, 3, 4, 5]
  Overlap detected: Fish 1 ↔ Fish 2 [frame 1516] IoU=0.02
  Overlap detected: Fish 2 ↔ Fish 5 [frame 1516] IoU=0.01
  Overlap detected: Fish 3 ↔ Fish 4 [frame 1516] IoU=0.00
  Frozen during overlap [frame 1517]: Fish [1, 2, 3, 4, 5]
  Overlap detected: Fish 1 ↔ Fish 2 [frame 1517] IoU=0.02
  Overlap detected: Fish 2 ↔ Fish 5 [frame 1517] IoU=0.01
  Overlap detected: Fish 3 ↔ Fish 4 [frame 1517] IoU=0.00
  Frozen during overlap [frame 1518]: Fish [1, 2, 3, 4, 5]
  Overlap detected: Fish 1 ↔ Fish 2 [frame 1518] IoU=0.02
  Overlap detected: Fish 2 ↔ Fish 5 [frame 1518] IoU=0.01
  Overlap detected: Fish 3 ↔ Fish 4 [frame 1518] IoU=0.00
  Frozen during overlap [frame 1519]: Fish [1, 2, 3, 4, 5]
  Overlap detected: Fish 1 ↔ Fish 2 [frame 1519] IoU=0.02
  Overlap detected: Fish 2 ↔ Fish 5 [frame 1519] IoU=0.01
  Overlap detected: Fish 3 ↔ Fish 4 [frame 1519] IoU=0.00
  Frozen during overlap [frame 1520]: Fish [1, 2, 3, 4, 5]
  Overlap detected: Fish 1 ↔ Fish 2 [frame 1520] IoU=0.02
  Overlap detected: Fish 2 ↔ Fish 5 [frame 1520] IoU=0.01
  Overlap detected: Fish 3 ↔ Fish 4 [frame 1520] IoU=0.00
  Frozen during overlap [frame 1521]: Fish [1, 2, 3, 4, 5]
  Overlap detected: Fish 1 ↔ Fish 2 [frame 1521] IoU=0.02
  Overlap detected: Fish 2 ↔ Fish 5 [frame 1521] IoU=0.01
  Overlap detected: Fish 3 ↔ Fish 4 [frame 1521] IoU=0.00
  Frozen during overlap [frame 1522]: Fish [1, 2, 3, 4, 5]
  Overlap detected: Fish 1 ↔ Fish 2 [frame 1522] IoU=0.02
  Overlap detected: Fish 2 ↔ Fish 5 [frame 1522] IoU=0.01
  Overlap detected: Fish 3 ↔ Fish 4 [frame 1522] IoU=0.00
  Frozen during overlap [frame 1523]: Fish [1, 2, 3, 4, 5]
  Overlap detected: Fish 1 ↔ Fish 2 [frame 1523] IoU=0.02
  Overlap detected: Fish 2 ↔ Fish 5 [frame 1523] IoU=0.01
  Overlap detected: Fish 3 ↔ Fish 4 [frame 1523] IoU=0.00
  Frozen during overlap [frame 1524]: Fish [1, 2, 3, 4, 5]
  Overlap detected: Fish 1 ↔ Fish 2 [frame 1524] IoU=0.02
  Overlap detected: Fish 2 ↔ Fish 5 [frame 1524] IoU=0.01
  Overlap detected: Fish 3 ↔ Fish 4 [frame 1524] IoU=0.00
  Frozen during overlap [frame 1525]: Fish [1, 2, 3, 4, 5]
  Overlap detected: Fish 1 ↔ Fish 2 [frame 1525] IoU=0.02
  Overlap detected: Fish 2 ↔ Fish 5 [frame 1525] IoU=0.01
  Overlap detected: Fish 3 ↔ Fish 4 [frame 1525] IoU=0.00
  Frozen during overlap [frame 1526]: Fish [1, 2, 3, 4, 5]
  Overlap detected: Fish 1 ↔ Fish 2 [frame 1526] IoU=0.02
  Overlap detected: Fish 2 ↔ Fish 5 [frame 1526] IoU=0.01
  Overlap detected: Fish 3 ↔ Fish 4 [frame 1526] IoU=0.00
  Frozen during overlap [frame 1527]: Fish [1, 2, 3, 4, 5]
  Overlap detected: Fish 1 ↔ Fish 2 [frame 1527] IoU=0.02
  Overlap detected: Fish 2 ↔ Fish 5 [frame 1527] IoU=0.01
  Overlap detected: Fish 3 ↔ Fish 4 [frame 1527] IoU=0.00
  Frozen during overlap [frame 1528]: Fish [1, 2, 3, 4, 5]
  Overlap detected: Fish 1 ↔ Fish 2 [frame 1528] IoU=0.02
  Overlap detected: Fish 2 ↔ Fish 5 [frame 1528] IoU=0.01
  Overlap detected: Fish 3 ↔ Fish 4 [frame 1528] IoU=0.00
  Frozen during overlap [frame 1529]: Fish [1, 2, 3, 4, 5]
  Overlap detected: Fish 1 ↔ Fish 2 [frame 1529] IoU=0.02
  Overlap detected: Fish 2 ↔ Fish 5 [frame 1529] IoU=0.01
  Overlap detected: Fish 3 ↔ Fish 4 [frame 1529] IoU=0.00
  Frozen during overlap [frame 1530]: Fish [1, 2, 3, 4, 5]
  Overlap detected: Fish 1 ↔ Fish 2 [frame 1530] IoU=0.02
  Overlap detected: Fish 2 ↔ Fish 5 [frame 1530] IoU=0.01
  Overlap detected: Fish 3 ↔ Fish 4 [frame 1530] IoU=0.00
  Frame 1530/3600 | second 25
  Frozen during overlap [frame 1531]: Fish [1, 2, 3, 4, 5]
  Overlap detected: Fish 1 ↔ Fish 2 [frame 1531] IoU=0.02
  Overlap detected: Fish 2 ↔ Fish 5 [frame 1531] IoU=0.01
  Overlap detected: Fish 3 ↔ Fish 4 [frame 1531] IoU=0.00
  Frozen during overlap [frame 1532]: Fish [1, 2, 3, 4, 5]
  Overlap detected: Fish 1 ↔ Fish 2 [frame 1532] IoU=0.02
  Overlap detected: Fish 2 ↔ Fish 5 [frame 1532] IoU=0.01
  Overlap detected: Fish 3 ↔ Fish 4 [frame 1532] IoU=0.00
  Frozen during overlap [frame 1533]: Fish [1, 2, 3, 4, 5]
  Overlap detected: Fish 1 ↔ Fish 2 [frame 1533] IoU=0.02
  Overlap detected: Fish 2 ↔ Fish 5 [frame 1533] IoU=0.01
  Overlap detected: Fish 3 ↔ Fish 4 [frame 1533] IoU=0.00
  Frozen during overlap [frame 1534]: Fish [1, 2, 3, 4, 5]
  Overlap detected: Fish 1 ↔ Fish 2 [frame 1534] IoU=0.02
  Overlap detected: Fish 2 ↔ Fish 5 [frame 1534] IoU=0.01
  Overlap detected: Fish 3 ↔ Fish 4 [frame 1534] IoU=0.00
  Frozen during overlap [frame 1535]: Fish [1, 2, 3, 4, 5]
  Overlap detected: Fish 1 ↔ Fish 2 [frame 1535] IoU=0.02
  Overlap detected: Fish 2 ↔ Fish 5 [frame 1535] IoU=0.01
  Overlap detected: Fish 3 ↔ Fish 4 [frame 1535] IoU=0.00
  Frozen during overlap [frame 1536]: Fish [1, 2, 3, 4, 5]
  Overlap detected: Fish 1 ↔ Fish 2 [frame 1536] IoU=0.02
  Overlap detected: Fish 2 ↔ Fish 5 [frame 1536] IoU=0.01
  Overlap detected: Fish 3 ↔ Fish 4 [frame 1536] IoU=0.00
  Frozen during overlap [frame 1537]: Fish [1, 2, 3, 4, 5]
  Overlap detected: Fish 1 ↔ Fish 2 [frame 1537] IoU=0.02
  Overlap detected: Fish 2 ↔ Fish 5 [frame 1537] IoU=0.01
  Overlap detected: Fish 3 ↔ Fish 4 [frame 1537] IoU=0.00
  Frozen during overlap [frame 1538]: Fish [1, 2, 3, 4, 5]
  Overlap detected: Fish 1 ↔ Fish 2 [frame 1538] IoU=0.02
  Overlap detected: Fish 2 ↔ Fish 5 [frame 1538] IoU=0.01
  Overlap detected: Fish 3 ↔ Fish 4 [frame 1538] IoU=0.00
  Frozen during overlap [frame 1539]: Fish [1, 2, 3, 4, 5]
  Overlap detected: Fish 1 ↔ Fish 2 [frame 1539] IoU=0.02
  Overlap detected: Fish 2 ↔ Fish 5 [frame 1539] IoU=0.01
  Overlap detected: Fish 3 ↔ Fish 4 [frame 1539] IoU=0.00
  Frozen during overlap [frame 1540]: Fish [1, 2, 3, 4, 5]
  Overlap detected: Fish 1 ↔ Fish 2 [frame 1540] IoU=0.02
  Overlap detected: Fish 2 ↔ Fish 5 [frame 1540] IoU=0.01
  Overlap detected: Fish 3 ↔ Fish 4 [frame 1540] IoU=0.00
  Frozen during overlap [frame 1541]: Fish [1, 2, 3, 4, 5]
  Overlap detected: Fish 1 ↔ Fish 2 [frame 1541] IoU=0.02
  Overlap detected: Fish 2 ↔ Fish 5 [frame 1541] IoU=0.01
  Overlap detected: Fish 3 ↔ Fish 4 [frame 1541] IoU=0.00
  Frozen during overlap [frame 1542]: Fish [1, 2, 3, 4, 5]
  Overlap detected: Fish 1 ↔ Fish 2 [frame 1542] IoU=0.02
  Overlap detected: Fish 2 ↔ Fish 5 [frame 1542] IoU=0.01
  Overlap detected: Fish 3 ↔ Fish 4 [frame 1542] IoU=0.00
  Frozen during overlap [frame 1543]: Fish [1, 2, 3, 4, 5]
  Overlap detected: Fish 1 ↔ Fish 2 [frame 1543] IoU=0.02
  Overlap detected: Fish 2 ↔ Fish 5 [frame 1543] IoU=0.01
  Overlap detected: Fish 3 ↔ Fish 4 [frame 1543] IoU=0.00
  Frozen during overlap [frame 1544]: Fish [1, 2, 3, 4, 5]
  Overlap detected: Fish 1 ↔ Fish 2 [frame 1544] IoU=0.02
  Overlap detected: Fish 2 ↔ Fish 5 [frame 1544] IoU=0.01
  Overlap detected: Fish 3 ↔ Fish 4 [frame 1544] IoU=0.00
  Frozen during overlap [frame 1545]: Fish [1, 2, 3, 4, 5]
  Overlap detected: Fish 1 ↔ Fish 2 [frame 1545] IoU=0.02
  Overlap detected: Fish 2 ↔ Fish 5 [frame 1545] IoU=0.01
  Overlap detected: Fish 3 ↔ Fish 4 [frame 1545] IoU=0.00
  Frozen during overlap [frame 1546]: Fish [1, 2, 3, 4, 5]
  Overlap detected: Fish 1 ↔ Fish 2 [frame 1546] IoU=0.02
  Overlap detected: Fish 2 ↔ Fish 5 [frame 1546] IoU=0.01
  Overlap detected: Fish 3 ↔ Fish 4 [frame 1546] IoU=0.00
  Frozen during overlap [frame 1547]: Fish [1, 2, 3, 4, 5]
  Overlap detected: Fish 1 ↔ Fish 2 [frame 1547] IoU=0.02
  Overlap detected: Fish 2 ↔ Fish 5 [frame 1547] IoU=0.01
  Overlap detected: Fish 3 ↔ Fish 4 [frame 1547] IoU=0.00
  Frozen during overlap [frame 1548]: Fish [1, 2, 3, 4, 5]
  Overlap detected: Fish 1 ↔ Fish 2 [frame 1548] IoU=0.02
  Overlap detected: Fish 2 ↔ Fish 5 [frame 1548] IoU=0.01
  Overlap detected: Fish 3 ↔ Fish 4 [frame 1548] IoU=0.00
  Frozen during overlap [frame 1549]: Fish [1, 2, 3, 4, 5]
  Overlap detected: Fish 1 ↔ Fish 2 [frame 1549] IoU=0.02
  Overlap detected: Fish 2 ↔ Fish 5 [frame 1549] IoU=0.01
  Overlap detected: Fish 3 ↔ Fish 4 [frame 1549] IoU=0.00
  Frozen during overlap [frame 1550]: Fish [1, 2, 3, 4, 5]
  Overlap detected: Fish 1 ↔ Fish 2 [frame 1550] IoU=0.02
  Overlap detected: Fish 2 ↔ Fish 5 [frame 1550] IoU=0.01
  Overlap detected: Fish 3 ↔ Fish 4 [frame 1550] IoU=0.00
  Frozen during overlap [frame 1551]: Fish [1, 2, 3, 4, 5]
  Overlap detected: Fish 1 ↔ Fish 2 [frame 1551] IoU=0.02
  Overlap detected: Fish 2 ↔ Fish 5 [frame 1551] IoU=0.01
  Overlap detected: Fish 3 ↔ Fish 4 [frame 1551] IoU=0.00
  Frozen during overlap [frame 1552]: Fish [1, 2, 3, 4, 5]
  Overlap detected: Fish 1 ↔ Fish 2 [frame 1552] IoU=0.02
  Overlap detected: Fish 2 ↔ Fish 5 [frame 1552] IoU=0.01
  Overlap detected: Fish 3 ↔ Fish 4 [frame 1552] IoU=0.00
  Frozen during overlap [frame 1553]: Fish [1, 2, 3, 4, 5]
  Overlap detected: Fish 1 ↔ Fish 2 [frame 1553] IoU=0.02
  Overlap detected: Fish 2 ↔ Fish 5 [frame 1553] IoU=0.01
  Overlap detected: Fish 3 ↔ Fish 4 [frame 1553] IoU=0.00
  Frozen during overlap [frame 1554]: Fish [1, 2, 3, 4, 5]
  Overlap detected: Fish 1 ↔ Fish 2 [frame 1554] IoU=0.02
  Overlap detected: Fish 2 ↔ Fish 5 [frame 1554] IoU=0.01
  Overlap detected: Fish 3 ↔ Fish 4 [frame 1554] IoU=0.00
  Frozen during overlap [frame 1555]: Fish [1, 2, 3, 4, 5]
  Overlap detected: Fish 1 ↔ Fish 2 [frame 1555] IoU=0.02
  Overlap detected: Fish 2 ↔ Fish 5 [frame 1555] IoU=0.01
  Overlap detected: Fish 3 ↔ Fish 4 [frame 1555] IoU=0.00
  Frozen during overlap [frame 1556]: Fish [1, 2, 3, 4, 5]
  Overlap detected: Fish 1 ↔ Fish 2 [frame 1556] IoU=0.02
  Overlap detected: Fish 2 ↔ Fish 5 [frame 1556] IoU=0.01
  Overlap detected: Fish 3 ↔ Fish 4 [frame 1556] IoU=0.00
  Frozen during overlap [frame 1557]: Fish [1, 2, 3, 4, 5]
  Overlap detected: Fish 1 ↔ Fish 2 [frame 1557] IoU=0.02
  Overlap detected: Fish 2 ↔ Fish 5 [frame 1557] IoU=0.01
  Overlap detected: Fish 3 ↔ Fish 4 [frame 1557] IoU=0.00
  Frozen during overlap [frame 1558]: Fish [1, 2, 3, 4, 5]
  Overlap detected: Fish 1 ↔ Fish 2 [frame 1558] IoU=0.02
  Overlap detected: Fish 2 ↔ Fish 5 [frame 1558] IoU=0.01
  Overlap detected: Fish 3 ↔ Fish 4 [frame 1558] IoU=0.00
  Frozen during overlap [frame 1559]: Fish [1, 2, 3, 4, 5]
  Overlap detected: Fish 1 ↔ Fish 2 [frame 1559] IoU=0.02
  Overlap detected: Fish 2 ↔ Fish 5 [frame 1559] IoU=0.01
  Overlap detected: Fish 3 ↔ Fish 4 [frame 1559] IoU=0.00
  Frozen during overlap [frame 1560]: Fish [1, 2, 3, 4, 5]
  Overlap detected: Fish 1 ↔ Fish 2 [frame 1560] IoU=0.02
  Overlap detected: Fish 2 ↔ Fish 5 [frame 1560] IoU=0.01
  Overlap detected: Fish 3 ↔ Fish 4 [frame 1560] IoU=0.00
  Frame 1560/3600 | second 26
  Frozen during overlap [frame 1561]: Fish [1, 2, 3, 4, 5]
  Overlap detected: Fish 1 ↔ Fish 2 [frame 1561] IoU=0.02
  Overlap detected: Fish 2 ↔ Fish 5 [frame 1561] IoU=0.01
  Overlap detected: Fish 3 ↔ Fish 4 [frame 1561] IoU=0.00
  Frozen during overlap [frame 1562]: Fish [1, 2, 3, 4, 5]
  Overlap detected: Fish 1 ↔ Fish 2 [frame 1562] IoU=0.02
  Overlap detected: Fish 2 ↔ Fish 5 [frame 1562] IoU=0.01
  Overlap detected: Fish 3 ↔ Fish 4 [frame 1562] IoU=0.00
  Frozen during overlap [frame 1563]: Fish [1, 2, 3, 4, 5]
  Overlap detected: Fish 1 ↔ Fish 2 [frame 1563] IoU=0.02
  Overlap detected: Fish 2 ↔ Fish 5 [frame 1563] IoU=0.01
  Overlap detected: Fish 3 ↔ Fish 4 [frame 1563] IoU=0.00
  Frozen during overlap [frame 1564]: Fish [1, 2, 3, 4, 5]
  Overlap detected: Fish 1 ↔ Fish 2 [frame 1564] IoU=0.02
  Overlap detected: Fish 2 ↔ Fish 5 [frame 1564] IoU=0.01
  Overlap detected: Fish 3 ↔ Fish 4 [frame 1564] IoU=0.00
  Frozen during overlap [frame 1565]: Fish [1, 2, 3, 4, 5]
  Overlap detected: Fish 1 ↔ Fish 2 [frame 1565] IoU=0.02
  Overlap detected: Fish 2 ↔ Fish 5 [frame 1565] IoU=0.01
  Overlap detected: Fish 3 ↔ Fish 4 [frame 1565] IoU=0.00
  Frozen during overlap [frame 1566]: Fish [1, 2, 3, 4, 5]
  Overlap detected: Fish 1 ↔ Fish 2 [frame 1566] IoU=0.02
  Overlap detected: Fish 2 ↔ Fish 5 [frame 1566] IoU=0.01
  Overlap detected: Fish 3 ↔ Fish 4 [frame 1566] IoU=0.00
  Frozen during overlap [frame 1567]: Fish [1, 2, 3, 4, 5]
  Overlap detected: Fish 1 ↔ Fish 2 [frame 1567] IoU=0.02
  Overlap detected: Fish 2 ↔ Fish 5 [frame 1567] IoU=0.01
  Overlap detected: Fish 3 ↔ Fish 4 [frame 1567] IoU=0.00
  Frozen during overlap [frame 1568]: Fish [1, 2, 3, 4, 5]
  Overlap detected: Fish 1 ↔ Fish 2 [frame 1568] IoU=0.02
  Overlap detected: Fish 2 ↔ Fish 5 [frame 1568] IoU=0.01
  Overlap detected: Fish 3 ↔ Fish 4 [frame 1568] IoU=0.00
  Frozen during overlap [frame 1569]: Fish [1, 2, 3, 4, 5]
  Overlap detected: Fish 1 ↔ Fish 2 [frame 1569] IoU=0.02
  Overlap detected: Fish 2 ↔ Fish 5 [frame 1569] IoU=0.01
  Overlap detected: Fish 3 ↔ Fish 4 [frame 1569] IoU=0.00
  Frozen during overlap [frame 1570]: Fish [1, 2, 3, 4, 5]
  Overlap detected: Fish 1 ↔ Fish 2 [frame 1570] IoU=0.02
  Overlap detected: Fish 2 ↔ Fish 5 [frame 1570] IoU=0.01
  Overlap detected: Fish 3 ↔ Fish 4 [frame 1570] IoU=0.00
  Frozen during overlap [frame 1571]: Fish [1, 2, 3, 4, 5]
  Overlap detected: Fish 1 ↔ Fish 2 [frame 1571] IoU=0.02
  Overlap detected: Fish 2 ↔ Fish 5 [frame 1571] IoU=0.01
  Overlap detected: Fish 3 ↔ Fish 4 [frame 1571] IoU=0.00
  Frozen during overlap [frame 1572]: Fish [1, 2, 3, 4, 5]
  Overlap detected: Fish 1 ↔ Fish 2 [frame 1572] IoU=0.02
  Overlap detected: Fish 2 ↔ Fish 5 [frame 1572] IoU=0.01
  Overlap detected: Fish 3 ↔ Fish 4 [frame 1572] IoU=0.00
  Frozen during overlap [frame 1573]: Fish [1, 2, 3, 4, 5]
  Overlap detected: Fish 1 ↔ Fish 2 [frame 1573] IoU=0.02
  Overlap detected: Fish 2 ↔ Fish 5 [frame 1573] IoU=0.01
  Overlap detected: Fish 3 ↔ Fish 4 [frame 1573] IoU=0.00
  Frozen during overlap [frame 1574]: Fish [1, 2, 3, 4, 5]
  Overlap detected: Fish 1 ↔ Fish 2 [frame 1574] IoU=0.02
  Overlap detected: Fish 2 ↔ Fish 5 [frame 1574] IoU=0.01
  Overlap detected: Fish 3 ↔ Fish 4 [frame 1574] IoU=0.00
  Frozen during overlap [frame 1575]: Fish [1, 2, 3, 4, 5]
  Overlap detected: Fish 1 ↔ Fish 2 [frame 1575] IoU=0.02
  Overlap detected: Fish 2 ↔ Fish 5 [frame 1575] IoU=0.01
  Overlap detected: Fish 3 ↔ Fish 4 [frame 1575] IoU=0.00
  Frozen during overlap [frame 1576]: Fish [1, 2, 3, 4, 5]
  Overlap detected: Fish 1 ↔ Fish 2 [frame 1576] IoU=0.02
  Overlap detected: Fish 2 ↔ Fish 5 [frame 1576] IoU=0.01
  Overlap detected: Fish 3 ↔ Fish 4 [frame 1576] IoU=0.00
  Frozen during overlap [frame 1577]: Fish [1, 2, 3, 4, 5]
  Overlap detected: Fish 1 ↔ Fish 2 [frame 1577] IoU=0.02
  Overlap detected: Fish 2 ↔ Fish 5 [frame 1577] IoU=0.01
  Overlap detected: Fish 3 ↔ Fish 4 [frame 1577] IoU=0.00
  Frozen during overlap [frame 1578]: Fish [1, 2, 3, 4, 5]
  Overlap detected: Fish 1 ↔ Fish 2 [frame 1578] IoU=0.02
  Overlap detected: Fish 2 ↔ Fish 5 [frame 1578] IoU=0.01
  Overlap detected: Fish 3 ↔ Fish 4 [frame 1578] IoU=0.00
  Frozen during overlap [frame 1579]: Fish [1, 2, 3, 4, 5]
  Overlap detected: Fish 1 ↔ Fish 2 [frame 1579] IoU=0.02
  Overlap detected: Fish 2 ↔ Fish 5 [frame 1579] IoU=0.01
  Overlap detected: Fish 3 ↔ Fish 4 [frame 1579] IoU=0.00
  Frozen during overlap [frame 1580]: Fish [1, 2, 3, 4, 5]
  Overlap detected: Fish 1 ↔ Fish 2 [frame 1580] IoU=0.02
  Overlap detected: Fish 2 ↔ Fish 5 [frame 1580] IoU=0.01
  Overlap detected: Fish 3 ↔ Fish 4 [frame 1580] IoU=0.00
  Frozen during overlap [frame 1581]: Fish [1, 2, 3, 4, 5]
  Overlap detected: Fish 1 ↔ Fish 2 [frame 1581] IoU=0.02
  Overlap detected: Fish 2 ↔ Fish 5 [frame 1581] IoU=0.01
  Overlap detected: Fish 3 ↔ Fish 4 [frame 1581] IoU=0.00
  Frozen during overlap [frame 1582]: Fish [1, 2, 3, 4, 5]
  Overlap detected: Fish 1 ↔ Fish 2 [frame 1582] IoU=0.02
  Overlap detected: Fish 2 ↔ Fish 5 [frame 1582] IoU=0.01
  Overlap detected: Fish 3 ↔ Fish 4 [frame 1582] IoU=0.00
  Frozen during overlap [frame 1583]: Fish [1, 2, 3, 4, 5]
  Overlap detected: Fish 1 ↔ Fish 2 [frame 1583] IoU=0.02
  Overlap detected: Fish 2 ↔ Fish 5 [frame 1583] IoU=0.01
  Overlap detected: Fish 3 ↔ Fish 4 [frame 1583] IoU=0.00
  Frozen during overlap [frame 1584]: Fish [1, 2, 3, 4, 5]
  Overlap detected: Fish 1 ↔ Fish 2 [frame 1584] IoU=0.02
  Overlap detected: Fish 2 ↔ Fish 5 [frame 1584] IoU=0.01
  Overlap detected: Fish 3 ↔ Fish 4 [frame 1584] IoU=0.00
  Frozen during overlap [frame 1585]: Fish [1, 2, 3, 4, 5]
  Overlap detected: Fish 1 ↔ Fish 2 [frame 1585] IoU=0.02
  Overlap detected: Fish 2 ↔ Fish 5 [frame 1585] IoU=0.01
  Overlap detected: Fish 3 ↔ Fish 4 [frame 1585] IoU=0.00
  Frozen during overlap [frame 1586]: Fish [1, 2, 3, 4, 5]
  Overlap detected: Fish 1 ↔ Fish 2 [frame 1586] IoU=0.02
  Overlap detected: Fish 2 ↔ Fish 5 [frame 1586] IoU=0.01
  Overlap detected: Fish 3 ↔ Fish 4 [frame 1586] IoU=0.00
  Frozen during overlap [frame 1587]: Fish [1, 2, 3, 4, 5]
  Overlap detected: Fish 1 ↔ Fish 2 [frame 1587] IoU=0.02
  Overlap detected: Fish 2 ↔ Fish 5 [frame 1587] IoU=0.01
  Overlap detected: Fish 3 ↔ Fish 4 [frame 1587] IoU=0.00
  Frozen during overlap [frame 1588]: Fish [1, 2, 3, 4, 5]
  Overlap detected: Fish 1 ↔ Fish 2 [frame 1588] IoU=0.02
  Overlap detected: Fish 2 ↔ Fish 5 [frame 1588] IoU=0.01
  Overlap detected: Fish 3 ↔ Fish 4 [frame 1588] IoU=0.00
  Frozen during overlap [frame 1589]: Fish [1, 2, 3, 4, 5]
  Overlap detected: Fish 1 ↔ Fish 2 [frame 1589] IoU=0.02
  Overlap detected: Fish 2 ↔ Fish 5 [frame 1589] IoU=0.01
  Overlap detected: Fish 3 ↔ Fish 4 [frame 1589] IoU=0.00
  Frozen during overlap [frame 1590]: Fish [1, 2, 3, 4, 5]
  Overlap detected: Fish 1 ↔ Fish 2 [frame 1590] IoU=0.02
  Overlap detected: Fish 2 ↔ Fish 5 [frame 1590] IoU=0.01
  Overlap detected: Fish 3 ↔ Fish 4 [frame 1590] IoU=0.00
  Frame 1590/3600 | second 26
  Frozen during overlap [frame 1591]: Fish [1, 2, 3, 4, 5]
  Overlap detected: Fish 1 ↔ Fish 2 [frame 1591] IoU=0.02
  Overlap detected: Fish 2 ↔ Fish 5 [frame 1591] IoU=0.01
  Overlap detected: Fish 3 ↔ Fish 4 [frame 1591] IoU=0.00
  Frozen during overlap [frame 1592]: Fish [1, 2, 3, 4, 5]
  Overlap detected: Fish 1 ↔ Fish 2 [frame 1592] IoU=0.02
  Overlap detected: Fish 2 ↔ Fish 5 [frame 1592] IoU=0.01
  Overlap detected: Fish 3 ↔ Fish 4 [frame 1592] IoU=0.00
  Frozen during overlap [frame 1593]: Fish [1, 2, 3, 4, 5]
  Overlap detected: Fish 1 ↔ Fish 2 [frame 1593] IoU=0.02
  Overlap detected: Fish 2 ↔ Fish 5 [frame 1593] IoU=0.01
  Overlap detected: Fish 3 ↔ Fish 4 [frame 1593] IoU=0.00
  Frozen during overlap [frame 1594]: Fish [1, 2, 3, 4, 5]
  Overlap detected: Fish 1 ↔ Fish 2 [frame 1594] IoU=0.02
  Overlap detected: Fish 2 ↔ Fish 5 [frame 1594] IoU=0.01
  Overlap detected: Fish 3 ↔ Fish 4 [frame 1594] IoU=0.00
  Frozen during overlap [frame 1595]: Fish [1, 2, 3, 4, 5]
  Overlap detected: Fish 1 ↔ Fish 2 [frame 1595] IoU=0.02
  Overlap detected: Fish 2 ↔ Fish 5 [frame 1595] IoU=0.01
  Overlap detected: Fish 3 ↔ Fish 4 [frame 1595] IoU=0.00
  Frozen during overlap [frame 1596]: Fish [1, 2, 3, 4, 5]
  Overlap detected: Fish 1 ↔ Fish 2 [frame 1596] IoU=0.02
  Overlap detected: Fish 2 ↔ Fish 5 [frame 1596] IoU=0.01
  Overlap detected: Fish 3 ↔ Fish 4 [frame 1596] IoU=0.00
  Frozen during overlap [frame 1597]: Fish [1, 2, 3, 4, 5]
  Overlap detected: Fish 1 ↔ Fish 2 [frame 1597] IoU=0.02
  Overlap detected: Fish 2 ↔ Fish 5 [frame 1597] IoU=0.01
  Overlap detected: Fish 3 ↔ Fish 4 [frame 1597] IoU=0.00
  Frozen during overlap [frame 1598]: Fish [1, 2, 3, 4, 5]
  Overlap detected: Fish 1 ↔ Fish 2 [frame 1598] IoU=0.02
  Overlap detected: Fish 2 ↔ Fish 5 [frame 1598] IoU=0.01
  Overlap detected: Fish 3 ↔ Fish 4 [frame 1598] IoU=0.00
  Frozen during overlap [frame 1599]: Fish [1, 2, 3, 4, 5]
  Overlap detected: Fish 1 ↔ Fish 2 [frame 1599] IoU=0.02
  Overlap detected: Fish 2 ↔ Fish 5 [frame 1599] IoU=0.01
  Overlap detected: Fish 3 ↔ Fish 4 [frame 1599] IoU=0.00
  Frozen during overlap [frame 1600]: Fish [1, 2, 3, 4, 5]
  Overlap detected: Fish 1 ↔ Fish 2 [frame 1600] IoU=0.02
  Overlap detected: Fish 2 ↔ Fish 5 [frame 1600] IoU=0.01
  Overlap detected: Fish 3 ↔ Fish 4 [frame 1600] IoU=0.00
  Frozen during overlap [frame 1601]: Fish [1, 2, 3, 4, 5]
  Overlap detected: Fish 1 ↔ Fish 2 [frame 1601] IoU=0.02
  Overlap detected: Fish 2 ↔ Fish 5 [frame 1601] IoU=0.01
  Overlap detected: Fish 3 ↔ Fish 4 [frame 1601] IoU=0.00
  Frozen during overlap [frame 1602]: Fish [1, 2, 3, 4, 5]
  Overlap detected: Fish 1 ↔ Fish 2 [frame 1602] IoU=0.02
  Overlap detected: Fish 2 ↔ Fish 5 [frame 1602] IoU=0.01
  Overlap detected: Fish 3 ↔ Fish 4 [frame 1602] IoU=0.00
  Frozen during overlap [frame 1603]: Fish [1, 2, 3, 4, 5]
  Overlap detected: Fish 1 ↔ Fish 2 [frame 1603] IoU=0.02
  Overlap detected: Fish 2 ↔ Fish 5 [frame 1603] IoU=0.01
  Overlap detected: Fish 3 ↔ Fish 4 [frame 1603] IoU=0.00
  Frozen during overlap [frame 1604]: Fish [1, 2, 3, 4, 5]
  Overlap detected: Fish 1 ↔ Fish 2 [frame 1604] IoU=0.02
  Overlap detected: Fish 2 ↔ Fish 5 [frame 1604] IoU=0.01
  Overlap detected: Fish 3 ↔ Fish 4 [frame 1604] IoU=0.00
  Frozen during overlap [frame 1605]: Fish [1, 2, 3, 4, 5]
  Overlap detected: Fish 1 ↔ Fish 2 [frame 1605] IoU=0.02
  Overlap detected: Fish 2 ↔ Fish 5 [frame 1605] IoU=0.01
  Overlap detected: Fish 3 ↔ Fish 4 [frame 1605] IoU=0.00
  Frozen during overlap [frame 1606]: Fish [1, 2, 3, 4, 5]
  Overlap detected: Fish 1 ↔ Fish 2 [frame 1606] IoU=0.02
  Overlap detected: Fish 2 ↔ Fish 5 [frame 1606] IoU=0.01
  Overlap detected: Fish 3 ↔ Fish 4 [frame 1606] IoU=0.00
  Frozen during overlap [frame 1607]: Fish [1, 2, 3, 4, 5]
  Overlap detected: Fish 1 ↔ Fish 2 [frame 1607] IoU=0.02
  Overlap detected: Fish 2 ↔ Fish 5 [frame 1607] IoU=0.01
  Overlap detected: Fish 3 ↔ Fish 4 [frame 1607] IoU=0.00
  Frozen during overlap [frame 1608]: Fish [1, 2, 3, 4, 5]
  Overlap detected: Fish 1 ↔ Fish 2 [frame 1608] IoU=0.02
  Overlap detected: Fish 2 ↔ Fish 5 [frame 1608] IoU=0.01
  Overlap detected: Fish 3 ↔ Fish 4 [frame 1608] IoU=0.00
  Frozen during overlap [frame 1609]: Fish [1, 2, 3, 4, 5]
  Overlap detected: Fish 1 ↔ Fish 2 [frame 1609] IoU=0.02
  Overlap detected: Fish 2 ↔ Fish 5 [frame 1609] IoU=0.01
  Overlap detected: Fish 3 ↔ Fish 4 [frame 1609] IoU=0.00
  Frozen during overlap [frame 1610]: Fish [1, 2, 3, 4, 5]
  Overlap detected: Fish 1 ↔ Fish 2 [frame 1610] IoU=0.02
  Overlap detected: Fish 2 ↔ Fish 5 [frame 1610] IoU=0.01
  Overlap detected: Fish 3 ↔ Fish 4 [frame 1610] IoU=0.00
  Frozen during overlap [frame 1611]: Fish [1, 2, 3, 4, 5]
  Overlap detected: Fish 1 ↔ Fish 2 [frame 1611] IoU=0.02
  Overlap detected: Fish 2 ↔ Fish 5 [frame 1611] IoU=0.01
  Overlap detected: Fish 3 ↔ Fish 4 [frame 1611] IoU=0.00
  Frozen during overlap [frame 1612]: Fish [1, 2, 3, 4, 5]
  Overlap detected: Fish 1 ↔ Fish 2 [frame 1612] IoU=0.02
  Overlap detected: Fish 2 ↔ Fish 5 [frame 1612] IoU=0.01
  Overlap detected: Fish 3 ↔ Fish 4 [frame 1612] IoU=0.00
  Frozen during overlap [frame 1613]: Fish [1, 2, 3, 4, 5]
  Overlap detected: Fish 1 ↔ Fish 2 [frame 1613] IoU=0.02
  Overlap detected: Fish 2 ↔ Fish 5 [frame 1613] IoU=0.01
  Overlap detected: Fish 3 ↔ Fish 4 [frame 1613] IoU=0.00
  Frozen during overlap [frame 1614]: Fish [1, 2, 3, 4, 5]
  Overlap detected: Fish 1 ↔ Fish 2 [frame 1614] IoU=0.02
  Overlap detected: Fish 2 ↔ Fish 5 [frame 1614] IoU=0.01
  Overlap detected: Fish 3 ↔ Fish 4 [frame 1614] IoU=0.00
  Frozen during overlap [frame 1615]: Fish [1, 2, 3, 4, 5]
  Overlap detected: Fish 1 ↔ Fish 2 [frame 1615] IoU=0.02
  Overlap detected: Fish 2 ↔ Fish 5 [frame 1615] IoU=0.01
  Overlap detected: Fish 3 ↔ Fish 4 [frame 1615] IoU=0.00
  Frozen during overlap [frame 1616]: Fish [1, 2, 3, 4, 5]
  Overlap detected: Fish 1 ↔ Fish 2 [frame 1616] IoU=0.02
  Overlap detected: Fish 2 ↔ Fish 5 [frame 1616] IoU=0.01
  Overlap detected: Fish 3 ↔ Fish 4 [frame 1616] IoU=0.00
  Frozen during overlap [frame 1617]: Fish [1, 2, 3, 4, 5]
  Overlap detected: Fish 1 ↔ Fish 2 [frame 1617] IoU=0.02
  Overlap detected: Fish 2 ↔ Fish 5 [frame 1617] IoU=0.01
  Overlap detected: Fish 3 ↔ Fish 4 [frame 1617] IoU=0.00
  Frozen during overlap [frame 1618]: Fish [1, 2, 3, 4, 5]
  Overlap detected: Fish 1 ↔ Fish 2 [frame 1618] IoU=0.02
  Overlap detected: Fish 2 ↔ Fish 5 [frame 1618] IoU=0.01
  Overlap detected: Fish 3 ↔ Fish 4 [frame 1618] IoU=0.00
  Frozen during overlap [frame 1619]: Fish [1, 2, 3, 4, 5]
  Overlap detected: Fish 1 ↔ Fish 2 [frame 1619] IoU=0.02
  Overlap detected: Fish 2 ↔ Fish 5 [frame 1619] IoU=0.01
  Overlap detected: Fish 3 ↔ Fish 4 [frame 1619] IoU=0.00
  Frozen during overlap [frame 1620]: Fish [1, 2, 3, 4, 5]
  Overlap detected: Fish 1 ↔ Fish 2 [frame 1620] IoU=0.02
  Overlap detected: Fish 2 ↔ Fish 5 [frame 1620] IoU=0.01
  Overlap detected: Fish 3 ↔ Fish 4 [frame 1620] IoU=0.00
  Frame 1620/3600 | second 27
  Frozen during overlap [frame 1621]: Fish [1, 2, 3, 4, 5]
  Overlap detected: Fish 1 ↔ Fish 2 [frame 1621] IoU=0.02
  Overlap detected: Fish 2 ↔ Fish 5 [frame 1621] IoU=0.01
  Overlap detected: Fish 3 ↔ Fish 4 [frame 1621] IoU=0.00
  Frozen during overlap [frame 1622]: Fish [1, 2, 3, 4, 5]
  Overlap detected: Fish 1 ↔ Fish 2 [frame 1622] IoU=0.02
  Overlap detected: Fish 2 ↔ Fish 5 [frame 1622] IoU=0.01
  Overlap detected: Fish 3 ↔ Fish 4 [frame 1622] IoU=0.00
  Frozen during overlap [frame 1623]: Fish [1, 2, 3, 4, 5]
  Overlap detected: Fish 1 ↔ Fish 2 [frame 1623] IoU=0.02
  Overlap detected: Fish 2 ↔ Fish 5 [frame 1623] IoU=0.01
  Overlap detected: Fish 3 ↔ Fish 4 [frame 1623] IoU=0.00
  Frozen during overlap [frame 1624]: Fish [1, 2, 3, 4, 5]
  Overlap detected: Fish 1 ↔ Fish 2 [frame 1624] IoU=0.02
  Overlap detected: Fish 2 ↔ Fish 5 [frame 1624] IoU=0.01
  Overlap detected: Fish 3 ↔ Fish 4 [frame 1624] IoU=0.00
  Frozen during overlap [frame 1625]: Fish [1, 2, 3, 4, 5]
  Overlap detected: Fish 1 ↔ Fish 2 [frame 1625] IoU=0.02
  Overlap detected: Fish 2 ↔ Fish 5 [frame 1625] IoU=0.01
  Overlap detected: Fish 3 ↔ Fish 4 [frame 1625] IoU=0.00
  Frozen during overlap [frame 1626]: Fish [1, 2, 3, 4, 5]
  Overlap detected: Fish 1 ↔ Fish 2 [frame 1626] IoU=0.02
  Overlap detected: Fish 2 ↔ Fish 5 [frame 1626] IoU=0.01
  Overlap detected: Fish 3 ↔ Fish 4 [frame 1626] IoU=0.00
  Frozen during overlap [frame 1627]: Fish [1, 2, 3, 4, 5]
  Overlap detected: Fish 1 ↔ Fish 2 [frame 1627] IoU=0.02
  Overlap detected: Fish 2 ↔ Fish 5 [frame 1627] IoU=0.01
  Overlap detected: Fish 3 ↔ Fish 4 [frame 1627] IoU=0.00
  Frozen during overlap [frame 1628]: Fish [1, 2, 3, 4, 5]
  Overlap detected: Fish 1 ↔ Fish 2 [frame 1628] IoU=0.02
  Overlap detected: Fish 2 ↔ Fish 5 [frame 1628] IoU=0.01
  Overlap detected: Fish 3 ↔ Fish 4 [frame 1628] IoU=0.00
  Frozen during overlap [frame 1629]: Fish [1, 2, 3, 4, 5]
  Overlap detected: Fish 1 ↔ Fish 2 [frame 1629] IoU=0.02
  Overlap detected: Fish 2 ↔ Fish 5 [frame 1629] IoU=0.01
  Overlap detected: Fish 3 ↔ Fish 4 [frame 1629] IoU=0.00
  Frozen during overlap [frame 1630]: Fish [1, 2, 3, 4, 5]
  Overlap detected: Fish 1 ↔ Fish 2 [frame 1630] IoU=0.02
  Overlap detected: Fish 2 ↔ Fish 5 [frame 1630] IoU=0.01
  Overlap detected: Fish 3 ↔ Fish 4 [frame 1630] IoU=0.00
  Frozen during overlap [frame 1631]: Fish [1, 2, 3, 4, 5]
  Overlap detected: Fish 1 ↔ Fish 2 [frame 1631] IoU=0.02
  Overlap detected: Fish 2 ↔ Fish 5 [frame 1631] IoU=0.01
  Overlap detected: Fish 3 ↔ Fish 4 [frame 1631] IoU=0.00
  Frozen during overlap [frame 1632]: Fish [1, 2, 3, 4, 5]
  Overlap detected: Fish 1 ↔ Fish 2 [frame 1632] IoU=0.02
  Overlap detected: Fish 2 ↔ Fish 5 [frame 1632] IoU=0.01
  Overlap detected: Fish 3 ↔ Fish 4 [frame 1632] IoU=0.00
  Frozen during overlap [frame 1633]: Fish [1, 2, 3, 4, 5]
  Overlap detected: Fish 1 ↔ Fish 2 [frame 1633] IoU=0.02
  Overlap detected: Fish 2 ↔ Fish 5 [frame 1633] IoU=0.01
  Overlap detected: Fish 3 ↔ Fish 4 [frame 1633] IoU=0.00
  Frozen during overlap [frame 1634]: Fish [1, 2, 3, 4, 5]
  Overlap detected: Fish 1 ↔ Fish 2 [frame 1634] IoU=0.02
  Overlap detected: Fish 2 ↔ Fish 5 [frame 1634] IoU=0.01
  Overlap detected: Fish 3 ↔ Fish 4 [frame 1634] IoU=0.00
  Frozen during overlap [frame 1635]: Fish [1, 2, 3, 4, 5]
  Overlap detected: Fish 1 ↔ Fish 2 [frame 1635] IoU=0.02
  Overlap detected: Fish 2 ↔ Fish 5 [frame 1635] IoU=0.01
  Overlap detected: Fish 3 ↔ Fish 4 [frame 1635] IoU=0.00
  Frozen during overlap [frame 1636]: Fish [1, 2, 3, 4, 5]
  Overlap detected: Fish 1 ↔ Fish 2 [frame 1636] IoU=0.02
  Overlap detected: Fish 2 ↔ Fish 5 [frame 1636] IoU=0.01
  Overlap detected: Fish 3 ↔ Fish 4 [frame 1636] IoU=0.00
  Frozen during overlap [frame 1637]: Fish [1, 2, 3, 4, 5]
  Overlap detected: Fish 1 ↔ Fish 2 [frame 1637] IoU=0.02
  Overlap detected: Fish 2 ↔ Fish 5 [frame 1637] IoU=0.01
  Overlap detected: Fish 3 ↔ Fish 4 [frame 1637] IoU=0.00
  Frozen during overlap [frame 1638]: Fish [1, 2, 3, 4, 5]
  Overlap detected: Fish 1 ↔ Fish 2 [frame 1638] IoU=0.02
  Overlap detected: Fish 2 ↔ Fish 5 [frame 1638] IoU=0.01
  Overlap detected: Fish 3 ↔ Fish 4 [frame 1638] IoU=0.00
  Frozen during overlap [frame 1639]: Fish [1, 2, 3, 4, 5]
  Overlap detected: Fish 1 ↔ Fish 2 [frame 1639] IoU=0.02
  Overlap detected: Fish 2 ↔ Fish 5 [frame 1639] IoU=0.01
  Overlap detected: Fish 3 ↔ Fish 4 [frame 1639] IoU=0.00
  Frozen during overlap [frame 1640]: Fish [1, 2, 3, 4, 5]
  Overlap detected: Fish 1 ↔ Fish 2 [frame 1640] IoU=0.02
  Overlap detected: Fish 2 ↔ Fish 5 [frame 1640] IoU=0.01
  Overlap detected: Fish 3 ↔ Fish 4 [frame 1640] IoU=0.00
  Frozen during overlap [frame 1641]: Fish [1, 2, 3, 4, 5]
  Overlap detected: Fish 1 ↔ Fish 2 [frame 1641] IoU=0.02
  Overlap detected: Fish 2 ↔ Fish 5 [frame 1641] IoU=0.01
  Overlap detected: Fish 3 ↔ Fish 4 [frame 1641] IoU=0.00
  Frozen during overlap [frame 1642]: Fish [1, 2, 3, 4, 5]
  Overlap detected: Fish 1 ↔ Fish 2 [frame 1642] IoU=0.02
  Overlap detected: Fish 2 ↔ Fish 5 [frame 1642] IoU=0.01
  Overlap detected: Fish 3 ↔ Fish 4 [frame 1642] IoU=0.00
  Frozen during overlap [frame 1643]: Fish [1, 2, 3, 4, 5]
  Overlap detected: Fish 1 ↔ Fish 2 [frame 1643] IoU=0.02
  Overlap detected: Fish 2 ↔ Fish 5 [frame 1643] IoU=0.01
  Overlap detected: Fish 3 ↔ Fish 4 [frame 1643] IoU=0.00
  Frozen during overlap [frame 1644]: Fish [1, 2, 3, 4, 5]
  Overlap detected: Fish 1 ↔ Fish 2 [frame 1644] IoU=0.02
  Overlap detected: Fish 2 ↔ Fish 5 [frame 1644] IoU=0.01
  Overlap detected: Fish 3 ↔ Fish 4 [frame 1644] IoU=0.00
  Frozen during overlap [frame 1645]: Fish [1, 2, 3, 4, 5]
  Overlap detected: Fish 1 ↔ Fish 2 [frame 1645] IoU=0.02
  Overlap detected: Fish 2 ↔ Fish 5 [frame 1645] IoU=0.01
  Overlap detected: Fish 3 ↔ Fish 4 [frame 1645] IoU=0.00
  Frozen during overlap [frame 1646]: Fish [1, 2, 3, 4, 5]
  Overlap detected: Fish 1 ↔ Fish 2 [frame 1646] IoU=0.02
  Overlap detected: Fish 2 ↔ Fish 5 [frame 1646] IoU=0.01
  Overlap detected: Fish 3 ↔ Fish 4 [frame 1646] IoU=0.00
  Frozen during overlap [frame 1647]: Fish [1, 2, 3, 4, 5]
  Overlap detected: Fish 1 ↔ Fish 2 [frame 1647] IoU=0.02
  Overlap detected: Fish 2 ↔ Fish 5 [frame 1647] IoU=0.01
  Overlap detected: Fish 3 ↔ Fish 4 [frame 1647] IoU=0.00
  Frozen during overlap [frame 1648]: Fish [1, 2, 3, 4, 5]
  Overlap detected: Fish 1 ↔ Fish 2 [frame 1648] IoU=0.02
  Overlap detected: Fish 2 ↔ Fish 5 [frame 1648] IoU=0.01
  Overlap detected: Fish 3 ↔ Fish 4 [frame 1648] IoU=0.00
  Frozen during overlap [frame 1649]: Fish [1, 2, 3, 4, 5]
  Overlap detected: Fish 1 ↔ Fish 2 [frame 1649] IoU=0.02
  Overlap detected: Fish 2 ↔ Fish 5 [frame 1649] IoU=0.01
  Overlap detected: Fish 3 ↔ Fish 4 [frame 1649] IoU=0.00
  Frozen during overlap [frame 1650]: Fish [1, 2, 3, 4, 5]
  Overlap detected: Fish 1 ↔ Fish 2 [frame 1650] IoU=0.02
  Overlap detected: Fish 2 ↔ Fish 5 [frame 1650] IoU=0.01
  Overlap detected: Fish 3 ↔ Fish 4 [frame 1650] IoU=0.00
  Frame 1650/3600 | second 27
  Frozen during overlap [frame 1651]: Fish [1, 2, 3, 4, 5]
  Overlap detected: Fish 1 ↔ Fish 2 [frame 1651] IoU=0.02
  Overlap detected: Fish 2 ↔ Fish 5 [frame 1651] IoU=0.01
  Overlap detected: Fish 3 ↔ Fish 4 [frame 1651] IoU=0.00
  Frozen during overlap [frame 1652]: Fish [1, 2, 3, 4, 5]
  Overlap detected: Fish 1 ↔ Fish 2 [frame 1652] IoU=0.02
  Overlap detected: Fish 2 ↔ Fish 5 [frame 1652] IoU=0.01
  Overlap detected: Fish 3 ↔ Fish 4 [frame 1652] IoU=0.00
  Frozen during overlap [frame 1653]: Fish [1, 2, 3, 4, 5]
  Overlap detected: Fish 1 ↔ Fish 2 [frame 1653] IoU=0.02
  Overlap detected: Fish 2 ↔ Fish 5 [frame 1653] IoU=0.01
  Overlap detected: Fish 3 ↔ Fish 4 [frame 1653] IoU=0.00
  Frozen during overlap [frame 1654]: Fish [1, 2, 3, 4, 5]
  Overlap detected: Fish 1 ↔ Fish 2 [frame 1654] IoU=0.02
  Overlap detected: Fish 2 ↔ Fish 5 [frame 1654] IoU=0.01
  Overlap detected: Fish 3 ↔ Fish 4 [frame 1654] IoU=0.00
  Frozen during overlap [frame 1655]: Fish [1, 2, 3, 4, 5]
  Overlap detected: Fish 1 ↔ Fish 2 [frame 1655] IoU=0.02
  Overlap detected: Fish 2 ↔ Fish 5 [frame 1655] IoU=0.01
  Overlap detected: Fish 3 ↔ Fish 4 [frame 1655] IoU=0.00
  Frozen during overlap [frame 1656]: Fish [1, 2, 3, 4, 5]
  Overlap detected: Fish 1 ↔ Fish 2 [frame 1656] IoU=0.02
  Overlap detected: Fish 2 ↔ Fish 5 [frame 1656] IoU=0.01
  Overlap detected: Fish 3 ↔ Fish 4 [frame 1656] IoU=0.00
  Frozen during overlap [frame 1657]: Fish [1, 2, 3, 4, 5]
  Overlap detected: Fish 1 ↔ Fish 2 [frame 1657] IoU=0.02
  Overlap detected: Fish 2 ↔ Fish 5 [frame 1657] IoU=0.01
  Overlap detected: Fish 3 ↔ Fish 4 [frame 1657] IoU=0.00
  Frozen during overlap [frame 1658]: Fish [1, 2, 3, 4, 5]
  Overlap detected: Fish 1 ↔ Fish 2 [frame 1658] IoU=0.02
  Overlap detected: Fish 2 ↔ Fish 5 [frame 1658] IoU=0.01
  Overlap detected: Fish 3 ↔ Fish 4 [frame 1658] IoU=0.00
  Frozen during overlap [frame 1659]: Fish [1, 2, 3, 4, 5]
  Overlap detected: Fish 1 ↔ Fish 2 [frame 1659] IoU=0.02
  Overlap detected: Fish 2 ↔ Fish 5 [frame 1659] IoU=0.01
  Overlap detected: Fish 3 ↔ Fish 4 [frame 1659] IoU=0.00
  Frozen during overlap [frame 1660]: Fish [1, 2, 3, 4, 5]
  Overlap detected: Fish 1 ↔ Fish 2 [frame 1660] IoU=0.02
  Overlap detected: Fish 2 ↔ Fish 5 [frame 1660] IoU=0.01
  Overlap detected: Fish 3 ↔ Fish 4 [frame 1660] IoU=0.00
  Frozen during overlap [frame 1661]: Fish [1, 2, 3, 4, 5]
  Overlap detected: Fish 1 ↔ Fish 2 [frame 1661] IoU=0.02
  Overlap detected: Fish 2 ↔ Fish 5 [frame 1661] IoU=0.01
  Overlap detected: Fish 3 ↔ Fish 4 [frame 1661] IoU=0.00
  Frozen during overlap [frame 1662]: Fish [1, 2, 3, 4, 5]
  Overlap detected: Fish 1 ↔ Fish 2 [frame 1662] IoU=0.02
  Overlap detected: Fish 2 ↔ Fish 5 [frame 1662] IoU=0.01
  Overlap detected: Fish 3 ↔ Fish 4 [frame 1662] IoU=0.00
  Frozen during overlap [frame 1663]: Fish [1, 2, 3, 4, 5]
  Overlap detected: Fish 1 ↔ Fish 2 [frame 1663] IoU=0.02
  Overlap detected: Fish 2 ↔ Fish 5 [frame 1663] IoU=0.01
  Overlap detected: Fish 3 ↔ Fish 4 [frame 1663] IoU=0.00
  Frozen during overlap [frame 1664]: Fish [1, 2, 3, 4, 5]
  Overlap detected: Fish 1 ↔ Fish 2 [frame 1664] IoU=0.02
  Overlap detected: Fish 2 ↔ Fish 5 [frame 1664] IoU=0.01
  Overlap detected: Fish 3 ↔ Fish 4 [frame 1664] IoU=0.00
  Frozen during overlap [frame 1665]: Fish [1, 2, 3, 4, 5]
  Overlap detected: Fish 1 ↔ Fish 2 [frame 1665] IoU=0.02
  Overlap detected: Fish 2 ↔ Fish 5 [frame 1665] IoU=0.01
  Overlap detected: Fish 3 ↔ Fish 4 [frame 1665] IoU=0.00
  Frozen during overlap [frame 1666]: Fish [1, 2, 3, 4, 5]
  Overlap detected: Fish 1 ↔ Fish 2 [frame 1666] IoU=0.02
  Overlap detected: Fish 2 ↔ Fish 5 [frame 1666] IoU=0.01
  Overlap detected: Fish 3 ↔ Fish 4 [frame 1666] IoU=0.00
  Frozen during overlap [frame 1667]: Fish [1, 2, 3, 4, 5]
  Overlap detected: Fish 1 ↔ Fish 2 [frame 1667] IoU=0.02
  Overlap detected: Fish 2 ↔ Fish 5 [frame 1667] IoU=0.01
  Overlap detected: Fish 3 ↔ Fish 4 [frame 1667] IoU=0.00
  Frozen during overlap [frame 1668]: Fish [1, 2, 3, 4, 5]
  Overlap detected: Fish 1 ↔ Fish 2 [frame 1668] IoU=0.02
  Overlap detected: Fish 2 ↔ Fish 5 [frame 1668] IoU=0.01
  Overlap detected: Fish 3 ↔ Fish 4 [frame 1668] IoU=0.00
  Frozen during overlap [frame 1669]: Fish [1, 2, 3, 4, 5]
  Overlap detected: Fish 1 ↔ Fish 2 [frame 1669] IoU=0.02
  Overlap detected: Fish 2 ↔ Fish 5 [frame 1669] IoU=0.01
  Overlap detected: Fish 3 ↔ Fish 4 [frame 1669] IoU=0.00
  Frozen during overlap [frame 1670]: Fish [1, 2, 3, 4, 5]
  Overlap detected: Fish 1 ↔ Fish 2 [frame 1670] IoU=0.02
  Overlap detected: Fish 2 ↔ Fish 5 [frame 1670] IoU=0.01
  Overlap detected: Fish 3 ↔ Fish 4 [frame 1670] IoU=0.00
  Frozen during overlap [frame 1671]: Fish [1, 2, 3, 4, 5]
  Overlap detected: Fish 1 ↔ Fish 2 [frame 1671] IoU=0.02
  Overlap detected: Fish 2 ↔ Fish 5 [frame 1671] IoU=0.01
  Overlap detected: Fish 3 ↔ Fish 4 [frame 1671] IoU=0.00
  Frozen during overlap [frame 1672]: Fish [1, 2, 3, 4, 5]
  Overlap detected: Fish 1 ↔ Fish 2 [frame 1672] IoU=0.02
  Overlap detected: Fish 2 ↔ Fish 5 [frame 1672] IoU=0.01
  Overlap detected: Fish 3 ↔ Fish 4 [frame 1672] IoU=0.00
  Frozen during overlap [frame 1673]: Fish [1, 2, 3, 4, 5]
  Overlap detected: Fish 1 ↔ Fish 2 [frame 1673] IoU=0.02
  Overlap detected: Fish 2 ↔ Fish 5 [frame 1673] IoU=0.01
  Overlap detected: Fish 3 ↔ Fish 4 [frame 1673] IoU=0.00
  Frozen during overlap [frame 1674]: Fish [1, 2, 3, 4, 5]
  Overlap detected: Fish 1 ↔ Fish 2 [frame 1674] IoU=0.02
  Overlap detected: Fish 2 ↔ Fish 5 [frame 1674] IoU=0.01
  Overlap detected: Fish 3 ↔ Fish 4 [frame 1674] IoU=0.00
  Frozen during overlap [frame 1675]: Fish [1, 2, 3, 4, 5]
  Overlap detected: Fish 1 ↔ Fish 2 [frame 1675] IoU=0.02
  Overlap detected: Fish 2 ↔ Fish 5 [frame 1675] IoU=0.01
  Overlap detected: Fish 3 ↔ Fish 4 [frame 1675] IoU=0.00
  Frozen during overlap [frame 1676]: Fish [1, 2, 3, 4, 5]
  Overlap detected: Fish 1 ↔ Fish 2 [frame 1676] IoU=0.02
  Overlap detected: Fish 2 ↔ Fish 5 [frame 1676] IoU=0.01
  Overlap detected: Fish 3 ↔ Fish 4 [frame 1676] IoU=0.00
  Frozen during overlap [frame 1677]: Fish [1, 2, 3, 4, 5]
  Overlap detected: Fish 1 ↔ Fish 2 [frame 1677] IoU=0.02
  Overlap detected: Fish 2 ↔ Fish 5 [frame 1677] IoU=0.01
  Overlap detected: Fish 3 ↔ Fish 4 [frame 1677] IoU=0.00
  Frozen during overlap [frame 1678]: Fish [1, 2, 3, 4, 5]
  Overlap detected: Fish 1 ↔ Fish 2 [frame 1678] IoU=0.02
  Overlap detected: Fish 2 ↔ Fish 5 [frame 1678] IoU=0.01
  Overlap detected: Fish 3 ↔ Fish 4 [frame 1678] IoU=0.00
  Frozen during overlap [frame 1679]: Fish [1, 2, 3, 4, 5]
  Overlap detected: Fish 1 ↔ Fish 2 [frame 1679] IoU=0.02
  Overlap detected: Fish 2 ↔ Fish 5 [frame 1679] IoU=0.01
  Overlap detected: Fish 3 ↔ Fish 4 [frame 1679] IoU=0.00
  Frozen during overlap [frame 1680]: Fish [1, 2, 3, 4, 5]
  Overlap detected: Fish 1 ↔ Fish 2 [frame 1680] IoU=0.02
  Overlap detected: Fish 2 ↔ Fish 5 [frame 1680] IoU=0.01
  Overlap detected: Fish 3 ↔ Fish 4 [frame 1680] IoU=0.00
  Frame 1680/3600 | second 28
  Frozen during overlap [frame 1681]: Fish [1, 2, 3, 4, 5]
  Overlap detected: Fish 1 ↔ Fish 2 [frame 1681] IoU=0.02
  Overlap detected: Fish 2 ↔ Fish 5 [frame 1681] IoU=0.01
  Overlap detected: Fish 3 ↔ Fish 4 [frame 1681] IoU=0.00
  Frozen during overlap [frame 1682]: Fish [1, 2, 3, 4, 5]
  Overlap detected: Fish 1 ↔ Fish 2 [frame 1682] IoU=0.02
  Overlap detected: Fish 2 ↔ Fish 5 [frame 1682] IoU=0.01
  Overlap detected: Fish 3 ↔ Fish 4 [frame 1682] IoU=0.00
  Frozen during overlap [frame 1683]: Fish [1, 2, 3, 4, 5]
  Overlap detected: Fish 1 ↔ Fish 2 [frame 1683] IoU=0.02
  Overlap detected: Fish 2 ↔ Fish 5 [frame 1683] IoU=0.01
  Overlap detected: Fish 3 ↔ Fish 4 [frame 1683] IoU=0.00
  Frozen during overlap [frame 1684]: Fish [1, 2, 3, 4, 5]
  Overlap detected: Fish 1 ↔ Fish 2 [frame 1684] IoU=0.02
  Overlap detected: Fish 2 ↔ Fish 5 [frame 1684] IoU=0.01
  Overlap detected: Fish 3 ↔ Fish 4 [frame 1684] IoU=0.00
  Frozen during overlap [frame 1685]: Fish [1, 2, 3, 4, 5]
  Overlap detected: Fish 1 ↔ Fish 2 [frame 1685] IoU=0.02
  Overlap detected: Fish 2 ↔ Fish 5 [frame 1685] IoU=0.01
  Overlap detected: Fish 3 ↔ Fish 4 [frame 1685] IoU=0.00
  Frozen during overlap [frame 1686]: Fish [1, 2, 3, 4, 5]
  Overlap detected: Fish 1 ↔ Fish 2 [frame 1686] IoU=0.02
  Overlap detected: Fish 2 ↔ Fish 5 [frame 1686] IoU=0.01
  Overlap detected: Fish 3 ↔ Fish 4 [frame 1686] IoU=0.00
  Frozen during overlap [frame 1687]: Fish [1, 2, 3, 4, 5]
  Overlap detected: Fish 1 ↔ Fish 2 [frame 1687] IoU=0.02
  Overlap detected: Fish 2 ↔ Fish 5 [frame 1687] IoU=0.01
  Overlap detected: Fish 3 ↔ Fish 4 [frame 1687] IoU=0.00
  Frozen during overlap [frame 1688]: Fish [1, 2, 3, 4, 5]
  Overlap detected: Fish 1 ↔ Fish 2 [frame 1688] IoU=0.02
  Overlap detected: Fish 2 ↔ Fish 5 [frame 1688] IoU=0.01
  Overlap detected: Fish 3 ↔ Fish 4 [frame 1688] IoU=0.00
  Frozen during overlap [frame 1689]: Fish [1, 2, 3, 4, 5]
  Overlap detected: Fish 1 ↔ Fish 2 [frame 1689] IoU=0.02
  Overlap detected: Fish 2 ↔ Fish 5 [frame 1689] IoU=0.01
  Overlap detected: Fish 3 ↔ Fish 4 [frame 1689] IoU=0.00
  Frozen during overlap [frame 1690]: Fish [1, 2, 3, 4, 5]
  Overlap detected: Fish 1 ↔ Fish 2 [frame 1690] IoU=0.02
  Overlap detected: Fish 2 ↔ Fish 5 [frame 1690] IoU=0.01
  Overlap detected: Fish 3 ↔ Fish 4 [frame 1690] IoU=0.00
  Frozen during overlap [frame 1691]: Fish [1, 2, 3, 4, 5]
  Overlap detected: Fish 1 ↔ Fish 2 [frame 1691] IoU=0.02
  Overlap detected: Fish 2 ↔ Fish 5 [frame 1691] IoU=0.01
  Overlap detected: Fish 3 ↔ Fish 4 [frame 1691] IoU=0.00
  Frozen during overlap [frame 1692]: Fish [1, 2, 3, 4, 5]
  Overlap detected: Fish 1 ↔ Fish 2 [frame 1692] IoU=0.02
  Overlap detected: Fish 2 ↔ Fish 5 [frame 1692] IoU=0.01
  Overlap detected: Fish 3 ↔ Fish 4 [frame 1692] IoU=0.00
  Frozen during overlap [frame 1693]: Fish [1, 2, 3, 4, 5]
  Overlap detected: Fish 1 ↔ Fish 2 [frame 1693] IoU=0.02
  Overlap detected: Fish 2 ↔ Fish 5 [frame 1693] IoU=0.01
  Overlap detected: Fish 3 ↔ Fish 4 [frame 1693] IoU=0.00
  Frozen during overlap [frame 1694]: Fish [1, 2, 3, 4, 5]
  Overlap detected: Fish 1 ↔ Fish 2 [frame 1694] IoU=0.02
  Overlap detected: Fish 2 ↔ Fish 5 [frame 1694] IoU=0.01
  Overlap detected: Fish 3 ↔ Fish 4 [frame 1694] IoU=0.00
  Frozen during overlap [frame 1695]: Fish [1, 2, 3, 4, 5]
  Overlap detected: Fish 1 ↔ Fish 2 [frame 1695] IoU=0.02
  Overlap detected: Fish 2 ↔ Fish 5 [frame 1695] IoU=0.01
  Overlap detected: Fish 3 ↔ Fish 4 [frame 1695] IoU=0.00
  Frozen during overlap [frame 1696]: Fish [1, 2, 3, 4, 5]
  Overlap detected: Fish 1 ↔ Fish 2 [frame 1696] IoU=0.02
  Overlap detected: Fish 2 ↔ Fish 5 [frame 1696] IoU=0.01
  Overlap detected: Fish 3 ↔ Fish 4 [frame 1696] IoU=0.00
  Frozen during overlap [frame 1697]: Fish [1, 2, 3, 4, 5]
  Overlap detected: Fish 1 ↔ Fish 2 [frame 1697] IoU=0.02
  Overlap detected: Fish 2 ↔ Fish 5 [frame 1697] IoU=0.01
  Overlap detected: Fish 3 ↔ Fish 4 [frame 1697] IoU=0.00
  Frozen during overlap [frame 1698]: Fish [1, 2, 3, 4, 5]
  Overlap detected: Fish 1 ↔ Fish 2 [frame 1698] IoU=0.02
  Overlap detected: Fish 2 ↔ Fish 5 [frame 1698] IoU=0.01
  Overlap detected: Fish 3 ↔ Fish 4 [frame 1698] IoU=0.00
  Frozen during overlap [frame 1699]: Fish [1, 2, 3, 4, 5]
  Overlap detected: Fish 1 ↔ Fish 2 [frame 1699] IoU=0.02
  Overlap detected: Fish 2 ↔ Fish 5 [frame 1699] IoU=0.01
  Overlap detected: Fish 3 ↔ Fish 4 [frame 1699] IoU=0.00
  Frozen during overlap [frame 1700]: Fish [1, 2, 3, 4, 5]
  Overlap detected: Fish 1 ↔ Fish 2 [frame 1700] IoU=0.02
  Overlap detected: Fish 2 ↔ Fish 5 [frame 1700] IoU=0.01
  Overlap detected: Fish 3 ↔ Fish 4 [frame 1700] IoU=0.00
  Frozen during overlap [frame 1701]: Fish [1, 2, 3, 4, 5]
  Overlap detected: Fish 1 ↔ Fish 2 [frame 1701] IoU=0.02
  Overlap detected: Fish 2 ↔ Fish 5 [frame 1701] IoU=0.01
  Overlap detected: Fish 3 ↔ Fish 4 [frame 1701] IoU=0.00
  Frozen during overlap [frame 1702]: Fish [1, 2, 3, 4, 5]
  Overlap detected: Fish 1 ↔ Fish 2 [frame 1702] IoU=0.02
  Overlap detected: Fish 2 ↔ Fish 5 [frame 1702] IoU=0.01
  Overlap detected: Fish 3 ↔ Fish 4 [frame 1702] IoU=0.00
  Frozen during overlap [frame 1703]: Fish [1, 2, 3, 4, 5]
  Overlap detected: Fish 1 ↔ Fish 2 [frame 1703] IoU=0.02
  Overlap detected: Fish 2 ↔ Fish 5 [frame 1703] IoU=0.01
  Overlap detected: Fish 3 ↔ Fish 4 [frame 1703] IoU=0.00
  Frozen during overlap [frame 1704]: Fish [1, 2, 3, 4, 5]
  Overlap detected: Fish 1 ↔ Fish 2 [frame 1704] IoU=0.02
  Overlap detected: Fish 2 ↔ Fish 5 [frame 1704] IoU=0.01
  Overlap detected: Fish 3 ↔ Fish 4 [frame 1704] IoU=0.00
  Frozen during overlap [frame 1705]: Fish [1, 2, 3, 4, 5]
  Overlap detected: Fish 1 ↔ Fish 2 [frame 1705] IoU=0.02
  Overlap detected: Fish 2 ↔ Fish 5 [frame 1705] IoU=0.01
  Overlap detected: Fish 3 ↔ Fish 4 [frame 1705] IoU=0.00
  Frozen during overlap [frame 1706]: Fish [1, 2, 3, 4, 5]
  Overlap detected: Fish 1 ↔ Fish 2 [frame 1706] IoU=0.02
  Overlap detected: Fish 2 ↔ Fish 5 [frame 1706] IoU=0.01
  Overlap detected: Fish 3 ↔ Fish 4 [frame 1706] IoU=0.00
  Frozen during overlap [frame 1707]: Fish [1, 2, 3, 4, 5]
  Overlap detected: Fish 1 ↔ Fish 2 [frame 1707] IoU=0.02
  Overlap detected: Fish 2 ↔ Fish 5 [frame 1707] IoU=0.01
  Overlap detected: Fish 3 ↔ Fish 4 [frame 1707] IoU=0.00
  Frozen during overlap [frame 1708]: Fish [1, 2, 3, 4, 5]
  Overlap detected: Fish 1 ↔ Fish 2 [frame 1708] IoU=0.02
  Overlap detected: Fish 2 ↔ Fish 5 [frame 1708] IoU=0.01
  Overlap detected: Fish 3 ↔ Fish 4 [frame 1708] IoU=0.00
  Frozen during overlap [frame 1709]: Fish [1, 2, 3, 4, 5]
  Overlap detected: Fish 1 ↔ Fish 2 [frame 1709] IoU=0.02
  Overlap detected: Fish 2 ↔ Fish 5 [frame 1709] IoU=0.01
  Overlap detected: Fish 3 ↔ Fish 4 [frame 1709] IoU=0.00
  Frozen during overlap [frame 1710]: Fish [1, 2, 3, 4, 5]
  Overlap detected: Fish 1 ↔ Fish 2 [frame 1710] IoU=0.02
  Overlap detected: Fish 2 ↔ Fish 5 [frame 1710] IoU=0.01
  Overlap detected: Fish 3 ↔ Fish 4 [frame 1710] IoU=0.00
  Frame 1710/3600 | second 28
  Frozen during overlap [frame 1711]: Fish [1, 2, 3, 4, 5]
  Overlap detected: Fish 1 ↔ Fish 2 [frame 1711] IoU=0.02
  Overlap detected: Fish 2 ↔ Fish 5 [frame 1711] IoU=0.01
  Overlap detected: Fish 3 ↔ Fish 4 [frame 1711] IoU=0.00
  Frozen during overlap [frame 1712]: Fish [1, 2, 3, 4, 5]
  Overlap detected: Fish 1 ↔ Fish 2 [frame 1712] IoU=0.02
  Overlap detected: Fish 2 ↔ Fish 5 [frame 1712] IoU=0.01
  Overlap detected: Fish 3 ↔ Fish 4 [frame 1712] IoU=0.00
  Frozen during overlap [frame 1713]: Fish [1, 2, 3, 4, 5]
  Overlap detected: Fish 1 ↔ Fish 2 [frame 1713] IoU=0.02
  Overlap detected: Fish 2 ↔ Fish 5 [frame 1713] IoU=0.01
  Overlap detected: Fish 3 ↔ Fish 4 [frame 1713] IoU=0.00
  Frozen during overlap [frame 1714]: Fish [1, 2, 3, 4, 5]
  Overlap detected: Fish 1 ↔ Fish 2 [frame 1714] IoU=0.02
  Overlap detected: Fish 2 ↔ Fish 5 [frame 1714] IoU=0.01
  Overlap detected: Fish 3 ↔ Fish 4 [frame 1714] IoU=0.00
  Frozen during overlap [frame 1715]: Fish [1, 2, 3, 4, 5]
  Overlap detected: Fish 1 ↔ Fish 2 [frame 1715] IoU=0.02
  Overlap detected: Fish 2 ↔ Fish 5 [frame 1715] IoU=0.01
  Overlap detected: Fish 3 ↔ Fish 4 [frame 1715] IoU=0.00
  Frozen during overlap [frame 1716]: Fish [1, 2, 3, 4, 5]
  Overlap detected: Fish 1 ↔ Fish 2 [frame 1716] IoU=0.02
  Overlap detected: Fish 2 ↔ Fish 5 [frame 1716] IoU=0.01
  Overlap detected: Fish 3 ↔ Fish 4 [frame 1716] IoU=0.00
  Frozen during overlap [frame 1717]: Fish [1, 2, 3, 4, 5]
  Overlap detected: Fish 1 ↔ Fish 2 [frame 1717] IoU=0.02
  Overlap detected: Fish 2 ↔ Fish 5 [frame 1717] IoU=0.01
  Overlap detected: Fish 3 ↔ Fish 4 [frame 1717] IoU=0.00
  Frozen during overlap [frame 1718]: Fish [1, 2, 3, 4, 5]
  Overlap detected: Fish 1 ↔ Fish 2 [frame 1718] IoU=0.02
  Overlap detected: Fish 2 ↔ Fish 5 [frame 1718] IoU=0.01
  Overlap detected: Fish 3 ↔ Fish 4 [frame 1718] IoU=0.00
  Frozen during overlap [frame 1719]: Fish [1, 2, 3, 4, 5]
  Overlap detected: Fish 1 ↔ Fish 2 [frame 1719] IoU=0.02
  Overlap detected: Fish 2 ↔ Fish 5 [frame 1719] IoU=0.01
  Overlap detected: Fish 3 ↔ Fish 4 [frame 1719] IoU=0.00
  Frozen during overlap [frame 1720]: Fish [1, 2, 3, 4, 5]
  Overlap detected: Fish 1 ↔ Fish 2 [frame 1720] IoU=0.02
  Overlap detected: Fish 2 ↔ Fish 5 [frame 1720] IoU=0.01
  Overlap detected: Fish 3 ↔ Fish 4 [frame 1720] IoU=0.00
  Frozen during overlap [frame 1721]: Fish [1, 2, 3, 4, 5]
  Overlap detected: Fish 1 ↔ Fish 2 [frame 1721] IoU=0.02
  Overlap detected: Fish 2 ↔ Fish 5 [frame 1721] IoU=0.01
  Overlap detected: Fish 3 ↔ Fish 4 [frame 1721] IoU=0.00
  Frozen during overlap [frame 1722]: Fish [1, 2, 3, 4, 5]
  Overlap detected: Fish 1 ↔ Fish 2 [frame 1722] IoU=0.02
  Overlap detected: Fish 2 ↔ Fish 5 [frame 1722] IoU=0.01
  Overlap detected: Fish 3 ↔ Fish 4 [frame 1722] IoU=0.00
  Frozen during overlap [frame 1723]: Fish [1, 2, 3, 4, 5]
  Overlap detected: Fish 1 ↔ Fish 2 [frame 1723] IoU=0.02
  Overlap detected: Fish 2 ↔ Fish 5 [frame 1723] IoU=0.01
  Overlap detected: Fish 3 ↔ Fish 4 [frame 1723] IoU=0.00
  Frozen during overlap [frame 1724]: Fish [1, 2, 3, 4, 5]
  Overlap detected: Fish 1 ↔ Fish 2 [frame 1724] IoU=0.02
  Overlap detected: Fish 2 ↔ Fish 5 [frame 1724] IoU=0.01
  Overlap detected: Fish 3 ↔ Fish 4 [frame 1724] IoU=0.00
  Frozen during overlap [frame 1725]: Fish [1, 2, 3, 4, 5]
  Overlap detected: Fish 1 ↔ Fish 2 [frame 1725] IoU=0.02
  Overlap detected: Fish 2 ↔ Fish 5 [frame 1725] IoU=0.01
  Overlap detected: Fish 3 ↔ Fish 4 [frame 1725] IoU=0.00
  Frozen during overlap [frame 1726]: Fish [1, 2, 3, 4, 5]
  Overlap detected: Fish 1 ↔ Fish 2 [frame 1726] IoU=0.02
  Overlap detected: Fish 2 ↔ Fish 5 [frame 1726] IoU=0.01
  Overlap detected: Fish 3 ↔ Fish 4 [frame 1726] IoU=0.00
  Frozen during overlap [frame 1727]: Fish [1, 2, 3, 4, 5]
  Overlap detected: Fish 1 ↔ Fish 2 [frame 1727] IoU=0.02
  Overlap detected: Fish 2 ↔ Fish 5 [frame 1727] IoU=0.01
  Overlap detected: Fish 3 ↔ Fish 4 [frame 1727] IoU=0.00
  Frozen during overlap [frame 1728]: Fish [1, 2, 3, 4, 5]
  Overlap detected: Fish 1 ↔ Fish 2 [frame 1728] IoU=0.02
  Overlap detected: Fish 2 ↔ Fish 5 [frame 1728] IoU=0.01
  Overlap detected: Fish 3 ↔ Fish 4 [frame 1728] IoU=0.00
  Frozen during overlap [frame 1729]: Fish [1, 2, 3, 4, 5]
  Overlap detected: Fish 1 ↔ Fish 2 [frame 1729] IoU=0.02
  Overlap detected: Fish 2 ↔ Fish 5 [frame 1729] IoU=0.01
  Overlap detected: Fish 3 ↔ Fish 4 [frame 1729] IoU=0.00
  Frozen during overlap [frame 1730]: Fish [1, 2, 3, 4, 5]
  Overlap detected: Fish 1 ↔ Fish 2 [frame 1730] IoU=0.02
  Overlap detected: Fish 2 ↔ Fish 5 [frame 1730] IoU=0.01
  Overlap detected: Fish 3 ↔ Fish 4 [frame 1730] IoU=0.00
  Frozen during overlap [frame 1731]: Fish [1, 2, 3, 4, 5]
  Overlap detected: Fish 1 ↔ Fish 2 [frame 1731] IoU=0.02
  Overlap detected: Fish 2 ↔ Fish 5 [frame 1731] IoU=0.01
  Overlap detected: Fish 3 ↔ Fish 4 [frame 1731] IoU=0.00
  Frozen during overlap [frame 1732]: Fish [1, 2, 3, 4, 5]
  Overlap detected: Fish 1 ↔ Fish 2 [frame 1732] IoU=0.02
  Overlap detected: Fish 2 ↔ Fish 5 [frame 1732] IoU=0.01
  Overlap detected: Fish 3 ↔ Fish 4 [frame 1732] IoU=0.00
  Frozen during overlap [frame 1733]: Fish [1, 2, 3, 4, 5]
  Overlap detected: Fish 1 ↔ Fish 2 [frame 1733] IoU=0.02
  Overlap detected: Fish 2 ↔ Fish 5 [frame 1733] IoU=0.01
  Overlap detected: Fish 3 ↔ Fish 4 [frame 1733] IoU=0.00
  Frozen during overlap [frame 1734]: Fish [1, 2, 3, 4, 5]
  Overlap detected: Fish 1 ↔ Fish 2 [frame 1734] IoU=0.02
  Overlap detected: Fish 2 ↔ Fish 5 [frame 1734] IoU=0.01
  Overlap detected: Fish 3 ↔ Fish 4 [frame 1734] IoU=0.00
  Frozen during overlap [frame 1735]: Fish [1, 2, 3, 4, 5]
  Overlap detected: Fish 1 ↔ Fish 2 [frame 1735] IoU=0.02
  Overlap detected: Fish 2 ↔ Fish 5 [frame 1735] IoU=0.01
  Overlap detected: Fish 3 ↔ Fish 4 [frame 1735] IoU=0.00
  Frozen during overlap [frame 1736]: Fish [1, 2, 3, 4, 5]
  Overlap detected: Fish 1 ↔ Fish 2 [frame 1736] IoU=0.02
  Overlap detected: Fish 2 ↔ Fish 5 [frame 1736] IoU=0.01
  Overlap detected: Fish 3 ↔ Fish 4 [frame 1736] IoU=0.00
  Frozen during overlap [frame 1737]: Fish [1, 2, 3, 4, 5]
  Overlap detected: Fish 1 ↔ Fish 2 [frame 1737] IoU=0.02
  Overlap detected: Fish 2 ↔ Fish 5 [frame 1737] IoU=0.01
  Overlap detected: Fish 3 ↔ Fish 4 [frame 1737] IoU=0.00
  Frozen during overlap [frame 1738]: Fish [1, 2, 3, 4, 5]
  Overlap detected: Fish 1 ↔ Fish 2 [frame 1738] IoU=0.02
  Overlap detected: Fish 2 ↔ Fish 5 [frame 1738] IoU=0.01
  Overlap detected: Fish 3 ↔ Fish 4 [frame 1738] IoU=0.00
  Frozen during overlap [frame 1739]: Fish [1, 2, 3, 4, 5]
  Overlap detected: Fish 1 ↔ Fish 2 [frame 1739] IoU=0.02
  Overlap detected: Fish 2 ↔ Fish 5 [frame 1739] IoU=0.01
  Overlap detected: Fish 3 ↔ Fish 4 [frame 1739] IoU=0.00
  Frozen during overlap [frame 1740]: Fish [1, 2, 3, 4, 5]
  Overlap detected: Fish 1 ↔ Fish 2 [frame 1740] IoU=0.02
  Overlap detected: Fish 2 ↔ Fish 5 [frame 1740] IoU=0.01
  Overlap detected: Fish 3 ↔ Fish 4 [frame 1740] IoU=0.00
  Frame 1740/3600 | second 29
  Frozen during overlap [frame 1741]: Fish [1, 2, 3, 4, 5]
  Overlap detected: Fish 1 ↔ Fish 2 [frame 1741] IoU=0.02
  Overlap detected: Fish 2 ↔ Fish 5 [frame 1741] IoU=0.01
  Overlap detected: Fish 3 ↔ Fish 4 [frame 1741] IoU=0.00
  Frozen during overlap [frame 1742]: Fish [1, 2, 3, 4, 5]
  Overlap detected: Fish 1 ↔ Fish 2 [frame 1742] IoU=0.02
  Overlap detected: Fish 2 ↔ Fish 5 [frame 1742] IoU=0.01
  Overlap detected: Fish 3 ↔ Fish 4 [frame 1742] IoU=0.00
  Frozen during overlap [frame 1743]: Fish [1, 2, 3, 4, 5]
  Overlap detected: Fish 1 ↔ Fish 2 [frame 1743] IoU=0.02
  Overlap detected: Fish 2 ↔ Fish 5 [frame 1743] IoU=0.01
  Overlap detected: Fish 3 ↔ Fish 4 [frame 1743] IoU=0.00
  Frozen during overlap [frame 1744]: Fish [1, 2, 3, 4, 5]
  Overlap detected: Fish 1 ↔ Fish 2 [frame 1744] IoU=0.02
  Overlap detected: Fish 2 ↔ Fish 5 [frame 1744] IoU=0.01
  Overlap detected: Fish 3 ↔ Fish 4 [frame 1744] IoU=0.00
  Frozen during overlap [frame 1745]: Fish [1, 2, 3, 4, 5]
  Overlap detected: Fish 1 ↔ Fish 2 [frame 1745] IoU=0.02
  Overlap detected: Fish 2 ↔ Fish 5 [frame 1745] IoU=0.01
  Overlap detected: Fish 3 ↔ Fish 4 [frame 1745] IoU=0.00
  Frozen during overlap [frame 1746]: Fish [1, 2, 3, 4, 5]
  Overlap detected: Fish 1 ↔ Fish 2 [frame 1746] IoU=0.02
  Overlap detected: Fish 2 ↔ Fish 5 [frame 1746] IoU=0.01
  Overlap detected: Fish 3 ↔ Fish 4 [frame 1746] IoU=0.00
  Frozen during overlap [frame 1747]: Fish [1, 2, 3, 4, 5]
  Overlap detected: Fish 1 ↔ Fish 2 [frame 1747] IoU=0.02
  Overlap detected: Fish 2 ↔ Fish 5 [frame 1747] IoU=0.01
  Overlap detected: Fish 3 ↔ Fish 4 [frame 1747] IoU=0.00
  Frozen during overlap [frame 1748]: Fish [1, 2, 3, 4, 5]
  Overlap detected: Fish 1 ↔ Fish 2 [frame 1748] IoU=0.02
  Overlap detected: Fish 2 ↔ Fish 5 [frame 1748] IoU=0.01
  Overlap detected: Fish 3 ↔ Fish 4 [frame 1748] IoU=0.00
  Frozen during overlap [frame 1749]: Fish [1, 2, 3, 4, 5]
  Overlap detected: Fish 1 ↔ Fish 2 [frame 1749] IoU=0.02
  Overlap detected: Fish 2 ↔ Fish 5 [frame 1749] IoU=0.01
  Overlap detected: Fish 3 ↔ Fish 4 [frame 1749] IoU=0.00
  Frozen during overlap [frame 1750]: Fish [1, 2, 3, 4, 5]
  Overlap detected: Fish 1 ↔ Fish 2 [frame 1750] IoU=0.02
  Overlap detected: Fish 2 ↔ Fish 5 [frame 1750] IoU=0.01
  Overlap detected: Fish 3 ↔ Fish 4 [frame 1750] IoU=0.00
  Frozen during overlap [frame 1751]: Fish [1, 2, 3, 4, 5]
  Overlap detected: Fish 1 ↔ Fish 2 [frame 1751] IoU=0.02
  Overlap detected: Fish 2 ↔ Fish 5 [frame 1751] IoU=0.01
  Overlap detected: Fish 3 ↔ Fish 4 [frame 1751] IoU=0.00
  Frozen during overlap [frame 1752]: Fish [1, 2, 3, 4, 5]
  Overlap detected: Fish 1 ↔ Fish 2 [frame 1752] IoU=0.02
  Overlap detected: Fish 2 ↔ Fish 5 [frame 1752] IoU=0.01
  Overlap detected: Fish 3 ↔ Fish 4 [frame 1752] IoU=0.00
  Frozen during overlap [frame 1753]: Fish [1, 2, 3, 4, 5]
  Overlap detected: Fish 1 ↔ Fish 2 [frame 1753] IoU=0.02
  Overlap detected: Fish 2 ↔ Fish 5 [frame 1753] IoU=0.01
  Overlap detected: Fish 3 ↔ Fish 4 [frame 1753] IoU=0.00
  Frozen during overlap [frame 1754]: Fish [1, 2, 3, 4, 5]
  Overlap detected: Fish 1 ↔ Fish 2 [frame 1754] IoU=0.02
  Overlap detected: Fish 2 ↔ Fish 5 [frame 1754] IoU=0.01
  Overlap detected: Fish 3 ↔ Fish 4 [frame 1754] IoU=0.00
  Frozen during overlap [frame 1755]: Fish [1, 2, 3, 4, 5]
  Overlap detected: Fish 1 ↔ Fish 2 [frame 1755] IoU=0.02
  Overlap detected: Fish 2 ↔ Fish 5 [frame 1755] IoU=0.01
  Overlap detected: Fish 3 ↔ Fish 4 [frame 1755] IoU=0.00
  Frozen during overlap [frame 1756]: Fish [1, 2, 3, 4, 5]
  Overlap detected: Fish 1 ↔ Fish 2 [frame 1756] IoU=0.02
  Overlap detected: Fish 2 ↔ Fish 5 [frame 1756] IoU=0.01
  Overlap detected: Fish 3 ↔ Fish 4 [frame 1756] IoU=0.00
  Frozen during overlap [frame 1757]: Fish [1, 2, 3, 4, 5]
  Overlap detected: Fish 1 ↔ Fish 2 [frame 1757] IoU=0.02
  Overlap detected: Fish 2 ↔ Fish 5 [frame 1757] IoU=0.01
  Overlap detected: Fish 3 ↔ Fish 4 [frame 1757] IoU=0.00
  Frozen during overlap [frame 1758]: Fish [1, 2, 3, 4, 5]
  Overlap detected: Fish 1 ↔ Fish 2 [frame 1758] IoU=0.02
  Overlap detected: Fish 2 ↔ Fish 5 [frame 1758] IoU=0.01
  Overlap detected: Fish 3 ↔ Fish 4 [frame 1758] IoU=0.00
  Frozen during overlap [frame 1759]: Fish [1, 2, 3, 4, 5]
  Overlap detected: Fish 1 ↔ Fish 2 [frame 1759] IoU=0.02
  Overlap detected: Fish 2 ↔ Fish 5 [frame 1759] IoU=0.01
  Overlap detected: Fish 3 ↔ Fish 4 [frame 1759] IoU=0.00
  Frozen during overlap [frame 1760]: Fish [1, 2, 3, 4, 5]
  Overlap detected: Fish 1 ↔ Fish 2 [frame 1760] IoU=0.02
  Overlap detected: Fish 2 ↔ Fish 5 [frame 1760] IoU=0.01
  Overlap detected: Fish 3 ↔ Fish 4 [frame 1760] IoU=0.00
  Frozen during overlap [frame 1761]: Fish [1, 2, 3, 4, 5]
  Overlap detected: Fish 1 ↔ Fish 2 [frame 1761] IoU=0.02
  Overlap detected: Fish 2 ↔ Fish 5 [frame 1761] IoU=0.01
  Overlap detected: Fish 3 ↔ Fish 4 [frame 1761] IoU=0.00
  Frozen during overlap [frame 1762]: Fish [1, 2, 3, 4, 5]
  Overlap detected: Fish 1 ↔ Fish 2 [frame 1762] IoU=0.02
  Overlap detected: Fish 2 ↔ Fish 5 [frame 1762] IoU=0.01
  Overlap detected: Fish 3 ↔ Fish 4 [frame 1762] IoU=0.00
  Frozen during overlap [frame 1763]: Fish [1, 2, 3, 4, 5]
  Overlap detected: Fish 1 ↔ Fish 2 [frame 1763] IoU=0.02
  Overlap detected: Fish 2 ↔ Fish 5 [frame 1763] IoU=0.01
  Overlap detected: Fish 3 ↔ Fish 4 [frame 1763] IoU=0.00
  Frozen during overlap [frame 1764]: Fish [1, 2, 3, 4, 5]
  Overlap detected: Fish 1 ↔ Fish 2 [frame 1764] IoU=0.02
  Overlap detected: Fish 2 ↔ Fish 5 [frame 1764] IoU=0.01
  Overlap detected: Fish 3 ↔ Fish 4 [frame 1764] IoU=0.00
  Frozen during overlap [frame 1765]: Fish [1, 2, 3, 4, 5]
  Overlap detected: Fish 1 ↔ Fish 2 [frame 1765] IoU=0.02
  Overlap detected: Fish 2 ↔ Fish 5 [frame 1765] IoU=0.01
  Overlap detected: Fish 3 ↔ Fish 4 [frame 1765] IoU=0.00
  Frozen during overlap [frame 1766]: Fish [1, 2, 3, 4, 5]
  Overlap detected: Fish 1 ↔ Fish 2 [frame 1766] IoU=0.02
  Overlap detected: Fish 2 ↔ Fish 5 [frame 1766] IoU=0.01
  Overlap detected: Fish 3 ↔ Fish 4 [frame 1766] IoU=0.00
  Frozen during overlap [frame 1767]: Fish [1, 2, 3, 4, 5]
  Overlap detected: Fish 1 ↔ Fish 2 [frame 1767] IoU=0.02
  Overlap detected: Fish 2 ↔ Fish 5 [frame 1767] IoU=0.01
  Overlap detected: Fish 3 ↔ Fish 4 [frame 1767] IoU=0.00
  Frozen during overlap [frame 1768]: Fish [1, 2, 3, 4, 5]
  Overlap detected: Fish 1 ↔ Fish 2 [frame 1768] IoU=0.02
  Overlap detected: Fish 2 ↔ Fish 5 [frame 1768] IoU=0.01
  Overlap detected: Fish 3 ↔ Fish 4 [frame 1768] IoU=0.00
  Frozen during overlap [frame 1769]: Fish [1, 2, 3, 4, 5]
  Overlap detected: Fish 1 ↔ Fish 2 [frame 1769] IoU=0.02
  Overlap detected: Fish 2 ↔ Fish 5 [frame 1769] IoU=0.01
  Overlap detected: Fish 3 ↔ Fish 4 [frame 1769] IoU=0.00
  Frozen during overlap [frame 1770]: Fish [1, 2, 3, 4, 5]
  Overlap detected: Fish 1 ↔ Fish 2 [frame 1770] IoU=0.02
  Overlap detected: Fish 2 ↔ Fish 5 [frame 1770] IoU=0.01
  Overlap detected: Fish 3 ↔ Fish 4 [frame 1770] IoU=0.00
  Frame 1770/3600 | second 29
  Frozen during overlap [frame 1771]: Fish [1, 2, 3, 4, 5]
  Overlap detected: Fish 1 ↔ Fish 2 [frame 1771] IoU=0.02
  Overlap detected: Fish 2 ↔ Fish 5 [frame 1771] IoU=0.01
  Overlap detected: Fish 3 ↔ Fish 4 [frame 1771] IoU=0.00
  Frozen during overlap [frame 1772]: Fish [1, 2, 3, 4, 5]
  Overlap detected: Fish 1 ↔ Fish 2 [frame 1772] IoU=0.02
  Overlap detected: Fish 2 ↔ Fish 5 [frame 1772] IoU=0.01
  Overlap detected: Fish 3 ↔ Fish 4 [frame 1772] IoU=0.00
  Frozen during overlap [frame 1773]: Fish [1, 2, 3, 4, 5]
  Overlap detected: Fish 1 ↔ Fish 2 [frame 1773] IoU=0.02
  Overlap detected: Fish 2 ↔ Fish 5 [frame 1773] IoU=0.01
  Overlap detected: Fish 3 ↔ Fish 4 [frame 1773] IoU=0.00
  Frozen during overlap [frame 1774]: Fish [1, 2, 3, 4, 5]
  Overlap detected: Fish 1 ↔ Fish 2 [frame 1774] IoU=0.02
  Overlap detected: Fish 2 ↔ Fish 5 [frame 1774] IoU=0.01
  Overlap detected: Fish 3 ↔ Fish 4 [frame 1774] IoU=0.00
  Frozen during overlap [frame 1775]: Fish [1, 2, 3, 4, 5]
  Overlap detected: Fish 1 ↔ Fish 2 [frame 1775] IoU=0.02
  Overlap detected: Fish 2 ↔ Fish 5 [frame 1775] IoU=0.01
  Overlap detected: Fish 3 ↔ Fish 4 [frame 1775] IoU=0.00
  Frozen during overlap [frame 1776]: Fish [1, 2, 3, 4, 5]
  Overlap detected: Fish 1 ↔ Fish 2 [frame 1776] IoU=0.02
  Overlap detected: Fish 2 ↔ Fish 5 [frame 1776] IoU=0.01
  Overlap detected: Fish 3 ↔ Fish 4 [frame 1776] IoU=0.00
  Frozen during overlap [frame 1777]: Fish [1, 2, 3, 4, 5]
  Overlap detected: Fish 1 ↔ Fish 2 [frame 1777] IoU=0.02
  Overlap detected: Fish 2 ↔ Fish 5 [frame 1777] IoU=0.01
  Overlap detected: Fish 3 ↔ Fish 4 [frame 1777] IoU=0.00
  Frozen during overlap [frame 1778]: Fish [1, 2, 3, 4, 5]
  Overlap detected: Fish 1 ↔ Fish 2 [frame 1778] IoU=0.02
  Overlap detected: Fish 2 ↔ Fish 5 [frame 1778] IoU=0.01
  Overlap detected: Fish 3 ↔ Fish 4 [frame 1778] IoU=0.00
  Frozen during overlap [frame 1779]: Fish [1, 2, 3, 4, 5]
  Overlap detected: Fish 1 ↔ Fish 2 [frame 1779] IoU=0.02
  Overlap detected: Fish 2 ↔ Fish 5 [frame 1779] IoU=0.01
  Overlap detected: Fish 3 ↔ Fish 4 [frame 1779] IoU=0.00
  Frozen during overlap [frame 1780]: Fish [1, 2, 3, 4, 5]
  Overlap detected: Fish 1 ↔ Fish 2 [frame 1780] IoU=0.02
  Overlap detected: Fish 2 ↔ Fish 5 [frame 1780] IoU=0.01
  Overlap detected: Fish 3 ↔ Fish 4 [frame 1780] IoU=0.00
  Frozen during overlap [frame 1781]: Fish [1, 2, 3, 4, 5]
  Overlap detected: Fish 1 ↔ Fish 2 [frame 1781] IoU=0.02
  Overlap detected: Fish 2 ↔ Fish 5 [frame 1781] IoU=0.01
  Overlap detected: Fish 3 ↔ Fish 4 [frame 1781] IoU=0.00
  Frozen during overlap [frame 1782]: Fish [1, 2, 3, 4, 5]
  Overlap detected: Fish 1 ↔ Fish 2 [frame 1782] IoU=0.02
  Overlap detected: Fish 2 ↔ Fish 5 [frame 1782] IoU=0.01
  Overlap detected: Fish 3 ↔ Fish 4 [frame 1782] IoU=0.00
  Frozen during overlap [frame 1783]: Fish [1, 2, 3, 4, 5]
  Overlap detected: Fish 1 ↔ Fish 2 [frame 1783] IoU=0.02
  Overlap detected: Fish 2 ↔ Fish 5 [frame 1783] IoU=0.01
  Overlap detected: Fish 3 ↔ Fish 4 [frame 1783] IoU=0.00
  Frozen during overlap [frame 1784]: Fish [1, 2, 3, 4, 5]
  Overlap detected: Fish 1 ↔ Fish 2 [frame 1784] IoU=0.02
  Overlap detected: Fish 2 ↔ Fish 5 [frame 1784] IoU=0.01
  Overlap detected: Fish 3 ↔ Fish 4 [frame 1784] IoU=0.00
  Frozen during overlap [frame 1785]: Fish [1, 2, 3, 4, 5]
  Overlap detected: Fish 1 ↔ Fish 2 [frame 1785] IoU=0.02
  Overlap detected: Fish 2 ↔ Fish 5 [frame 1785] IoU=0.01
  Overlap detected: Fish 3 ↔ Fish 4 [frame 1785] IoU=0.00
  Frozen during overlap [frame 1786]: Fish [1, 2, 3, 4, 5]
  Overlap detected: Fish 1 ↔ Fish 2 [frame 1786] IoU=0.02
  Overlap detected: Fish 2 ↔ Fish 5 [frame 1786] IoU=0.01
  Overlap detected: Fish 3 ↔ Fish 4 [frame 1786] IoU=0.00
  Frozen during overlap [frame 1787]: Fish [1, 2, 3, 4, 5]
  Overlap detected: Fish 1 ↔ Fish 2 [frame 1787] IoU=0.02
  Overlap detected: Fish 2 ↔ Fish 5 [frame 1787] IoU=0.01
  Overlap detected: Fish 3 ↔ Fish 4 [frame 1787] IoU=0.00
  Frozen during overlap [frame 1788]: Fish [1, 2, 3, 4, 5]
  Overlap detected: Fish 1 ↔ Fish 2 [frame 1788] IoU=0.02
  Overlap detected: Fish 2 ↔ Fish 5 [frame 1788] IoU=0.01
  Overlap detected: Fish 3 ↔ Fish 4 [frame 1788] IoU=0.00
  Frozen during overlap [frame 1789]: Fish [1, 2, 3, 4, 5]
  Overlap detected: Fish 1 ↔ Fish 2 [frame 1789] IoU=0.02
  Overlap detected: Fish 2 ↔ Fish 5 [frame 1789] IoU=0.01
  Overlap detected: Fish 3 ↔ Fish 4 [frame 1789] IoU=0.00
  Frozen during overlap [frame 1790]: Fish [1, 2, 3, 4, 5]
  Overlap detected: Fish 1 ↔ Fish 2 [frame 1790] IoU=0.02
  Overlap detected: Fish 2 ↔ Fish 5 [frame 1790] IoU=0.01
  Overlap detected: Fish 3 ↔ Fish 4 [frame 1790] IoU=0.00
  Frozen during overlap [frame 1791]: Fish [1, 2, 3, 4, 5]
  Overlap detected: Fish 1 ↔ Fish 2 [frame 1791] IoU=0.02
  Overlap detected: Fish 2 ↔ Fish 5 [frame 1791] IoU=0.01
  Overlap detected: Fish 3 ↔ Fish 4 [frame 1791] IoU=0.00
  Frozen during overlap [frame 1792]: Fish [1, 2, 3, 4, 5]
  Overlap detected: Fish 1 ↔ Fish 2 [frame 1792] IoU=0.02
  Overlap detected: Fish 2 ↔ Fish 5 [frame 1792] IoU=0.01
  Overlap detected: Fish 3 ↔ Fish 4 [frame 1792] IoU=0.00
  Frozen during overlap [frame 1793]: Fish [1, 2, 3, 4, 5]
  Overlap detected: Fish 1 ↔ Fish 2 [frame 1793] IoU=0.02
  Overlap detected: Fish 2 ↔ Fish 5 [frame 1793] IoU=0.01
  Overlap detected: Fish 3 ↔ Fish 4 [frame 1793] IoU=0.00
  Frozen during overlap [frame 1794]: Fish [1, 2, 3, 4, 5]
  Overlap detected: Fish 1 ↔ Fish 2 [frame 1794] IoU=0.02
  Overlap detected: Fish 2 ↔ Fish 5 [frame 1794] IoU=0.01
  Overlap detected: Fish 3 ↔ Fish 4 [frame 1794] IoU=0.00
  Frozen during overlap [frame 1795]: Fish [1, 2, 3, 4, 5]
  Overlap detected: Fish 1 ↔ Fish 2 [frame 1795] IoU=0.02
  Overlap detected: Fish 2 ↔ Fish 5 [frame 1795] IoU=0.01
  Overlap detected: Fish 3 ↔ Fish 4 [frame 1795] IoU=0.00
  Frozen during overlap [frame 1796]: Fish [1, 2, 3, 4, 5]
  Overlap detected: Fish 1 ↔ Fish 2 [frame 1796] IoU=0.02
  Overlap detected: Fish 2 ↔ Fish 5 [frame 1796] IoU=0.01
  Overlap detected: Fish 3 ↔ Fish 4 [frame 1796] IoU=0.00
  Frozen during overlap [frame 1797]: Fish [1, 2, 3, 4, 5]
  Overlap detected: Fish 1 ↔ Fish 2 [frame 1797] IoU=0.02
  Overlap detected: Fish 2 ↔ Fish 5 [frame 1797] IoU=0.01
  Overlap detected: Fish 3 ↔ Fish 4 [frame 1797] IoU=0.00
  Frozen during overlap [frame 1798]: Fish [1, 2, 3, 4, 5]
  Overlap detected: Fish 1 ↔ Fish 2 [frame 1798] IoU=0.02
  Overlap detected: Fish 2 ↔ Fish 5 [frame 1798] IoU=0.01
  Overlap detected: Fish 3 ↔ Fish 4 [frame 1798] IoU=0.00
  Frozen during overlap [frame 1799]: Fish [1, 2, 3, 4, 5]
  Overlap detected: Fish 1 ↔ Fish 2 [frame 1799] IoU=0.02
  Overlap detected: Fish 2 ↔ Fish 5 [frame 1799] IoU=0.01
  Overlap detected: Fish 3 ↔ Fish 4 [frame 1799] IoU=0.00
  Frozen during overlap [frame 1800]: Fish [1, 2, 3, 4, 5]
  Overlap detected: Fish 1 ↔ Fish 2 [frame 1800] IoU=0.02
  Overlap detected: Fish 2 ↔ Fish 5 [frame 1800] IoU=0.01
  Overlap detected: Fish 3 ↔ Fish 4 [frame 1800] IoU=0.00
  Frame 1800/3600 | second 30
  Frozen during overlap [frame 1801]: Fish [1, 2, 3, 4, 5]
  Overlap detected: Fish 1 ↔ Fish 2 [frame 1801] IoU=0.02
  Overlap detected: Fish 2 ↔ Fish 5 [frame 1801] IoU=0.01
  Overlap detected: Fish 3 ↔ Fish 4 [frame 1801] IoU=0.00
  Frozen during overlap [frame 1802]: Fish [1, 2, 3, 4, 5]
  Overlap detected: Fish 1 ↔ Fish 2 [frame 1802] IoU=0.02
  Overlap detected: Fish 2 ↔ Fish 5 [frame 1802] IoU=0.01
  Overlap detected: Fish 3 ↔ Fish 4 [frame 1802] IoU=0.00
  Frozen during overlap [frame 1803]: Fish [1, 2, 3, 4, 5]
  Overlap detected: Fish 1 ↔ Fish 2 [frame 1803] IoU=0.02
  Overlap detected: Fish 2 ↔ Fish 5 [frame 1803] IoU=0.01
  Overlap detected: Fish 3 ↔ Fish 4 [frame 1803] IoU=0.00
  Frozen during overlap [frame 1804]: Fish [1, 2, 3, 4, 5]
  Overlap detected: Fish 1 ↔ Fish 2 [frame 1804] IoU=0.02
  Overlap detected: Fish 2 ↔ Fish 5 [frame 1804] IoU=0.01
  Overlap detected: Fish 3 ↔ Fish 4 [frame 1804] IoU=0.00
  Frozen during overlap [frame 1805]: Fish [1, 2, 3, 4, 5]
  Overlap detected: Fish 1 ↔ Fish 2 [frame 1805] IoU=0.02
  Overlap detected: Fish 2 ↔ Fish 5 [frame 1805] IoU=0.01
  Overlap detected: Fish 3 ↔ Fish 4 [frame 1805] IoU=0.00
  Frozen during overlap [frame 1806]: Fish [1, 2, 3, 4, 5]
  Overlap detected: Fish 1 ↔ Fish 2 [frame 1806] IoU=0.02
  Overlap detected: Fish 2 ↔ Fish 5 [frame 1806] IoU=0.01
  Overlap detected: Fish 3 ↔ Fish 4 [frame 1806] IoU=0.00
  Frozen during overlap [frame 1807]: Fish [1, 2, 3, 4, 5]
  Overlap detected: Fish 1 ↔ Fish 2 [frame 1807] IoU=0.02
  Overlap detected: Fish 2 ↔ Fish 5 [frame 1807] IoU=0.01
  Overlap detected: Fish 3 ↔ Fish 4 [frame 1807] IoU=0.00
  Frozen during overlap [frame 1808]: Fish [1, 2, 3, 4, 5]
  Overlap detected: Fish 1 ↔ Fish 2 [frame 1808] IoU=0.02
  Overlap detected: Fish 2 ↔ Fish 5 [frame 1808] IoU=0.01
  Overlap detected: Fish 3 ↔ Fish 4 [frame 1808] IoU=0.00
  Frozen during overlap [frame 1809]: Fish [1, 2, 3, 4, 5]
  Overlap detected: Fish 1 ↔ Fish 2 [frame 1809] IoU=0.02
  Overlap detected: Fish 2 ↔ Fish 5 [frame 1809] IoU=0.01
  Overlap detected: Fish 3 ↔ Fish 4 [frame 1809] IoU=0.00
  Frozen during overlap [frame 1810]: Fish [1, 2, 3, 4, 5]
  Overlap detected: Fish 1 ↔ Fish 2 [frame 1810] IoU=0.02
  Overlap detected: Fish 2 ↔ Fish 5 [frame 1810] IoU=0.01
  Overlap detected: Fish 3 ↔ Fish 4 [frame 1810] IoU=0.00
  Frozen during overlap [frame 1811]: Fish [1, 2, 3, 4, 5]
  Overlap detected: Fish 1 ↔ Fish 2 [frame 1811] IoU=0.02
  Overlap detected: Fish 2 ↔ Fish 5 [frame 1811] IoU=0.01
  Overlap detected: Fish 3 ↔ Fish 4 [frame 1811] IoU=0.00
  Frozen during overlap [frame 1812]: Fish [1, 2, 3, 4, 5]
  Overlap detected: Fish 1 ↔ Fish 2 [frame 1812] IoU=0.02
  Overlap detected: Fish 2 ↔ Fish 5 [frame 1812] IoU=0.01
  Overlap detected: Fish 3 ↔ Fish 4 [frame 1812] IoU=0.00
  Frozen during overlap [frame 1813]: Fish [1, 2, 3, 4, 5]
  Overlap detected: Fish 1 ↔ Fish 2 [frame 1813] IoU=0.02
  Overlap detected: Fish 2 ↔ Fish 5 [frame 1813] IoU=0.01
  Overlap detected: Fish 3 ↔ Fish 4 [frame 1813] IoU=0.00
  Frozen during overlap [frame 1814]: Fish [1, 2, 3, 4, 5]
  Overlap detected: Fish 1 ↔ Fish 2 [frame 1814] IoU=0.02
  Overlap detected: Fish 2 ↔ Fish 5 [frame 1814] IoU=0.01
  Overlap detected: Fish 3 ↔ Fish 4 [frame 1814] IoU=0.00
  Frozen during overlap [frame 1815]: Fish [1, 2, 3, 4, 5]
  Overlap detected: Fish 1 ↔ Fish 2 [frame 1815] IoU=0.02
  Overlap detected: Fish 2 ↔ Fish 5 [frame 1815] IoU=0.01
  Overlap detected: Fish 3 ↔ Fish 4 [frame 1815] IoU=0.00
  Frozen during overlap [frame 1816]: Fish [1, 2, 3, 4, 5]
  Overlap detected: Fish 1 ↔ Fish 2 [frame 1816] IoU=0.02
  Overlap detected: Fish 2 ↔ Fish 5 [frame 1816] IoU=0.01
  Overlap detected: Fish 3 ↔ Fish 4 [frame 1816] IoU=0.00
  Frozen during overlap [frame 1817]: Fish [1, 2, 3, 4, 5]
  Overlap detected: Fish 1 ↔ Fish 2 [frame 1817] IoU=0.02
  Overlap detected: Fish 2 ↔ Fish 5 [frame 1817] IoU=0.01
  Overlap detected: Fish 3 ↔ Fish 4 [frame 1817] IoU=0.00
  Frozen during overlap [frame 1818]: Fish [1, 2, 3, 4, 5]
  Overlap detected: Fish 1 ↔ Fish 2 [frame 1818] IoU=0.02
  Overlap detected: Fish 2 ↔ Fish 5 [frame 1818] IoU=0.01
  Overlap detected: Fish 3 ↔ Fish 4 [frame 1818] IoU=0.00
  Frozen during overlap [frame 1819]: Fish [1, 2, 3, 4, 5]
  Overlap detected: Fish 1 ↔ Fish 2 [frame 1819] IoU=0.02
  Overlap detected: Fish 2 ↔ Fish 5 [frame 1819] IoU=0.01
  Overlap detected: Fish 3 ↔ Fish 4 [frame 1819] IoU=0.00
  Frozen during overlap [frame 1820]: Fish [1, 2, 3, 4, 5]
  Overlap detected: Fish 1 ↔ Fish 2 [frame 1820] IoU=0.02
  Overlap detected: Fish 2 ↔ Fish 5 [frame 1820] IoU=0.01
  Overlap detected: Fish 3 ↔ Fish 4 [frame 1820] IoU=0.00
  Frozen during overlap [frame 1821]: Fish [1, 2, 3, 4, 5]
  Overlap detected: Fish 1 ↔ Fish 2 [frame 1821] IoU=0.02
  Overlap detected: Fish 2 ↔ Fish 5 [frame 1821] IoU=0.01
  Overlap detected: Fish 3 ↔ Fish 4 [frame 1821] IoU=0.00
  Frozen during overlap [frame 1822]: Fish [1, 2, 3, 4, 5]
  Overlap detected: Fish 1 ↔ Fish 2 [frame 1822] IoU=0.02
  Overlap detected: Fish 2 ↔ Fish 5 [frame 1822] IoU=0.01
  Overlap detected: Fish 3 ↔ Fish 4 [frame 1822] IoU=0.00
  Frozen during overlap [frame 1823]: Fish [1, 2, 3, 4, 5]
  Overlap detected: Fish 1 ↔ Fish 2 [frame 1823] IoU=0.02
  Overlap detected: Fish 2 ↔ Fish 5 [frame 1823] IoU=0.01
  Overlap detected: Fish 3 ↔ Fish 4 [frame 1823] IoU=0.00
  Frozen during overlap [frame 1824]: Fish [1, 2, 3, 4, 5]
  Overlap detected: Fish 1 ↔ Fish 2 [frame 1824] IoU=0.02
  Overlap detected: Fish 2 ↔ Fish 5 [frame 1824] IoU=0.01
  Overlap detected: Fish 3 ↔ Fish 4 [frame 1824] IoU=0.00
  Frozen during overlap [frame 1825]: Fish [1, 2, 3, 4, 5]
  Overlap detected: Fish 1 ↔ Fish 2 [frame 1825] IoU=0.02
  Overlap detected: Fish 2 ↔ Fish 5 [frame 1825] IoU=0.01
  Overlap detected: Fish 3 ↔ Fish 4 [frame 1825] IoU=0.00
  Frozen during overlap [frame 1826]: Fish [1, 2, 3, 4, 5]
  Overlap detected: Fish 1 ↔ Fish 2 [frame 1826] IoU=0.02
  Overlap detected: Fish 2 ↔ Fish 5 [frame 1826] IoU=0.01
  Overlap detected: Fish 3 ↔ Fish 4 [frame 1826] IoU=0.00
  Frozen during overlap [frame 1827]: Fish [1, 2, 3, 4, 5]
  Overlap detected: Fish 1 ↔ Fish 2 [frame 1827] IoU=0.02
  Overlap detected: Fish 2 ↔ Fish 5 [frame 1827] IoU=0.01
  Overlap detected: Fish 3 ↔ Fish 4 [frame 1827] IoU=0.00
  Frozen during overlap [frame 1828]: Fish [1, 2, 3, 4, 5]
  Overlap detected: Fish 1 ↔ Fish 2 [frame 1828] IoU=0.02
  Overlap detected: Fish 2 ↔ Fish 5 [frame 1828] IoU=0.01
  Overlap detected: Fish 3 ↔ Fish 4 [frame 1828] IoU=0.00
  Frozen during overlap [frame 1829]: Fish [1, 2, 3, 4, 5]
  Overlap detected: Fish 1 ↔ Fish 2 [frame 1829] IoU=0.02
  Overlap detected: Fish 2 ↔ Fish 5 [frame 1829] IoU=0.01
  Overlap detected: Fish 3 ↔ Fish 4 [frame 1829] IoU=0.00
  Frozen during overlap [frame 1830]: Fish [1, 2, 3, 4, 5]
  Overlap detected: Fish 1 ↔ Fish 2 [frame 1830] IoU=0.02
  Overlap detected: Fish 2 ↔ Fish 5 [frame 1830] IoU=0.01
  Overlap detected: Fish 3 ↔ Fish 4 [frame 1830] IoU=0.00
  Frame 1830/3600 | second 30
  Frozen during overlap [frame 1831]: Fish [1, 2, 3, 4, 5]
  Overlap detected: Fish 1 ↔ Fish 2 [frame 1831] IoU=0.02
  Overlap detected: Fish 2 ↔ Fish 5 [frame 1831] IoU=0.01
  Overlap detected: Fish 3 ↔ Fish 4 [frame 1831] IoU=0.00
  Frozen during overlap [frame 1832]: Fish [1, 2, 3, 4, 5]
  Overlap detected: Fish 1 ↔ Fish 2 [frame 1832] IoU=0.02
  Overlap detected: Fish 2 ↔ Fish 5 [frame 1832] IoU=0.01
  Overlap detected: Fish 3 ↔ Fish 4 [frame 1832] IoU=0.00
  Frozen during overlap [frame 1833]: Fish [1, 2, 3, 4, 5]
  Overlap detected: Fish 1 ↔ Fish 2 [frame 1833] IoU=0.02
  Overlap detected: Fish 2 ↔ Fish 5 [frame 1833] IoU=0.01
  Overlap detected: Fish 3 ↔ Fish 4 [frame 1833] IoU=0.00
  Frozen during overlap [frame 1834]: Fish [1, 2, 3, 4, 5]
  Overlap detected: Fish 1 ↔ Fish 2 [frame 1834] IoU=0.02
  Overlap detected: Fish 2 ↔ Fish 5 [frame 1834] IoU=0.01
  Overlap detected: Fish 3 ↔ Fish 4 [frame 1834] IoU=0.00
  Frozen during overlap [frame 1835]: Fish [1, 2, 3, 4, 5]
  Overlap detected: Fish 1 ↔ Fish 2 [frame 1835] IoU=0.02
  Overlap detected: Fish 2 ↔ Fish 5 [frame 1835] IoU=0.01
  Overlap detected: Fish 3 ↔ Fish 4 [frame 1835] IoU=0.00
  Frozen during overlap [frame 1836]: Fish [1, 2, 3, 4, 5]
  Overlap detected: Fish 1 ↔ Fish 2 [frame 1836] IoU=0.02
  Overlap detected: Fish 2 ↔ Fish 5 [frame 1836] IoU=0.01
  Overlap detected: Fish 3 ↔ Fish 4 [frame 1836] IoU=0.00
  Frozen during overlap [frame 1837]: Fish [1, 2, 3, 4, 5]
  Overlap detected: Fish 1 ↔ Fish 2 [frame 1837] IoU=0.02
  Overlap detected: Fish 2 ↔ Fish 5 [frame 1837] IoU=0.01
  Overlap detected: Fish 3 ↔ Fish 4 [frame 1837] IoU=0.00
  Frozen during overlap [frame 1838]: Fish [1, 2, 3, 4, 5]
  Overlap detected: Fish 1 ↔ Fish 2 [frame 1838] IoU=0.02
  Overlap detected: Fish 2 ↔ Fish 5 [frame 1838] IoU=0.01
  Overlap detected: Fish 3 ↔ Fish 4 [frame 1838] IoU=0.00
  Frozen during overlap [frame 1839]: Fish [1, 2, 3, 4, 5]
  Overlap detected: Fish 1 ↔ Fish 2 [frame 1839] IoU=0.02
  Overlap detected: Fish 2 ↔ Fish 5 [frame 1839] IoU=0.01
  Overlap detected: Fish 3 ↔ Fish 4 [frame 1839] IoU=0.00
  Frozen during overlap [frame 1840]: Fish [1, 2, 3, 4, 5]
  Overlap detected: Fish 1 ↔ Fish 2 [frame 1840] IoU=0.02
  Overlap detected: Fish 2 ↔ Fish 5 [frame 1840] IoU=0.01
  Overlap detected: Fish 3 ↔ Fish 4 [frame 1840] IoU=0.00
  Frozen during overlap [frame 1841]: Fish [1, 2, 3, 4, 5]
  Overlap detected: Fish 1 ↔ Fish 2 [frame 1841] IoU=0.02
  Overlap detected: Fish 2 ↔ Fish 5 [frame 1841] IoU=0.01
  Overlap detected: Fish 3 ↔ Fish 4 [frame 1841] IoU=0.00
  Frozen during overlap [frame 1842]: Fish [1, 2, 3, 4, 5]
  Overlap detected: Fish 1 ↔ Fish 2 [frame 1842] IoU=0.02
  Overlap detected: Fish 2 ↔ Fish 5 [frame 1842] IoU=0.01
  Overlap detected: Fish 3 ↔ Fish 4 [frame 1842] IoU=0.00
  Frozen during overlap [frame 1843]: Fish [1, 2, 3, 4, 5]
  Overlap detected: Fish 1 ↔ Fish 2 [frame 1843] IoU=0.02
  Overlap detected: Fish 2 ↔ Fish 5 [frame 1843] IoU=0.01
  Overlap detected: Fish 3 ↔ Fish 4 [frame 1843] IoU=0.00
  Frozen during overlap [frame 1844]: Fish [1, 2, 3, 4, 5]
  Overlap detected: Fish 1 ↔ Fish 2 [frame 1844] IoU=0.02
  Overlap detected: Fish 2 ↔ Fish 5 [frame 1844] IoU=0.01
  Overlap detected: Fish 3 ↔ Fish 4 [frame 1844] IoU=0.00
  Frozen during overlap [frame 1845]: Fish [1, 2, 3, 4, 5]
  Overlap detected: Fish 1 ↔ Fish 2 [frame 1845] IoU=0.02
  Overlap detected: Fish 2 ↔ Fish 5 [frame 1845] IoU=0.01
  Overlap detected: Fish 3 ↔ Fish 4 [frame 1845] IoU=0.00
  Frozen during overlap [frame 1846]: Fish [1, 2, 3, 4, 5]
  Overlap detected: Fish 1 ↔ Fish 2 [frame 1846] IoU=0.02
  Overlap detected: Fish 2 ↔ Fish 5 [frame 1846] IoU=0.01
  Overlap detected: Fish 3 ↔ Fish 4 [frame 1846] IoU=0.00
  Frozen during overlap [frame 1847]: Fish [1, 2, 3, 4, 5]
  Overlap detected: Fish 1 ↔ Fish 2 [frame 1847] IoU=0.02
  Overlap detected: Fish 2 ↔ Fish 5 [frame 1847] IoU=0.01
  Overlap detected: Fish 3 ↔ Fish 4 [frame 1847] IoU=0.00
  Frozen during overlap [frame 1848]: Fish [1, 2, 3, 4, 5]
  Overlap detected: Fish 1 ↔ Fish 2 [frame 1848] IoU=0.02
  Overlap detected: Fish 2 ↔ Fish 5 [frame 1848] IoU=0.01
  Overlap detected: Fish 3 ↔ Fish 4 [frame 1848] IoU=0.00
  Frozen during overlap [frame 1849]: Fish [1, 2, 3, 4, 5]
  Overlap detected: Fish 1 ↔ Fish 2 [frame 1849] IoU=0.02
  Overlap detected: Fish 2 ↔ Fish 5 [frame 1849] IoU=0.01
  Overlap detected: Fish 3 ↔ Fish 4 [frame 1849] IoU=0.00
  Frozen during overlap [frame 1850]: Fish [1, 2, 3, 4, 5]
  Overlap detected: Fish 1 ↔ Fish 2 [frame 1850] IoU=0.02
  Overlap detected: Fish 2 ↔ Fish 5 [frame 1850] IoU=0.01
  Overlap detected: Fish 3 ↔ Fish 4 [frame 1850] IoU=0.00
  Frozen during overlap [frame 1851]: Fish [1, 2, 3, 4, 5]
  Overlap detected: Fish 1 ↔ Fish 2 [frame 1851] IoU=0.02
  Overlap detected: Fish 2 ↔ Fish 5 [frame 1851] IoU=0.01
  Overlap detected: Fish 3 ↔ Fish 4 [frame 1851] IoU=0.00
  Frozen during overlap [frame 1852]: Fish [1, 2, 3, 4, 5]
  Overlap detected: Fish 1 ↔ Fish 2 [frame 1852] IoU=0.02
  Overlap detected: Fish 2 ↔ Fish 5 [frame 1852] IoU=0.01
  Overlap detected: Fish 3 ↔ Fish 4 [frame 1852] IoU=0.00
  Frozen during overlap [frame 1853]: Fish [1, 2, 3, 4, 5]
  Overlap detected: Fish 1 ↔ Fish 2 [frame 1853] IoU=0.02
  Overlap detected: Fish 2 ↔ Fish 5 [frame 1853] IoU=0.01
  Overlap detected: Fish 3 ↔ Fish 4 [frame 1853] IoU=0.00
  Frozen during overlap [frame 1854]: Fish [1, 2, 3, 4, 5]
  Overlap detected: Fish 1 ↔ Fish 2 [frame 1854] IoU=0.02
  Overlap detected: Fish 2 ↔ Fish 5 [frame 1854] IoU=0.01
  Overlap detected: Fish 3 ↔ Fish 4 [frame 1854] IoU=0.00
  Frozen during overlap [frame 1855]: Fish [1, 2, 3, 4, 5]
  Overlap detected: Fish 1 ↔ Fish 2 [frame 1855] IoU=0.02
  Overlap detected: Fish 2 ↔ Fish 5 [frame 1855] IoU=0.01
  Overlap detected: Fish 3 ↔ Fish 4 [frame 1855] IoU=0.00
  Frozen during overlap [frame 1856]: Fish [1, 2, 3, 4, 5]
  Overlap detected: Fish 1 ↔ Fish 2 [frame 1856] IoU=0.02
  Overlap detected: Fish 2 ↔ Fish 5 [frame 1856] IoU=0.01
  Overlap detected: Fish 3 ↔ Fish 4 [frame 1856] IoU=0.00
  Frozen during overlap [frame 1857]: Fish [1, 2, 3, 4, 5]
  Overlap detected: Fish 1 ↔ Fish 2 [frame 1857] IoU=0.02
  Overlap detected: Fish 2 ↔ Fish 5 [frame 1857] IoU=0.01
  Overlap detected: Fish 3 ↔ Fish 4 [frame 1857] IoU=0.00
  Frozen during overlap [frame 1858]: Fish [1, 2, 3, 4, 5]
  Overlap detected: Fish 1 ↔ Fish 2 [frame 1858] IoU=0.02
  Overlap detected: Fish 2 ↔ Fish 5 [frame 1858] IoU=0.01
  Overlap detected: Fish 3 ↔ Fish 4 [frame 1858] IoU=0.00
  Frozen during overlap [frame 1859]: Fish [1, 2, 3, 4, 5]
  Overlap detected: Fish 1 ↔ Fish 2 [frame 1859] IoU=0.02
  Overlap detected: Fish 2 ↔ Fish 5 [frame 1859] IoU=0.01
  Overlap detected: Fish 3 ↔ Fish 4 [frame 1859] IoU=0.00
  Frozen during overlap [frame 1860]: Fish [1, 2, 3, 4, 5]
  Overlap detected: Fish 1 ↔ Fish 2 [frame 1860] IoU=0.02
  Overlap detected: Fish 2 ↔ Fish 5 [frame 1860] IoU=0.01
  Overlap detected: Fish 3 ↔ Fish 4 [frame 1860] IoU=0.00
  Frame 1860/3600 | second 31
  Frozen during overlap [frame 1861]: Fish [1, 2, 3, 4, 5]
  Overlap detected: Fish 1 ↔ Fish 2 [frame 1861] IoU=0.02
  Overlap detected: Fish 2 ↔ Fish 5 [frame 1861] IoU=0.01
  Overlap detected: Fish 3 ↔ Fish 4 [frame 1861] IoU=0.00
  Frozen during overlap [frame 1862]: Fish [1, 2, 3, 4, 5]
  Overlap detected: Fish 1 ↔ Fish 2 [frame 1862] IoU=0.02
  Overlap detected: Fish 2 ↔ Fish 5 [frame 1862] IoU=0.01
  Overlap detected: Fish 3 ↔ Fish 4 [frame 1862] IoU=0.00
  Frozen during overlap [frame 1863]: Fish [1, 2, 3, 4, 5]
  Overlap detected: Fish 1 ↔ Fish 2 [frame 1863] IoU=0.02
  Overlap detected: Fish 2 ↔ Fish 5 [frame 1863] IoU=0.01
  Overlap detected: Fish 3 ↔ Fish 4 [frame 1863] IoU=0.00
  Frozen during overlap [frame 1864]: Fish [1, 2, 3, 4, 5]
  Overlap detected: Fish 1 ↔ Fish 2 [frame 1864] IoU=0.02
  Overlap detected: Fish 2 ↔ Fish 5 [frame 1864] IoU=0.01
  Overlap detected: Fish 3 ↔ Fish 4 [frame 1864] IoU=0.00
  Frozen during overlap [frame 1865]: Fish [1, 2, 3, 4, 5]
  Overlap detected: Fish 1 ↔ Fish 2 [frame 1865] IoU=0.02
  Overlap detected: Fish 2 ↔ Fish 5 [frame 1865] IoU=0.01
  Overlap detected: Fish 3 ↔ Fish 4 [frame 1865] IoU=0.00
  Frozen during overlap [frame 1866]: Fish [1, 2, 3, 4, 5]
  Overlap detected: Fish 1 ↔ Fish 2 [frame 1866] IoU=0.02
  Overlap detected: Fish 2 ↔ Fish 5 [frame 1866] IoU=0.01
  Overlap detected: Fish 3 ↔ Fish 4 [frame 1866] IoU=0.00
  Frozen during overlap [frame 1867]: Fish [1, 2, 3, 4, 5]
  Overlap detected: Fish 1 ↔ Fish 2 [frame 1867] IoU=0.02
  Overlap detected: Fish 2 ↔ Fish 5 [frame 1867] IoU=0.01
  Overlap detected: Fish 3 ↔ Fish 4 [frame 1867] IoU=0.00
  Frozen during overlap [frame 1868]: Fish [1, 2, 3, 4, 5]
  Overlap detected: Fish 1 ↔ Fish 2 [frame 1868] IoU=0.02
  Overlap detected: Fish 2 ↔ Fish 5 [frame 1868] IoU=0.01
  Overlap detected: Fish 3 ↔ Fish 4 [frame 1868] IoU=0.00
  Frozen during overlap [frame 1869]: Fish [1, 2, 3, 4, 5]
  Overlap detected: Fish 1 ↔ Fish 2 [frame 1869] IoU=0.02
  Overlap detected: Fish 2 ↔ Fish 5 [frame 1869] IoU=0.01
  Overlap detected: Fish 3 ↔ Fish 4 [frame 1869] IoU=0.00
  Frozen during overlap [frame 1870]: Fish [1, 2, 3, 4, 5]
  Overlap detected: Fish 1 ↔ Fish 2 [frame 1870] IoU=0.02
  Overlap detected: Fish 2 ↔ Fish 5 [frame 1870] IoU=0.01
  Overlap detected: Fish 3 ↔ Fish 4 [frame 1870] IoU=0.00
  Frozen during overlap [frame 1871]: Fish [1, 2, 3, 4, 5]
  Overlap detected: Fish 1 ↔ Fish 2 [frame 1871] IoU=0.02
  Overlap detected: Fish 2 ↔ Fish 5 [frame 1871] IoU=0.01
  Overlap detected: Fish 3 ↔ Fish 4 [frame 1871] IoU=0.00
  Frozen during overlap [frame 1872]: Fish [1, 2, 3, 4, 5]
  Overlap detected: Fish 1 ↔ Fish 2 [frame 1872] IoU=0.02
  Overlap detected: Fish 2 ↔ Fish 5 [frame 1872] IoU=0.01
  Overlap detected: Fish 3 ↔ Fish 4 [frame 1872] IoU=0.00
  Frozen during overlap [frame 1873]: Fish [1, 2, 3, 4, 5]
  Overlap detected: Fish 1 ↔ Fish 2 [frame 1873] IoU=0.02
  Overlap detected: Fish 2 ↔ Fish 5 [frame 1873] IoU=0.01
  Overlap detected: Fish 3 ↔ Fish 4 [frame 1873] IoU=0.00
  Frozen during overlap [frame 1874]: Fish [1, 2, 3, 4, 5]
  Overlap detected: Fish 1 ↔ Fish 2 [frame 1874] IoU=0.02
  Overlap detected: Fish 2 ↔ Fish 5 [frame 1874] IoU=0.01
  Overlap detected: Fish 3 ↔ Fish 4 [frame 1874] IoU=0.00
  Frozen during overlap [frame 1875]: Fish [1, 2, 3, 4, 5]
  Overlap detected: Fish 1 ↔ Fish 2 [frame 1875] IoU=0.02
  Overlap detected: Fish 2 ↔ Fish 5 [frame 1875] IoU=0.01
  Overlap detected: Fish 3 ↔ Fish 4 [frame 1875] IoU=0.00
  Frozen during overlap [frame 1876]: Fish [1, 2, 3, 4, 5]
  Overlap detected: Fish 1 ↔ Fish 2 [frame 1876] IoU=0.02
  Overlap detected: Fish 2 ↔ Fish 5 [frame 1876] IoU=0.01
  Overlap detected: Fish 3 ↔ Fish 4 [frame 1876] IoU=0.00
  Frozen during overlap [frame 1877]: Fish [1, 2, 3, 4, 5]
  Overlap detected: Fish 1 ↔ Fish 2 [frame 1877] IoU=0.02
  Overlap detected: Fish 2 ↔ Fish 5 [frame 1877] IoU=0.01
  Overlap detected: Fish 3 ↔ Fish 4 [frame 1877] IoU=0.00
  Frozen during overlap [frame 1878]: Fish [1, 2, 3, 4, 5]
  Overlap detected: Fish 1 ↔ Fish 2 [frame 1878] IoU=0.02
  Overlap detected: Fish 2 ↔ Fish 5 [frame 1878] IoU=0.01
  Overlap detected: Fish 3 ↔ Fish 4 [frame 1878] IoU=0.00
  Frozen during overlap [frame 1879]: Fish [1, 2, 3, 4, 5]
  Overlap detected: Fish 1 ↔ Fish 2 [frame 1879] IoU=0.02
  Overlap detected: Fish 2 ↔ Fish 5 [frame 1879] IoU=0.01
  Overlap detected: Fish 3 ↔ Fish 4 [frame 1879] IoU=0.00
  Frozen during overlap [frame 1880]: Fish [1, 2, 3, 4, 5]
  Overlap detected: Fish 1 ↔ Fish 2 [frame 1880] IoU=0.02
  Overlap detected: Fish 2 ↔ Fish 5 [frame 1880] IoU=0.01
  Overlap detected: Fish 3 ↔ Fish 4 [frame 1880] IoU=0.00
  Frozen during overlap [frame 1881]: Fish [1, 2, 3, 4, 5]
  Overlap detected: Fish 1 ↔ Fish 2 [frame 1881] IoU=0.02
  Overlap detected: Fish 2 ↔ Fish 5 [frame 1881] IoU=0.01
  Overlap detected: Fish 3 ↔ Fish 4 [frame 1881] IoU=0.00
  Frozen during overlap [frame 1882]: Fish [1, 2, 3, 4, 5]
  Overlap detected: Fish 1 ↔ Fish 2 [frame 1882] IoU=0.02
  Overlap detected: Fish 2 ↔ Fish 5 [frame 1882] IoU=0.01
  Overlap detected: Fish 3 ↔ Fish 4 [frame 1882] IoU=0.00
  Frozen during overlap [frame 1883]: Fish [1, 2, 3, 4, 5]
  Overlap detected: Fish 1 ↔ Fish 2 [frame 1883] IoU=0.02
  Overlap detected: Fish 2 ↔ Fish 5 [frame 1883] IoU=0.01
  Overlap detected: Fish 3 ↔ Fish 4 [frame 1883] IoU=0.00
  Frozen during overlap [frame 1884]: Fish [1, 2, 3, 4, 5]
  Overlap detected: Fish 1 ↔ Fish 2 [frame 1884] IoU=0.02
  Overlap detected: Fish 2 ↔ Fish 5 [frame 1884] IoU=0.01
  Overlap detected: Fish 3 ↔ Fish 4 [frame 1884] IoU=0.00
  Frozen during overlap [frame 1885]: Fish [1, 2, 3, 4, 5]
  Overlap detected: Fish 1 ↔ Fish 2 [frame 1885] IoU=0.02
  Overlap detected: Fish 2 ↔ Fish 5 [frame 1885] IoU=0.01
  Overlap detected: Fish 3 ↔ Fish 4 [frame 1885] IoU=0.00
  Frozen during overlap [frame 1886]: Fish [1, 2, 3, 4, 5]
  Overlap detected: Fish 1 ↔ Fish 2 [frame 1886] IoU=0.02
  Overlap detected: Fish 2 ↔ Fish 5 [frame 1886] IoU=0.01
  Overlap detected: Fish 3 ↔ Fish 4 [frame 1886] IoU=0.00
  Frozen during overlap [frame 1887]: Fish [1, 2, 3, 4, 5]
  Overlap detected: Fish 1 ↔ Fish 2 [frame 1887] IoU=0.02
  Overlap detected: Fish 2 ↔ Fish 5 [frame 1887] IoU=0.01
  Overlap detected: Fish 3 ↔ Fish 4 [frame 1887] IoU=0.00
  Frozen during overlap [frame 1888]: Fish [1, 2, 3, 4, 5]
  Overlap detected: Fish 1 ↔ Fish 2 [frame 1888] IoU=0.02
  Overlap detected: Fish 2 ↔ Fish 5 [frame 1888] IoU=0.01
  Overlap detected: Fish 3 ↔ Fish 4 [frame 1888] IoU=0.00
  Frozen during overlap [frame 1889]: Fish [1, 2, 3, 4, 5]
  Overlap detected: Fish 1 ↔ Fish 2 [frame 1889] IoU=0.02
  Overlap detected: Fish 2 ↔ Fish 5 [frame 1889] IoU=0.01
  Overlap detected: Fish 3 ↔ Fish 4 [frame 1889] IoU=0.00
  Frozen during overlap [frame 1890]: Fish [1, 2, 3, 4, 5]
  Overlap detected: Fish 1 ↔ Fish 2 [frame 1890] IoU=0.02
  Overlap detected: Fish 2 ↔ Fish 5 [frame 1890] IoU=0.01
  Overlap detected: Fish 3 ↔ Fish 4 [frame 1890] IoU=0.00
  Frame 1890/3600 | second 31
  Frozen during overlap [frame 1891]: Fish [1, 2, 3, 4, 5]
  Overlap detected: Fish 1 ↔ Fish 2 [frame 1891] IoU=0.02
  Overlap detected: Fish 2 ↔ Fish 5 [frame 1891] IoU=0.01
  Overlap detected: Fish 3 ↔ Fish 4 [frame 1891] IoU=0.00
  Frozen during overlap [frame 1892]: Fish [1, 2, 3, 4, 5]
  Overlap detected: Fish 1 ↔ Fish 2 [frame 1892] IoU=0.02
  Overlap detected: Fish 2 ↔ Fish 5 [frame 1892] IoU=0.01
  Overlap detected: Fish 3 ↔ Fish 4 [frame 1892] IoU=0.00
  Frozen during overlap [frame 1893]: Fish [1, 2, 3, 4, 5]
  Overlap detected: Fish 1 ↔ Fish 2 [frame 1893] IoU=0.02
  Overlap detected: Fish 2 ↔ Fish 5 [frame 1893] IoU=0.01
  Overlap detected: Fish 3 ↔ Fish 4 [frame 1893] IoU=0.00
  Frozen during overlap [frame 1894]: Fish [1, 2, 3, 4, 5]
  Overlap detected: Fish 1 ↔ Fish 2 [frame 1894] IoU=0.02
  Overlap detected: Fish 2 ↔ Fish 5 [frame 1894] IoU=0.01
  Overlap detected: Fish 3 ↔ Fish 4 [frame 1894] IoU=0.00
  Frozen during overlap [frame 1895]: Fish [1, 2, 3, 4, 5]
  Overlap detected: Fish 1 ↔ Fish 2 [frame 1895] IoU=0.02
  Overlap detected: Fish 2 ↔ Fish 5 [frame 1895] IoU=0.01
  Overlap detected: Fish 3 ↔ Fish 4 [frame 1895] IoU=0.00
  Frozen during overlap [frame 1896]: Fish [1, 2, 3, 4, 5]
  Overlap detected: Fish 1 ↔ Fish 2 [frame 1896] IoU=0.02
  Overlap detected: Fish 2 ↔ Fish 5 [frame 1896] IoU=0.01
  Overlap detected: Fish 3 ↔ Fish 4 [frame 1896] IoU=0.00
  Frozen during overlap [frame 1897]: Fish [1, 2, 3, 4, 5]
  Overlap detected: Fish 1 ↔ Fish 2 [frame 1897] IoU=0.02
  Overlap detected: Fish 2 ↔ Fish 5 [frame 1897] IoU=0.01
  Overlap detected: Fish 3 ↔ Fish 4 [frame 1897] IoU=0.00
  Frozen during overlap [frame 1898]: Fish [1, 2, 3, 4, 5]
  Overlap detected: Fish 1 ↔ Fish 2 [frame 1898] IoU=0.02
  Overlap detected: Fish 2 ↔ Fish 5 [frame 1898] IoU=0.01
  Overlap detected: Fish 3 ↔ Fish 4 [frame 1898] IoU=0.00
  Frozen during overlap [frame 1899]: Fish [1, 2, 3, 4, 5]
  Overlap detected: Fish 1 ↔ Fish 2 [frame 1899] IoU=0.02
  Overlap detected: Fish 2 ↔ Fish 5 [frame 1899] IoU=0.01
  Overlap detected: Fish 3 ↔ Fish 4 [frame 1899] IoU=0.00
  Frozen during overlap [frame 1900]: Fish [1, 2, 3, 4, 5]
  Overlap detected: Fish 1 ↔ Fish 2 [frame 1900] IoU=0.02
  Overlap detected: Fish 2 ↔ Fish 5 [frame 1900] IoU=0.01
  Overlap detected: Fish 3 ↔ Fish 4 [frame 1900] IoU=0.00
  Frozen during overlap [frame 1901]: Fish [1, 2, 3, 4, 5]
  Overlap detected: Fish 1 ↔ Fish 2 [frame 1901] IoU=0.02
  Overlap detected: Fish 2 ↔ Fish 5 [frame 1901] IoU=0.01
  Overlap detected: Fish 3 ↔ Fish 4 [frame 1901] IoU=0.00
  Frozen during overlap [frame 1902]: Fish [1, 2, 3, 4, 5]
  Overlap detected: Fish 1 ↔ Fish 2 [frame 1902] IoU=0.02
  Overlap detected: Fish 2 ↔ Fish 5 [frame 1902] IoU=0.01
  Overlap detected: Fish 3 ↔ Fish 4 [frame 1902] IoU=0.00
  Frozen during overlap [frame 1903]: Fish [1, 2, 3, 4, 5]
  Overlap detected: Fish 1 ↔ Fish 2 [frame 1903] IoU=0.02
  Overlap detected: Fish 2 ↔ Fish 5 [frame 1903] IoU=0.01
  Overlap detected: Fish 3 ↔ Fish 4 [frame 1903] IoU=0.00
  Frozen during overlap [frame 1904]: Fish [1, 2, 3, 4, 5]
  Overlap detected: Fish 1 ↔ Fish 2 [frame 1904] IoU=0.02
  Overlap detected: Fish 2 ↔ Fish 5 [frame 1904] IoU=0.01
  Overlap detected: Fish 3 ↔ Fish 4 [frame 1904] IoU=0.00
  Frozen during overlap [frame 1905]: Fish [1, 2, 3, 4, 5]
  Overlap detected: Fish 1 ↔ Fish 2 [frame 1905] IoU=0.02
  Overlap detected: Fish 2 ↔ Fish 5 [frame 1905] IoU=0.01
  Overlap detected: Fish 3 ↔ Fish 4 [frame 1905] IoU=0.00
  Frozen during overlap [frame 1906]: Fish [1, 2, 3, 4, 5]
  Overlap detected: Fish 1 ↔ Fish 2 [frame 1906] IoU=0.02
  Overlap detected: Fish 2 ↔ Fish 5 [frame 1906] IoU=0.01
  Overlap detected: Fish 3 ↔ Fish 4 [frame 1906] IoU=0.00
  Frozen during overlap [frame 1907]: Fish [1, 2, 3, 4, 5]
  Overlap detected: Fish 1 ↔ Fish 2 [frame 1907] IoU=0.02
  Overlap detected: Fish 2 ↔ Fish 5 [frame 1907] IoU=0.01
  Overlap detected: Fish 3 ↔ Fish 4 [frame 1907] IoU=0.00
  Frozen during overlap [frame 1908]: Fish [1, 2, 3, 4, 5]
  Overlap detected: Fish 1 ↔ Fish 2 [frame 1908] IoU=0.02
  Overlap detected: Fish 2 ↔ Fish 5 [frame 1908] IoU=0.01
  Overlap detected: Fish 3 ↔ Fish 4 [frame 1908] IoU=0.00
  Frozen during overlap [frame 1909]: Fish [1, 2, 3, 4, 5]
  Overlap detected: Fish 1 ↔ Fish 2 [frame 1909] IoU=0.02
  Overlap detected: Fish 2 ↔ Fish 5 [frame 1909] IoU=0.01
  Overlap detected: Fish 3 ↔ Fish 4 [frame 1909] IoU=0.00
  Frozen during overlap [frame 1910]: Fish [1, 2, 3, 4, 5]
  Overlap detected: Fish 1 ↔ Fish 2 [frame 1910] IoU=0.02
  Overlap detected: Fish 2 ↔ Fish 5 [frame 1910] IoU=0.01
  Overlap detected: Fish 3 ↔ Fish 4 [frame 1910] IoU=0.00
  Frozen during overlap [frame 1911]: Fish [1, 2, 3, 4, 5]
  Overlap detected: Fish 1 ↔ Fish 2 [frame 1911] IoU=0.02
  Overlap detected: Fish 2 ↔ Fish 5 [frame 1911] IoU=0.01
  Overlap detected: Fish 3 ↔ Fish 4 [frame 1911] IoU=0.00
  Frozen during overlap [frame 1912]: Fish [1, 2, 3, 4, 5]
  Overlap detected: Fish 1 ↔ Fish 2 [frame 1912] IoU=0.02
  Overlap detected: Fish 2 ↔ Fish 5 [frame 1912] IoU=0.01
  Overlap detected: Fish 3 ↔ Fish 4 [frame 1912] IoU=0.00
  Frozen during overlap [frame 1913]: Fish [1, 2, 3, 4, 5]
  Overlap detected: Fish 1 ↔ Fish 2 [frame 1913] IoU=0.02
  Overlap detected: Fish 2 ↔ Fish 5 [frame 1913] IoU=0.01
  Overlap detected: Fish 3 ↔ Fish 4 [frame 1913] IoU=0.00
  Frozen during overlap [frame 1914]: Fish [1, 2, 3, 4, 5]
  Overlap detected: Fish 1 ↔ Fish 2 [frame 1914] IoU=0.02
  Overlap detected: Fish 2 ↔ Fish 5 [frame 1914] IoU=0.01
  Overlap detected: Fish 3 ↔ Fish 4 [frame 1914] IoU=0.00
  Frozen during overlap [frame 1915]: Fish [1, 2, 3, 4, 5]
  Overlap detected: Fish 1 ↔ Fish 2 [frame 1915] IoU=0.02
  Overlap detected: Fish 2 ↔ Fish 5 [frame 1915] IoU=0.01
  Overlap detected: Fish 3 ↔ Fish 4 [frame 1915] IoU=0.00
  Frozen during overlap [frame 1916]: Fish [1, 2, 3, 4, 5]
  Overlap detected: Fish 1 ↔ Fish 2 [frame 1916] IoU=0.02
  Overlap detected: Fish 2 ↔ Fish 5 [frame 1916] IoU=0.01
  Overlap detected: Fish 3 ↔ Fish 4 [frame 1916] IoU=0.00
  Frozen during overlap [frame 1917]: Fish [1, 2, 3, 4, 5]
  Overlap detected: Fish 1 ↔ Fish 2 [frame 1917] IoU=0.02
  Overlap detected: Fish 2 ↔ Fish 5 [frame 1917] IoU=0.01
  Overlap detected: Fish 3 ↔ Fish 4 [frame 1917] IoU=0.00
  Frozen during overlap [frame 1918]: Fish [1, 2, 3, 4, 5]
  Overlap detected: Fish 1 ↔ Fish 2 [frame 1918] IoU=0.02
  Overlap detected: Fish 2 ↔ Fish 5 [frame 1918] IoU=0.01
  Overlap detected: Fish 3 ↔ Fish 4 [frame 1918] IoU=0.00
  Frozen during overlap [frame 1919]: Fish [1, 2, 3, 4, 5]
  Overlap detected: Fish 1 ↔ Fish 2 [frame 1919] IoU=0.02
  Overlap detected: Fish 2 ↔ Fish 5 [frame 1919] IoU=0.01
  Overlap detected: Fish 3 ↔ Fish 4 [frame 1919] IoU=0.00
  Frozen during overlap [frame 1920]: Fish [1, 2, 3, 4, 5]
  Overlap detected: Fish 1 ↔ Fish 2 [frame 1920] IoU=0.02
  Overlap detected: Fish 2 ↔ Fish 5 [frame 1920] IoU=0.01
  Overlap detected: Fish 3 ↔ Fish 4 [frame 1920] IoU=0.00
  Frame 1920/3600 | second 32
  Frozen during overlap [frame 1921]: Fish [1, 2, 3, 4, 5]
  Overlap detected: Fish 1 ↔ Fish 2 [frame 1921] IoU=0.02
  Overlap detected: Fish 2 ↔ Fish 5 [frame 1921] IoU=0.01
  Overlap detected: Fish 3 ↔ Fish 4 [frame 1921] IoU=0.00
  Frozen during overlap [frame 1922]: Fish [1, 2, 3, 4, 5]
  Overlap detected: Fish 1 ↔ Fish 2 [frame 1922] IoU=0.02
  Overlap detected: Fish 2 ↔ Fish 5 [frame 1922] IoU=0.01
  Overlap detected: Fish 3 ↔ Fish 4 [frame 1922] IoU=0.00
  Frozen during overlap [frame 1923]: Fish [1, 2, 3, 4, 5]
  Overlap detected: Fish 1 ↔ Fish 2 [frame 1923] IoU=0.02
  Overlap detected: Fish 2 ↔ Fish 5 [frame 1923] IoU=0.01
  Overlap detected: Fish 3 ↔ Fish 4 [frame 1923] IoU=0.00
  Frozen during overlap [frame 1924]: Fish [1, 2, 3, 4, 5]
  Overlap detected: Fish 1 ↔ Fish 2 [frame 1924] IoU=0.02
  Overlap detected: Fish 2 ↔ Fish 5 [frame 1924] IoU=0.01
  Overlap detected: Fish 3 ↔ Fish 4 [frame 1924] IoU=0.00
  Frozen during overlap [frame 1925]: Fish [1, 2, 3, 4, 5]
  Overlap detected: Fish 1 ↔ Fish 2 [frame 1925] IoU=0.02
  Overlap detected: Fish 2 ↔ Fish 5 [frame 1925] IoU=0.01
  Overlap detected: Fish 3 ↔ Fish 4 [frame 1925] IoU=0.00
  Frozen during overlap [frame 1926]: Fish [1, 2, 3, 4, 5]
  Overlap detected: Fish 1 ↔ Fish 2 [frame 1926] IoU=0.02
  Overlap detected: Fish 2 ↔ Fish 5 [frame 1926] IoU=0.01
  Overlap detected: Fish 3 ↔ Fish 4 [frame 1926] IoU=0.00
  Frozen during overlap [frame 1927]: Fish [1, 2, 3, 4, 5]
  Overlap detected: Fish 1 ↔ Fish 2 [frame 1927] IoU=0.02
  Overlap detected: Fish 2 ↔ Fish 5 [frame 1927] IoU=0.01
  Overlap detected: Fish 3 ↔ Fish 4 [frame 1927] IoU=0.00
  Frozen during overlap [frame 1928]: Fish [1, 2, 3, 4, 5]
  Overlap detected: Fish 1 ↔ Fish 2 [frame 1928] IoU=0.02
  Overlap detected: Fish 2 ↔ Fish 5 [frame 1928] IoU=0.01
  Overlap detected: Fish 3 ↔ Fish 4 [frame 1928] IoU=0.00
  Frozen during overlap [frame 1929]: Fish [1, 2, 3, 4, 5]
  Overlap detected: Fish 1 ↔ Fish 2 [frame 1929] IoU=0.02
  Overlap detected: Fish 2 ↔ Fish 5 [frame 1929] IoU=0.01
  Overlap detected: Fish 3 ↔ Fish 4 [frame 1929] IoU=0.00
  Frozen during overlap [frame 1930]: Fish [1, 2, 3, 4, 5]
  Overlap detected: Fish 1 ↔ Fish 2 [frame 1930] IoU=0.02
  Overlap detected: Fish 2 ↔ Fish 5 [frame 1930] IoU=0.01
  Overlap detected: Fish 3 ↔ Fish 4 [frame 1930] IoU=0.00
  Frozen during overlap [frame 1931]: Fish [1, 2, 3, 4, 5]
  Overlap detected: Fish 1 ↔ Fish 2 [frame 1931] IoU=0.02
  Overlap detected: Fish 2 ↔ Fish 5 [frame 1931] IoU=0.01
  Overlap detected: Fish 3 ↔ Fish 4 [frame 1931] IoU=0.00
  Frozen during overlap [frame 1932]: Fish [1, 2, 3, 4, 5]
  Overlap detected: Fish 1 ↔ Fish 2 [frame 1932] IoU=0.02
  Overlap detected: Fish 2 ↔ Fish 5 [frame 1932] IoU=0.01
  Overlap detected: Fish 3 ↔ Fish 4 [frame 1932] IoU=0.00
  Frozen during overlap [frame 1933]: Fish [1, 2, 3, 4, 5]
  Overlap detected: Fish 1 ↔ Fish 2 [frame 1933] IoU=0.02
  Overlap detected: Fish 2 ↔ Fish 5 [frame 1933] IoU=0.01
  Overlap detected: Fish 3 ↔ Fish 4 [frame 1933] IoU=0.00
  Frozen during overlap [frame 1934]: Fish [1, 2, 3, 4, 5]
  Overlap detected: Fish 1 ↔ Fish 2 [frame 1934] IoU=0.02
  Overlap detected: Fish 2 ↔ Fish 5 [frame 1934] IoU=0.01
  Overlap detected: Fish 3 ↔ Fish 4 [frame 1934] IoU=0.00
  Frozen during overlap [frame 1935]: Fish [1, 2, 3, 4, 5]
  Overlap detected: Fish 1 ↔ Fish 2 [frame 1935] IoU=0.02
  Overlap detected: Fish 2 ↔ Fish 5 [frame 1935] IoU=0.01
  Overlap detected: Fish 3 ↔ Fish 4 [frame 1935] IoU=0.00
  Frozen during overlap [frame 1936]: Fish [1, 2, 3, 4, 5]
  Overlap detected: Fish 1 ↔ Fish 2 [frame 1936] IoU=0.02
  Overlap detected: Fish 2 ↔ Fish 5 [frame 1936] IoU=0.01
  Overlap detected: Fish 3 ↔ Fish 4 [frame 1936] IoU=0.00
  Frozen during overlap [frame 1937]: Fish [1, 2, 3, 4, 5]
  Overlap detected: Fish 1 ↔ Fish 2 [frame 1937] IoU=0.02
  Overlap detected: Fish 2 ↔ Fish 5 [frame 1937] IoU=0.01
  Overlap detected: Fish 3 ↔ Fish 4 [frame 1937] IoU=0.00
  Frozen during overlap [frame 1938]: Fish [1, 2, 3, 4, 5]
  Overlap detected: Fish 1 ↔ Fish 2 [frame 1938] IoU=0.02
  Overlap detected: Fish 2 ↔ Fish 5 [frame 1938] IoU=0.01
  Overlap detected: Fish 3 ↔ Fish 4 [frame 1938] IoU=0.00
  Frozen during overlap [frame 1939]: Fish [1, 2, 3, 4, 5]
  Overlap detected: Fish 1 ↔ Fish 2 [frame 1939] IoU=0.02
  Overlap detected: Fish 2 ↔ Fish 5 [frame 1939] IoU=0.01
  Overlap detected: Fish 3 ↔ Fish 4 [frame 1939] IoU=0.00
  Frozen during overlap [frame 1940]: Fish [1, 2, 3, 4, 5]
  Overlap detected: Fish 1 ↔ Fish 2 [frame 1940] IoU=0.02
  Overlap detected: Fish 2 ↔ Fish 5 [frame 1940] IoU=0.01
  Overlap detected: Fish 3 ↔ Fish 4 [frame 1940] IoU=0.00
  Frozen during overlap [frame 1941]: Fish [1, 2, 3, 4, 5]
  Overlap detected: Fish 1 ↔ Fish 2 [frame 1941] IoU=0.02
  Overlap detected: Fish 2 ↔ Fish 5 [frame 1941] IoU=0.01
  Overlap detected: Fish 3 ↔ Fish 4 [frame 1941] IoU=0.00
  Frozen during overlap [frame 1942]: Fish [1, 2, 3, 4, 5]
  Overlap detected: Fish 1 ↔ Fish 2 [frame 1942] IoU=0.02
  Overlap detected: Fish 2 ↔ Fish 5 [frame 1942] IoU=0.01
  Overlap detected: Fish 3 ↔ Fish 4 [frame 1942] IoU=0.00
  Frozen during overlap [frame 1943]: Fish [1, 2, 3, 4, 5]
  Overlap detected: Fish 1 ↔ Fish 2 [frame 1943] IoU=0.02
  Overlap detected: Fish 2 ↔ Fish 5 [frame 1943] IoU=0.01
  Overlap detected: Fish 3 ↔ Fish 4 [frame 1943] IoU=0.00
  Frozen during overlap [frame 1944]: Fish [1, 2, 3, 4, 5]
  Overlap detected: Fish 1 ↔ Fish 2 [frame 1944] IoU=0.02
  Overlap detected: Fish 2 ↔ Fish 5 [frame 1944] IoU=0.01
  Overlap detected: Fish 3 ↔ Fish 4 [frame 1944] IoU=0.00
  Frozen during overlap [frame 1945]: Fish [1, 2, 3, 4, 5]
  Overlap detected: Fish 1 ↔ Fish 2 [frame 1945] IoU=0.02
  Overlap detected: Fish 2 ↔ Fish 5 [frame 1945] IoU=0.01
  Overlap detected: Fish 3 ↔ Fish 4 [frame 1945] IoU=0.00
  Frozen during overlap [frame 1946]: Fish [1, 2, 3, 4, 5]
  Overlap detected: Fish 1 ↔ Fish 2 [frame 1946] IoU=0.02
  Overlap detected: Fish 2 ↔ Fish 5 [frame 1946] IoU=0.01
  Overlap detected: Fish 3 ↔ Fish 4 [frame 1946] IoU=0.00
  Frozen during overlap [frame 1947]: Fish [1, 2, 3, 4, 5]
  Overlap detected: Fish 1 ↔ Fish 2 [frame 1947] IoU=0.02
  Overlap detected: Fish 2 ↔ Fish 5 [frame 1947] IoU=0.01
  Overlap detected: Fish 3 ↔ Fish 4 [frame 1947] IoU=0.00
  Frozen during overlap [frame 1948]: Fish [1, 2, 3, 4, 5]
  Overlap detected: Fish 1 ↔ Fish 2 [frame 1948] IoU=0.02
  Overlap detected: Fish 2 ↔ Fish 5 [frame 1948] IoU=0.01
  Overlap detected: Fish 3 ↔ Fish 4 [frame 1948] IoU=0.00
  Frozen during overlap [frame 1949]: Fish [1, 2, 3, 4, 5]
  Overlap detected: Fish 1 ↔ Fish 2 [frame 1949] IoU=0.02
  Overlap detected: Fish 2 ↔ Fish 5 [frame 1949] IoU=0.01
  Overlap detected: Fish 3 ↔ Fish 4 [frame 1949] IoU=0.00
  Frozen during overlap [frame 1950]: Fish [1, 2, 3, 4, 5]
  Overlap detected: Fish 1 ↔ Fish 2 [frame 1950] IoU=0.02
  Overlap detected: Fish 2 ↔ Fish 5 [frame 1950] IoU=0.01
  Overlap detected: Fish 3 ↔ Fish 4 [frame 1950] IoU=0.00
  Frame 1950/3600 | second 32
  Frozen during overlap [frame 1951]: Fish [1, 2, 3, 4, 5]
  Overlap detected: Fish 1 ↔ Fish 2 [frame 1951] IoU=0.02
  Overlap detected: Fish 2 ↔ Fish 5 [frame 1951] IoU=0.01
  Overlap detected: Fish 3 ↔ Fish 4 [frame 1951] IoU=0.00
  Frozen during overlap [frame 1952]: Fish [1, 2, 3, 4, 5]
  Overlap detected: Fish 1 ↔ Fish 2 [frame 1952] IoU=0.02
  Overlap detected: Fish 2 ↔ Fish 5 [frame 1952] IoU=0.01
  Overlap detected: Fish 3 ↔ Fish 4 [frame 1952] IoU=0.00
  Frozen during overlap [frame 1953]: Fish [1, 2, 3, 4, 5]
  Overlap detected: Fish 1 ↔ Fish 2 [frame 1953] IoU=0.02
  Overlap detected: Fish 2 ↔ Fish 5 [frame 1953] IoU=0.01
  Overlap detected: Fish 3 ↔ Fish 4 [frame 1953] IoU=0.00
  Frozen during overlap [frame 1954]: Fish [1, 2, 3, 4, 5]
  Overlap detected: Fish 1 ↔ Fish 2 [frame 1954] IoU=0.02
  Overlap detected: Fish 2 ↔ Fish 5 [frame 1954] IoU=0.01
  Overlap detected: Fish 3 ↔ Fish 4 [frame 1954] IoU=0.00
  Frozen during overlap [frame 1955]: Fish [1, 2, 3, 4, 5]
  Overlap detected: Fish 1 ↔ Fish 2 [frame 1955] IoU=0.02
  Overlap detected: Fish 2 ↔ Fish 5 [frame 1955] IoU=0.01
  Overlap detected: Fish 3 ↔ Fish 4 [frame 1955] IoU=0.00
  Frozen during overlap [frame 1956]: Fish [1, 2, 3, 4, 5]
  Overlap detected: Fish 1 ↔ Fish 2 [frame 1956] IoU=0.02
  Overlap detected: Fish 2 ↔ Fish 5 [frame 1956] IoU=0.01
  Overlap detected: Fish 3 ↔ Fish 4 [frame 1956] IoU=0.00
  Frozen during overlap [frame 1957]: Fish [1, 2, 3, 4, 5]
  Overlap detected: Fish 1 ↔ Fish 2 [frame 1957] IoU=0.02
  Overlap detected: Fish 2 ↔ Fish 5 [frame 1957] IoU=0.01
  Overlap detected: Fish 3 ↔ Fish 4 [frame 1957] IoU=0.00
  Frozen during overlap [frame 1958]: Fish [1, 2, 3, 4, 5]
  Overlap detected: Fish 1 ↔ Fish 2 [frame 1958] IoU=0.02
  Overlap detected: Fish 2 ↔ Fish 5 [frame 1958] IoU=0.01
  Overlap detected: Fish 3 ↔ Fish 4 [frame 1958] IoU=0.00
  Frozen during overlap [frame 1959]: Fish [1, 2, 3, 4, 5]
  Overlap detected: Fish 1 ↔ Fish 2 [frame 1959] IoU=0.02
  Overlap detected: Fish 2 ↔ Fish 5 [frame 1959] IoU=0.01
  Overlap detected: Fish 3 ↔ Fish 4 [frame 1959] IoU=0.00
  Frozen during overlap [frame 1960]: Fish [1, 2, 3, 4, 5]
  Overlap detected: Fish 1 ↔ Fish 2 [frame 1960] IoU=0.02
  Overlap detected: Fish 2 ↔ Fish 5 [frame 1960] IoU=0.01
  Overlap detected: Fish 3 ↔ Fish 4 [frame 1960] IoU=0.00
  Frozen during overlap [frame 1961]: Fish [1, 2, 3, 4, 5]
  Overlap detected: Fish 1 ↔ Fish 2 [frame 1961] IoU=0.02
  Overlap detected: Fish 2 ↔ Fish 5 [frame 1961] IoU=0.01
  Overlap detected: Fish 3 ↔ Fish 4 [frame 1961] IoU=0.00
  Frozen during overlap [frame 1962]: Fish [1, 2, 3, 4, 5]
  Overlap detected: Fish 1 ↔ Fish 2 [frame 1962] IoU=0.02
  Overlap detected: Fish 2 ↔ Fish 5 [frame 1962] IoU=0.01
  Overlap detected: Fish 3 ↔ Fish 4 [frame 1962] IoU=0.00
  Frozen during overlap [frame 1963]: Fish [1, 2, 3, 4, 5]
  Overlap detected: Fish 1 ↔ Fish 2 [frame 1963] IoU=0.02
  Overlap detected: Fish 2 ↔ Fish 5 [frame 1963] IoU=0.01
  Overlap detected: Fish 3 ↔ Fish 4 [frame 1963] IoU=0.00
  Frozen during overlap [frame 1964]: Fish [1, 2, 3, 4, 5]
  Overlap detected: Fish 1 ↔ Fish 2 [frame 1964] IoU=0.02
  Overlap detected: Fish 2 ↔ Fish 5 [frame 1964] IoU=0.01
  Overlap detected: Fish 3 ↔ Fish 4 [frame 1964] IoU=0.00
  Frozen during overlap [frame 1965]: Fish [1, 2, 3, 4, 5]
  Overlap detected: Fish 1 ↔ Fish 2 [frame 1965] IoU=0.02
  Overlap detected: Fish 2 ↔ Fish 5 [frame 1965] IoU=0.01
  Overlap detected: Fish 3 ↔ Fish 4 [frame 1965] IoU=0.00
  Frozen during overlap [frame 1966]: Fish [1, 2, 3, 4, 5]
  Overlap detected: Fish 1 ↔ Fish 2 [frame 1966] IoU=0.02
  Overlap detected: Fish 2 ↔ Fish 5 [frame 1966] IoU=0.01
  Overlap detected: Fish 3 ↔ Fish 4 [frame 1966] IoU=0.00
  Frozen during overlap [frame 1967]: Fish [1, 2, 3, 4, 5]
  Overlap detected: Fish 1 ↔ Fish 2 [frame 1967] IoU=0.02
  Overlap detected: Fish 2 ↔ Fish 5 [frame 1967] IoU=0.01
  Overlap detected: Fish 3 ↔ Fish 4 [frame 1967] IoU=0.00
  Frozen during overlap [frame 1968]: Fish [1, 2, 3, 4, 5]
  Overlap detected: Fish 1 ↔ Fish 2 [frame 1968] IoU=0.02
  Overlap detected: Fish 2 ↔ Fish 5 [frame 1968] IoU=0.01
  Overlap detected: Fish 3 ↔ Fish 4 [frame 1968] IoU=0.00
  Frozen during overlap [frame 1969]: Fish [1, 2, 3, 4, 5]
  Overlap detected: Fish 1 ↔ Fish 2 [frame 1969] IoU=0.02
  Overlap detected: Fish 2 ↔ Fish 5 [frame 1969] IoU=0.01
  Overlap detected: Fish 3 ↔ Fish 4 [frame 1969] IoU=0.00
  Frozen during overlap [frame 1970]: Fish [1, 2, 3, 4, 5]
  Overlap detected: Fish 1 ↔ Fish 2 [frame 1970] IoU=0.02
  Overlap detected: Fish 2 ↔ Fish 5 [frame 1970] IoU=0.01
  Overlap detected: Fish 3 ↔ Fish 4 [frame 1970] IoU=0.00
  Frozen during overlap [frame 1971]: Fish [1, 2, 3, 4, 5]
  Overlap detected: Fish 1 ↔ Fish 2 [frame 1971] IoU=0.02
  Overlap detected: Fish 2 ↔ Fish 5 [frame 1971] IoU=0.01
  Overlap detected: Fish 3 ↔ Fish 4 [frame 1971] IoU=0.00
  Frozen during overlap [frame 1972]: Fish [1, 2, 3, 4, 5]
  Overlap detected: Fish 1 ↔ Fish 2 [frame 1972] IoU=0.02
  Overlap detected: Fish 2 ↔ Fish 5 [frame 1972] IoU=0.01
  Overlap detected: Fish 3 ↔ Fish 4 [frame 1972] IoU=0.00
  Frozen during overlap [frame 1973]: Fish [1, 2, 3, 4, 5]
  Overlap detected: Fish 1 ↔ Fish 2 [frame 1973] IoU=0.02
  Overlap detected: Fish 2 ↔ Fish 5 [frame 1973] IoU=0.01
  Overlap detected: Fish 3 ↔ Fish 4 [frame 1973] IoU=0.00
  Frozen during overlap [frame 1974]: Fish [1, 2, 3, 4, 5]
  Overlap detected: Fish 1 ↔ Fish 2 [frame 1974] IoU=0.02
  Overlap detected: Fish 2 ↔ Fish 5 [frame 1974] IoU=0.01
  Overlap detected: Fish 3 ↔ Fish 4 [frame 1974] IoU=0.00
  Frozen during overlap [frame 1975]: Fish [1, 2, 3, 4, 5]
  Overlap detected: Fish 1 ↔ Fish 2 [frame 1975] IoU=0.02
  Overlap detected: Fish 2 ↔ Fish 5 [frame 1975] IoU=0.01
  Overlap detected: Fish 3 ↔ Fish 4 [frame 1975] IoU=0.00
  Frozen during overlap [frame 1976]: Fish [1, 2, 3, 4, 5]
  Overlap detected: Fish 1 ↔ Fish 2 [frame 1976] IoU=0.02
  Overlap detected: Fish 2 ↔ Fish 5 [frame 1976] IoU=0.01
  Overlap detected: Fish 3 ↔ Fish 4 [frame 1976] IoU=0.00
  Frozen during overlap [frame 1977]: Fish [1, 2, 3, 4, 5]
  Overlap detected: Fish 1 ↔ Fish 2 [frame 1977] IoU=0.02
  Overlap detected: Fish 2 ↔ Fish 5 [frame 1977] IoU=0.01
  Overlap detected: Fish 3 ↔ Fish 4 [frame 1977] IoU=0.00
  Frozen during overlap [frame 1978]: Fish [1, 2, 3, 4, 5]
  Overlap detected: Fish 1 ↔ Fish 2 [frame 1978] IoU=0.02
  Overlap detected: Fish 2 ↔ Fish 5 [frame 1978] IoU=0.01
  Overlap detected: Fish 3 ↔ Fish 4 [frame 1978] IoU=0.00
  Frozen during overlap [frame 1979]: Fish [1, 2, 3, 4, 5]
  Overlap detected: Fish 1 ↔ Fish 2 [frame 1979] IoU=0.02
  Overlap detected: Fish 2 ↔ Fish 5 [frame 1979] IoU=0.01
  Overlap detected: Fish 3 ↔ Fish 4 [frame 1979] IoU=0.00
  Frozen during overlap [frame 1980]: Fish [1, 2, 3, 4, 5]
  Overlap detected: Fish 1 ↔ Fish 2 [frame 1980] IoU=0.02
  Overlap detected: Fish 2 ↔ Fish 5 [frame 1980] IoU=0.01
  Overlap detected: Fish 3 ↔ Fish 4 [frame 1980] IoU=0.00
  Frame 1980/3600 | second 33
  Frozen during overlap [frame 1981]: Fish [1, 2, 3, 4, 5]
  Overlap detected: Fish 1 ↔ Fish 2 [frame 1981] IoU=0.02
  Overlap detected: Fish 2 ↔ Fish 5 [frame 1981] IoU=0.01
  Overlap detected: Fish 3 ↔ Fish 4 [frame 1981] IoU=0.00
  Frozen during overlap [frame 1982]: Fish [1, 2, 3, 4, 5]
  Overlap detected: Fish 1 ↔ Fish 2 [frame 1982] IoU=0.02
  Overlap detected: Fish 2 ↔ Fish 5 [frame 1982] IoU=0.01
  Overlap detected: Fish 3 ↔ Fish 4 [frame 1982] IoU=0.00
  Frozen during overlap [frame 1983]: Fish [1, 2, 3, 4, 5]
  Overlap detected: Fish 1 ↔ Fish 2 [frame 1983] IoU=0.02
  Overlap detected: Fish 2 ↔ Fish 5 [frame 1983] IoU=0.01
  Overlap detected: Fish 3 ↔ Fish 4 [frame 1983] IoU=0.00
  Frozen during overlap [frame 1984]: Fish [1, 2, 3, 4, 5]
  Overlap detected: Fish 1 ↔ Fish 2 [frame 1984] IoU=0.02
  Overlap detected: Fish 2 ↔ Fish 5 [frame 1984] IoU=0.01
  Overlap detected: Fish 3 ↔ Fish 4 [frame 1984] IoU=0.00
  Frozen during overlap [frame 1985]: Fish [1, 2, 3, 4, 5]
  Overlap detected: Fish 1 ↔ Fish 2 [frame 1985] IoU=0.02
  Overlap detected: Fish 2 ↔ Fish 5 [frame 1985] IoU=0.01
  Overlap detected: Fish 3 ↔ Fish 4 [frame 1985] IoU=0.00
  Frozen during overlap [frame 1986]: Fish [1, 2, 3, 4, 5]
  Overlap detected: Fish 1 ↔ Fish 2 [frame 1986] IoU=0.02
  Overlap detected: Fish 2 ↔ Fish 5 [frame 1986] IoU=0.01
  Overlap detected: Fish 3 ↔ Fish 4 [frame 1986] IoU=0.00
  Frozen during overlap [frame 1987]: Fish [1, 2, 3, 4, 5]
  Overlap detected: Fish 1 ↔ Fish 2 [frame 1987] IoU=0.02
  Overlap detected: Fish 2 ↔ Fish 5 [frame 1987] IoU=0.01
  Overlap detected: Fish 3 ↔ Fish 4 [frame 1987] IoU=0.00
  Frozen during overlap [frame 1988]: Fish [1, 2, 3, 4, 5]
  Overlap detected: Fish 1 ↔ Fish 2 [frame 1988] IoU=0.02
  Overlap detected: Fish 2 ↔ Fish 5 [frame 1988] IoU=0.01
  Overlap detected: Fish 3 ↔ Fish 4 [frame 1988] IoU=0.00
  Frozen during overlap [frame 1989]: Fish [1, 2, 3, 4, 5]
  Overlap detected: Fish 1 ↔ Fish 2 [frame 1989] IoU=0.02
  Overlap detected: Fish 2 ↔ Fish 5 [frame 1989] IoU=0.01
  Overlap detected: Fish 3 ↔ Fish 4 [frame 1989] IoU=0.00
  Frozen during overlap [frame 1990]: Fish [1, 2, 3, 4, 5]
  Overlap detected: Fish 1 ↔ Fish 2 [frame 1990] IoU=0.02
  Overlap detected: Fish 2 ↔ Fish 5 [frame 1990] IoU=0.01
  Overlap detected: Fish 3 ↔ Fish 4 [frame 1990] IoU=0.00
  Frozen during overlap [frame 1991]: Fish [1, 2, 3, 4, 5]
  Overlap detected: Fish 1 ↔ Fish 2 [frame 1991] IoU=0.02
  Overlap detected: Fish 2 ↔ Fish 5 [frame 1991] IoU=0.01
  Overlap detected: Fish 3 ↔ Fish 4 [frame 1991] IoU=0.00
  Frozen during overlap [frame 1992]: Fish [1, 2, 3, 4, 5]
  Overlap detected: Fish 1 ↔ Fish 2 [frame 1992] IoU=0.02
  Overlap detected: Fish 2 ↔ Fish 5 [frame 1992] IoU=0.01
  Overlap detected: Fish 3 ↔ Fish 4 [frame 1992] IoU=0.00
  Frozen during overlap [frame 1993]: Fish [1, 2, 3, 4, 5]
  Overlap detected: Fish 1 ↔ Fish 2 [frame 1993] IoU=0.02
  Overlap detected: Fish 2 ↔ Fish 5 [frame 1993] IoU=0.01
  Overlap detected: Fish 3 ↔ Fish 4 [frame 1993] IoU=0.00
  Frozen during overlap [frame 1994]: Fish [1, 2, 3, 4, 5]
  Overlap detected: Fish 1 ↔ Fish 2 [frame 1994] IoU=0.02
  Overlap detected: Fish 2 ↔ Fish 5 [frame 1994] IoU=0.01
  Overlap detected: Fish 3 ↔ Fish 4 [frame 1994] IoU=0.00
  Frozen during overlap [frame 1995]: Fish [1, 2, 3, 4, 5]
  Overlap detected: Fish 1 ↔ Fish 2 [frame 1995] IoU=0.02
  Overlap detected: Fish 2 ↔ Fish 5 [frame 1995] IoU=0.01
  Overlap detected: Fish 3 ↔ Fish 4 [frame 1995] IoU=0.00
  Frozen during overlap [frame 1996]: Fish [1, 2, 3, 4, 5]
  Overlap detected: Fish 1 ↔ Fish 2 [frame 1996] IoU=0.02
  Overlap detected: Fish 2 ↔ Fish 5 [frame 1996] IoU=0.01
  Overlap detected: Fish 3 ↔ Fish 4 [frame 1996] IoU=0.00
  Frozen during overlap [frame 1997]: Fish [1, 2, 3, 4, 5]
  Overlap detected: Fish 1 ↔ Fish 2 [frame 1997] IoU=0.02
  Overlap detected: Fish 2 ↔ Fish 5 [frame 1997] IoU=0.01
  Overlap detected: Fish 3 ↔ Fish 4 [frame 1997] IoU=0.00
  Frozen during overlap [frame 1998]: Fish [1, 2, 3, 4, 5]
  Overlap detected: Fish 1 ↔ Fish 2 [frame 1998] IoU=0.02
  Overlap detected: Fish 2 ↔ Fish 5 [frame 1998] IoU=0.01
  Overlap detected: Fish 3 ↔ Fish 4 [frame 1998] IoU=0.00
  Frozen during overlap [frame 1999]: Fish [1, 2, 3, 4, 5]
  Overlap detected: Fish 1 ↔ Fish 2 [frame 1999] IoU=0.02
  Overlap detected: Fish 2 ↔ Fish 5 [frame 1999] IoU=0.01
  Overlap detected: Fish 3 ↔ Fish 4 [frame 1999] IoU=0.00
  Frozen during overlap [frame 2000]: Fish [1, 2, 3, 4, 5]
  Overlap detected: Fish 1 ↔ Fish 2 [frame 2000] IoU=0.02
  Overlap detected: Fish 2 ↔ Fish 5 [frame 2000] IoU=0.01
  Overlap detected: Fish 3 ↔ Fish 4 [frame 2000] IoU=0.00
  Frozen during overlap [frame 2001]: Fish [1, 2, 3, 4, 5]
  Overlap detected: Fish 1 ↔ Fish 2 [frame 2001] IoU=0.02
  Overlap detected: Fish 2 ↔ Fish 5 [frame 2001] IoU=0.01
  Overlap detected: Fish 3 ↔ Fish 4 [frame 2001] IoU=0.00
  Frozen during overlap [frame 2002]: Fish [1, 2, 3, 4, 5]
  Overlap detected: Fish 1 ↔ Fish 2 [frame 2002] IoU=0.02
  Overlap detected: Fish 2 ↔ Fish 5 [frame 2002] IoU=0.01
  Overlap detected: Fish 3 ↔ Fish 4 [frame 2002] IoU=0.00
  Frozen during overlap [frame 2003]: Fish [1, 2, 3, 4, 5]
  Overlap detected: Fish 1 ↔ Fish 2 [frame 2003] IoU=0.02
  Overlap detected: Fish 2 ↔ Fish 5 [frame 2003] IoU=0.01
  Overlap detected: Fish 3 ↔ Fish 4 [frame 2003] IoU=0.00
  Frozen during overlap [frame 2004]: Fish [1, 2, 3, 4, 5]
  Overlap detected: Fish 1 ↔ Fish 2 [frame 2004] IoU=0.02
  Overlap detected: Fish 2 ↔ Fish 5 [frame 2004] IoU=0.01
  Overlap detected: Fish 3 ↔ Fish 4 [frame 2004] IoU=0.00
  Frozen during overlap [frame 2005]: Fish [1, 2, 3, 4, 5]
  Overlap detected: Fish 1 ↔ Fish 2 [frame 2005] IoU=0.02
  Overlap detected: Fish 2 ↔ Fish 5 [frame 2005] IoU=0.01
  Overlap detected: Fish 3 ↔ Fish 4 [frame 2005] IoU=0.00
  Frozen during overlap [frame 2006]: Fish [1, 2, 3, 4, 5]
  Overlap detected: Fish 1 ↔ Fish 2 [frame 2006] IoU=0.02
  Overlap detected: Fish 2 ↔ Fish 5 [frame 2006] IoU=0.01
  Overlap detected: Fish 3 ↔ Fish 4 [frame 2006] IoU=0.00
  Frozen during overlap [frame 2007]: Fish [1, 2, 3, 4, 5]
  Overlap detected: Fish 1 ↔ Fish 2 [frame 2007] IoU=0.02
  Overlap detected: Fish 2 ↔ Fish 5 [frame 2007] IoU=0.01
  Overlap detected: Fish 3 ↔ Fish 4 [frame 2007] IoU=0.00
  Frozen during overlap [frame 2008]: Fish [1, 2, 3, 4, 5]
  Overlap detected: Fish 1 ↔ Fish 2 [frame 2008] IoU=0.02
  Overlap detected: Fish 2 ↔ Fish 5 [frame 2008] IoU=0.01
  Overlap detected: Fish 3 ↔ Fish 4 [frame 2008] IoU=0.00
  Frozen during overlap [frame 2009]: Fish [1, 2, 3, 4, 5]
  Overlap detected: Fish 1 ↔ Fish 2 [frame 2009] IoU=0.02
  Overlap detected: Fish 2 ↔ Fish 5 [frame 2009] IoU=0.01
  Overlap detected: Fish 3 ↔ Fish 4 [frame 2009] IoU=0.00
  Frozen during overlap [frame 2010]: Fish [1, 2, 3, 4, 5]
  Overlap detected: Fish 1 ↔ Fish 2 [frame 2010] IoU=0.02
  Overlap detected: Fish 2 ↔ Fish 5 [frame 2010] IoU=0.01
  Overlap detected: Fish 3 ↔ Fish 4 [frame 2010] IoU=0.00
  Frame 2010/3600 | second 33
  Frozen during overlap [frame 2011]: Fish [1, 2, 3, 4, 5]
  Overlap detected: Fish 1 ↔ Fish 2 [frame 2011] IoU=0.02
  Overlap detected: Fish 2 ↔ Fish 5 [frame 2011] IoU=0.01
  Overlap detected: Fish 3 ↔ Fish 4 [frame 2011] IoU=0.00
  Frozen during overlap [frame 2012]: Fish [1, 2, 3, 4, 5]
  Overlap detected: Fish 1 ↔ Fish 2 [frame 2012] IoU=0.02
  Overlap detected: Fish 2 ↔ Fish 5 [frame 2012] IoU=0.01
  Overlap detected: Fish 3 ↔ Fish 4 [frame 2012] IoU=0.00
  Frozen during overlap [frame 2013]: Fish [1, 2, 3, 4, 5]
  Overlap detected: Fish 1 ↔ Fish 2 [frame 2013] IoU=0.02
  Overlap detected: Fish 2 ↔ Fish 5 [frame 2013] IoU=0.01
  Overlap detected: Fish 3 ↔ Fish 4 [frame 2013] IoU=0.00
  Frozen during overlap [frame 2014]: Fish [1, 2, 3, 4, 5]
  Overlap detected: Fish 1 ↔ Fish 2 [frame 2014] IoU=0.02
  Overlap detected: Fish 2 ↔ Fish 5 [frame 2014] IoU=0.01
  Overlap detected: Fish 3 ↔ Fish 4 [frame 2014] IoU=0.00
  Frozen during overlap [frame 2015]: Fish [1, 2, 3, 4, 5]
  Overlap detected: Fish 1 ↔ Fish 2 [frame 2015] IoU=0.02
  Overlap detected: Fish 2 ↔ Fish 5 [frame 2015] IoU=0.01
  Overlap detected: Fish 3 ↔ Fish 4 [frame 2015] IoU=0.00
  Frozen during overlap [frame 2016]: Fish [1, 2, 3, 4, 5]
  Overlap detected: Fish 1 ↔ Fish 2 [frame 2016] IoU=0.02
  Overlap detected: Fish 2 ↔ Fish 5 [frame 2016] IoU=0.01
  Overlap detected: Fish 3 ↔ Fish 4 [frame 2016] IoU=0.00
  Frozen during overlap [frame 2017]: Fish [1, 2, 3, 4, 5]
  Overlap detected: Fish 1 ↔ Fish 2 [frame 2017] IoU=0.02
  Overlap detected: Fish 2 ↔ Fish 5 [frame 2017] IoU=0.01
  Overlap detected: Fish 3 ↔ Fish 4 [frame 2017] IoU=0.00
  Frozen during overlap [frame 2018]: Fish [1, 2, 3, 4, 5]
  Overlap detected: Fish 1 ↔ Fish 2 [frame 2018] IoU=0.02
  Overlap detected: Fish 2 ↔ Fish 5 [frame 2018] IoU=0.01
  Overlap detected: Fish 3 ↔ Fish 4 [frame 2018] IoU=0.00
  Frozen during overlap [frame 2019]: Fish [1, 2, 3, 4, 5]
  Overlap detected: Fish 1 ↔ Fish 2 [frame 2019] IoU=0.02
  Overlap detected: Fish 2 ↔ Fish 5 [frame 2019] IoU=0.01
  Overlap detected: Fish 3 ↔ Fish 4 [frame 2019] IoU=0.00
  Frozen during overlap [frame 2020]: Fish [1, 2, 3, 4, 5]
  Overlap detected: Fish 1 ↔ Fish 2 [frame 2020] IoU=0.02
  Overlap detected: Fish 2 ↔ Fish 5 [frame 2020] IoU=0.01
  Overlap detected: Fish 3 ↔ Fish 4 [frame 2020] IoU=0.00
  Frozen during overlap [frame 2021]: Fish [1, 2, 3, 4, 5]
  Overlap detected: Fish 1 ↔ Fish 2 [frame 2021] IoU=0.02
  Overlap detected: Fish 2 ↔ Fish 5 [frame 2021] IoU=0.01
  Overlap detected: Fish 3 ↔ Fish 4 [frame 2021] IoU=0.00
  Frozen during overlap [frame 2022]: Fish [1, 2, 3, 4, 5]
  Overlap detected: Fish 1 ↔ Fish 2 [frame 2022] IoU=0.02
  Overlap detected: Fish 2 ↔ Fish 5 [frame 2022] IoU=0.01
  Overlap detected: Fish 3 ↔ Fish 4 [frame 2022] IoU=0.00
  Frozen during overlap [frame 2023]: Fish [1, 2, 3, 4, 5]
  Overlap detected: Fish 1 ↔ Fish 2 [frame 2023] IoU=0.02
  Overlap detected: Fish 2 ↔ Fish 5 [frame 2023] IoU=0.01
  Overlap detected: Fish 3 ↔ Fish 4 [frame 2023] IoU=0.00
  Frozen during overlap [frame 2024]: Fish [1, 2, 3, 4, 5]
  Overlap detected: Fish 1 ↔ Fish 2 [frame 2024] IoU=0.02
  Overlap detected: Fish 2 ↔ Fish 5 [frame 2024] IoU=0.01
  Overlap detected: Fish 3 ↔ Fish 4 [frame 2024] IoU=0.00
  Frozen during overlap [frame 2025]: Fish [1, 2, 3, 4, 5]
  Overlap detected: Fish 1 ↔ Fish 2 [frame 2025] IoU=0.02
  Overlap detected: Fish 2 ↔ Fish 5 [frame 2025] IoU=0.01
  Overlap detected: Fish 3 ↔ Fish 4 [frame 2025] IoU=0.00
  Frozen during overlap [frame 2026]: Fish [1, 2, 3, 4, 5]
  Overlap detected: Fish 1 ↔ Fish 2 [frame 2026] IoU=0.02
  Overlap detected: Fish 2 ↔ Fish 5 [frame 2026] IoU=0.01
  Overlap detected: Fish 3 ↔ Fish 4 [frame 2026] IoU=0.00
  Frozen during overlap [frame 2027]: Fish [1, 2, 3, 4, 5]
  Overlap detected: Fish 1 ↔ Fish 2 [frame 2027] IoU=0.02
  Overlap detected: Fish 2 ↔ Fish 5 [frame 2027] IoU=0.01
  Overlap detected: Fish 3 ↔ Fish 4 [frame 2027] IoU=0.00
  Frozen during overlap [frame 2028]: Fish [1, 2, 3, 4, 5]
  Overlap detected: Fish 1 ↔ Fish 2 [frame 2028] IoU=0.02
  Overlap detected: Fish 2 ↔ Fish 5 [frame 2028] IoU=0.01
  Overlap detected: Fish 3 ↔ Fish 4 [frame 2028] IoU=0.00
  Frozen during overlap [frame 2029]: Fish [1, 2, 3, 4, 5]
  Overlap detected: Fish 1 ↔ Fish 2 [frame 2029] IoU=0.02
  Overlap detected: Fish 2 ↔ Fish 5 [frame 2029] IoU=0.01
  Overlap detected: Fish 3 ↔ Fish 4 [frame 2029] IoU=0.00
  Frozen during overlap [frame 2030]: Fish [1, 2, 3, 4, 5]
  Overlap detected: Fish 1 ↔ Fish 2 [frame 2030] IoU=0.02
  Overlap detected: Fish 2 ↔ Fish 5 [frame 2030] IoU=0.01
  Overlap detected: Fish 3 ↔ Fish 4 [frame 2030] IoU=0.00
  Frozen during overlap [frame 2031]: Fish [1, 2, 3, 4, 5]
  Overlap detected: Fish 1 ↔ Fish 2 [frame 2031] IoU=0.02
  Overlap detected: Fish 2 ↔ Fish 5 [frame 2031] IoU=0.01
  Overlap detected: Fish 3 ↔ Fish 4 [frame 2031] IoU=0.00
  Frozen during overlap [frame 2032]: Fish [1, 2, 3, 4, 5]
  Overlap detected: Fish 1 ↔ Fish 2 [frame 2032] IoU=0.02
  Overlap detected: Fish 2 ↔ Fish 5 [frame 2032] IoU=0.01
  Overlap detected: Fish 3 ↔ Fish 4 [frame 2032] IoU=0.00
  Frozen during overlap [frame 2033]: Fish [1, 2, 3, 4, 5]
  Overlap detected: Fish 1 ↔ Fish 2 [frame 2033] IoU=0.02
  Overlap detected: Fish 2 ↔ Fish 5 [frame 2033] IoU=0.01
  Overlap detected: Fish 3 ↔ Fish 4 [frame 2033] IoU=0.00
  Frozen during overlap [frame 2034]: Fish [1, 2, 3, 4, 5]
  Overlap detected: Fish 1 ↔ Fish 2 [frame 2034] IoU=0.02
  Overlap detected: Fish 2 ↔ Fish 5 [frame 2034] IoU=0.01
  Overlap detected: Fish 3 ↔ Fish 4 [frame 2034] IoU=0.00
  Frozen during overlap [frame 2035]: Fish [1, 2, 3, 4, 5]
  Overlap detected: Fish 1 ↔ Fish 2 [frame 2035] IoU=0.02
  Overlap detected: Fish 2 ↔ Fish 5 [frame 2035] IoU=0.01
  Overlap detected: Fish 3 ↔ Fish 4 [frame 2035] IoU=0.00
  Frozen during overlap [frame 2036]: Fish [1, 2, 3, 4, 5]
  Overlap detected: Fish 1 ↔ Fish 2 [frame 2036] IoU=0.02
  Overlap detected: Fish 2 ↔ Fish 5 [frame 2036] IoU=0.01
  Overlap detected: Fish 3 ↔ Fish 4 [frame 2036] IoU=0.00
  Frozen during overlap [frame 2037]: Fish [1, 2, 3, 4, 5]
  Overlap detected: Fish 1 ↔ Fish 2 [frame 2037] IoU=0.02
  Overlap detected: Fish 2 ↔ Fish 5 [frame 2037] IoU=0.01
  Overlap detected: Fish 3 ↔ Fish 4 [frame 2037] IoU=0.00
  Frozen during overlap [frame 2038]: Fish [1, 2, 3, 4, 5]
  Overlap detected: Fish 1 ↔ Fish 2 [frame 2038] IoU=0.02
  Overlap detected: Fish 2 ↔ Fish 5 [frame 2038] IoU=0.01
  Overlap detected: Fish 3 ↔ Fish 4 [frame 2038] IoU=0.00
  Frozen during overlap [frame 2039]: Fish [1, 2, 3, 4, 5]
  Overlap detected: Fish 1 ↔ Fish 2 [frame 2039] IoU=0.02
  Overlap detected: Fish 2 ↔ Fish 5 [frame 2039] IoU=0.01
  Overlap detected: Fish 3 ↔ Fish 4 [frame 2039] IoU=0.00
  Frozen during overlap [frame 2040]: Fish [1, 2, 3, 4, 5]
  Overlap detected: Fish 1 ↔ Fish 2 [frame 2040] IoU=0.02
  Overlap detected: Fish 2 ↔ Fish 5 [frame 2040] IoU=0.01
  Overlap detected: Fish 3 ↔ Fish 4 [frame 2040] IoU=0.00
  Frame 2040/3600 | second 34
  Frozen during overlap [frame 2041]: Fish [1, 2, 3, 4, 5]
  Overlap detected: Fish 1 ↔ Fish 2 [frame 2041] IoU=0.02
  Overlap detected: Fish 2 ↔ Fish 5 [frame 2041] IoU=0.01
  Overlap detected: Fish 3 ↔ Fish 4 [frame 2041] IoU=0.00
  Frozen during overlap [frame 2042]: Fish [1, 2, 3, 4, 5]
  Overlap detected: Fish 1 ↔ Fish 2 [frame 2042] IoU=0.02
  Overlap detected: Fish 2 ↔ Fish 5 [frame 2042] IoU=0.01
  Overlap detected: Fish 3 ↔ Fish 4 [frame 2042] IoU=0.00
  Frozen during overlap [frame 2043]: Fish [1, 2, 3, 4, 5]
  Overlap detected: Fish 1 ↔ Fish 2 [frame 2043] IoU=0.02
  Overlap detected: Fish 2 ↔ Fish 5 [frame 2043] IoU=0.01
  Overlap detected: Fish 3 ↔ Fish 4 [frame 2043] IoU=0.00
  Frozen during overlap [frame 2044]: Fish [1, 2, 3, 4, 5]
  Overlap detected: Fish 1 ↔ Fish 2 [frame 2044] IoU=0.02
  Overlap detected: Fish 2 ↔ Fish 5 [frame 2044] IoU=0.01
  Overlap detected: Fish 3 ↔ Fish 4 [frame 2044] IoU=0.00
  Frozen during overlap [frame 2045]: Fish [1, 2, 3, 4, 5]
  Overlap detected: Fish 1 ↔ Fish 2 [frame 2045] IoU=0.02
  Overlap detected: Fish 2 ↔ Fish 5 [frame 2045] IoU=0.01
  Overlap detected: Fish 3 ↔ Fish 4 [frame 2045] IoU=0.00
  Frozen during overlap [frame 2046]: Fish [1, 2, 3, 4, 5]
  Overlap detected: Fish 1 ↔ Fish 2 [frame 2046] IoU=0.02
  Overlap detected: Fish 2 ↔ Fish 5 [frame 2046] IoU=0.01
  Overlap detected: Fish 3 ↔ Fish 4 [frame 2046] IoU=0.00
  Frozen during overlap [frame 2047]: Fish [1, 2, 3, 4, 5]
  Overlap detected: Fish 1 ↔ Fish 2 [frame 2047] IoU=0.02
  Overlap detected: Fish 2 ↔ Fish 5 [frame 2047] IoU=0.01
  Overlap detected: Fish 3 ↔ Fish 4 [frame 2047] IoU=0.00
  Frozen during overlap [frame 2048]: Fish [1, 2, 3, 4, 5]
  Overlap detected: Fish 1 ↔ Fish 2 [frame 2048] IoU=0.02
  Overlap detected: Fish 2 ↔ Fish 5 [frame 2048] IoU=0.01
  Overlap detected: Fish 3 ↔ Fish 4 [frame 2048] IoU=0.00
  Frozen during overlap [frame 2049]: Fish [1, 2, 3, 4, 5]
  Overlap detected: Fish 1 ↔ Fish 2 [frame 2049] IoU=0.02
  Overlap detected: Fish 2 ↔ Fish 5 [frame 2049] IoU=0.01
  Overlap detected: Fish 3 ↔ Fish 4 [frame 2049] IoU=0.00
  Frozen during overlap [frame 2050]: Fish [1, 2, 3, 4, 5]
  Overlap detected: Fish 1 ↔ Fish 2 [frame 2050] IoU=0.02
  Overlap detected: Fish 2 ↔ Fish 5 [frame 2050] IoU=0.01
  Overlap detected: Fish 3 ↔ Fish 4 [frame 2050] IoU=0.00
  Frozen during overlap [frame 2051]: Fish [1, 2, 3, 4, 5]
  Overlap detected: Fish 1 ↔ Fish 2 [frame 2051] IoU=0.02
  Overlap detected: Fish 2 ↔ Fish 5 [frame 2051] IoU=0.01
  Overlap detected: Fish 3 ↔ Fish 4 [frame 2051] IoU=0.00
  Frozen during overlap [frame 2052]: Fish [1, 2, 3, 4, 5]
  Overlap detected: Fish 1 ↔ Fish 2 [frame 2052] IoU=0.02
  Overlap detected: Fish 2 ↔ Fish 5 [frame 2052] IoU=0.01
  Overlap detected: Fish 3 ↔ Fish 4 [frame 2052] IoU=0.00
  Frozen during overlap [frame 2053]: Fish [1, 2, 3, 4, 5]
  Overlap detected: Fish 1 ↔ Fish 2 [frame 2053] IoU=0.02
  Overlap detected: Fish 2 ↔ Fish 5 [frame 2053] IoU=0.01
  Overlap detected: Fish 3 ↔ Fish 4 [frame 2053] IoU=0.00
  Frozen during overlap [frame 2054]: Fish [1, 2, 3, 4, 5]
  Overlap detected: Fish 1 ↔ Fish 2 [frame 2054] IoU=0.02
  Overlap detected: Fish 2 ↔ Fish 5 [frame 2054] IoU=0.01
  Overlap detected: Fish 3 ↔ Fish 4 [frame 2054] IoU=0.00
  Frozen during overlap [frame 2055]: Fish [1, 2, 3, 4, 5]
  Overlap detected: Fish 1 ↔ Fish 2 [frame 2055] IoU=0.02
  Overlap detected: Fish 2 ↔ Fish 5 [frame 2055] IoU=0.01
  Overlap detected: Fish 3 ↔ Fish 4 [frame 2055] IoU=0.00
  Frozen during overlap [frame 2056]: Fish [1, 2, 3, 4, 5]
  Overlap detected: Fish 1 ↔ Fish 2 [frame 2056] IoU=0.02
  Overlap detected: Fish 2 ↔ Fish 5 [frame 2056] IoU=0.01
  Overlap detected: Fish 3 ↔ Fish 4 [frame 2056] IoU=0.00
  Frozen during overlap [frame 2057]: Fish [1, 2, 3, 4, 5]
  Overlap detected: Fish 1 ↔ Fish 2 [frame 2057] IoU=0.02
  Overlap detected: Fish 2 ↔ Fish 5 [frame 2057] IoU=0.01
  Overlap detected: Fish 3 ↔ Fish 4 [frame 2057] IoU=0.00
  Frozen during overlap [frame 2058]: Fish [1, 2, 3, 4, 5]
  Overlap detected: Fish 1 ↔ Fish 2 [frame 2058] IoU=0.02
  Overlap detected: Fish 2 ↔ Fish 5 [frame 2058] IoU=0.01
  Overlap detected: Fish 3 ↔ Fish 4 [frame 2058] IoU=0.00
  Frozen during overlap [frame 2059]: Fish [1, 2, 3, 4, 5]
  Overlap detected: Fish 1 ↔ Fish 2 [frame 2059] IoU=0.02
  Overlap detected: Fish 2 ↔ Fish 5 [frame 2059] IoU=0.01
  Overlap detected: Fish 3 ↔ Fish 4 [frame 2059] IoU=0.00
  Frozen during overlap [frame 2060]: Fish [1, 2, 3, 4, 5]
  Overlap detected: Fish 1 ↔ Fish 2 [frame 2060] IoU=0.02
  Overlap detected: Fish 2 ↔ Fish 5 [frame 2060] IoU=0.01
  Overlap detected: Fish 3 ↔ Fish 4 [frame 2060] IoU=0.00
  Frozen during overlap [frame 2061]: Fish [1, 2, 3, 4, 5]
  Overlap detected: Fish 1 ↔ Fish 2 [frame 2061] IoU=0.02
  Overlap detected: Fish 2 ↔ Fish 5 [frame 2061] IoU=0.01
  Overlap detected: Fish 3 ↔ Fish 4 [frame 2061] IoU=0.00
  Frozen during overlap [frame 2062]: Fish [1, 2, 3, 4, 5]
  Overlap detected: Fish 1 ↔ Fish 2 [frame 2062] IoU=0.02
  Overlap detected: Fish 2 ↔ Fish 5 [frame 2062] IoU=0.01
  Overlap detected: Fish 3 ↔ Fish 4 [frame 2062] IoU=0.00
  Frozen during overlap [frame 2063]: Fish [1, 2, 3, 4, 5]
  Overlap detected: Fish 1 ↔ Fish 2 [frame 2063] IoU=0.02
  Overlap detected: Fish 2 ↔ Fish 5 [frame 2063] IoU=0.01
  Overlap detected: Fish 3 ↔ Fish 4 [frame 2063] IoU=0.00
  Frozen during overlap [frame 2064]: Fish [1, 2, 3, 4, 5]
  Overlap detected: Fish 1 ↔ Fish 2 [frame 2064] IoU=0.02
  Overlap detected: Fish 2 ↔ Fish 5 [frame 2064] IoU=0.01
  Overlap detected: Fish 3 ↔ Fish 4 [frame 2064] IoU=0.00
  Frozen during overlap [frame 2065]: Fish [1, 2, 3, 4, 5]
  Overlap detected: Fish 1 ↔ Fish 2 [frame 2065] IoU=0.02
  Overlap detected: Fish 2 ↔ Fish 5 [frame 2065] IoU=0.01
  Overlap detected: Fish 3 ↔ Fish 4 [frame 2065] IoU=0.00
  Frozen during overlap [frame 2066]: Fish [1, 2, 3, 4, 5]
  Overlap detected: Fish 1 ↔ Fish 2 [frame 2066] IoU=0.02
  Overlap detected: Fish 2 ↔ Fish 5 [frame 2066] IoU=0.01
  Overlap detected: Fish 3 ↔ Fish 4 [frame 2066] IoU=0.00
  Frozen during overlap [frame 2067]: Fish [1, 2, 3, 4, 5]
  Overlap detected: Fish 1 ↔ Fish 2 [frame 2067] IoU=0.02
  Overlap detected: Fish 2 ↔ Fish 5 [frame 2067] IoU=0.01
  Overlap detected: Fish 3 ↔ Fish 4 [frame 2067] IoU=0.00
  Frozen during overlap [frame 2068]: Fish [1, 2, 3, 4, 5]
  Overlap detected: Fish 1 ↔ Fish 2 [frame 2068] IoU=0.02
  Overlap detected: Fish 2 ↔ Fish 5 [frame 2068] IoU=0.01
  Overlap detected: Fish 3 ↔ Fish 4 [frame 2068] IoU=0.00
  Frozen during overlap [frame 2069]: Fish [1, 2, 3, 4, 5]
  Overlap detected: Fish 1 ↔ Fish 2 [frame 2069] IoU=0.02
  Overlap detected: Fish 2 ↔ Fish 5 [frame 2069] IoU=0.01
  Overlap detected: Fish 3 ↔ Fish 4 [frame 2069] IoU=0.00
  Frozen during overlap [frame 2070]: Fish [1, 2, 3, 4, 5]
  Overlap detected: Fish 1 ↔ Fish 2 [frame 2070] IoU=0.02
  Overlap detected: Fish 2 ↔ Fish 5 [frame 2070] IoU=0.01
  Overlap detected: Fish 3 ↔ Fish 4 [frame 2070] IoU=0.00
  Frame 2070/3600 | second 34
  Frozen during overlap [frame 2071]: Fish [1, 2, 3, 4, 5]
  Overlap detected: Fish 1 ↔ Fish 2 [frame 2071] IoU=0.02
  Overlap detected: Fish 2 ↔ Fish 5 [frame 2071] IoU=0.01
  Overlap detected: Fish 3 ↔ Fish 4 [frame 2071] IoU=0.00
  Frozen during overlap [frame 2072]: Fish [1, 2, 3, 4, 5]
  Overlap detected: Fish 1 ↔ Fish 2 [frame 2072] IoU=0.02
  Overlap detected: Fish 2 ↔ Fish 5 [frame 2072] IoU=0.01
  Overlap detected: Fish 3 ↔ Fish 4 [frame 2072] IoU=0.00
  Frozen during overlap [frame 2073]: Fish [1, 2, 3, 4, 5]
  Overlap detected: Fish 1 ↔ Fish 2 [frame 2073] IoU=0.02
  Overlap detected: Fish 2 ↔ Fish 5 [frame 2073] IoU=0.01
  Overlap detected: Fish 3 ↔ Fish 4 [frame 2073] IoU=0.00
  Frozen during overlap [frame 2074]: Fish [1, 2, 3, 4, 5]
  Overlap detected: Fish 1 ↔ Fish 2 [frame 2074] IoU=0.02
  Overlap detected: Fish 2 ↔ Fish 5 [frame 2074] IoU=0.01
  Overlap detected: Fish 3 ↔ Fish 4 [frame 2074] IoU=0.00
  Frozen during overlap [frame 2075]: Fish [1, 2, 3, 4, 5]
  Overlap detected: Fish 1 ↔ Fish 2 [frame 2075] IoU=0.02
  Overlap detected: Fish 2 ↔ Fish 5 [frame 2075] IoU=0.01
  Overlap detected: Fish 3 ↔ Fish 4 [frame 2075] IoU=0.00
  Frozen during overlap [frame 2076]: Fish [1, 2, 3, 4, 5]
  Overlap detected: Fish 1 ↔ Fish 2 [frame 2076] IoU=0.02
  Overlap detected: Fish 2 ↔ Fish 5 [frame 2076] IoU=0.01
  Overlap detected: Fish 3 ↔ Fish 4 [frame 2076] IoU=0.00
  Frozen during overlap [frame 2077]: Fish [1, 2, 3, 4, 5]
  Overlap detected: Fish 1 ↔ Fish 2 [frame 2077] IoU=0.02
  Overlap detected: Fish 2 ↔ Fish 5 [frame 2077] IoU=0.01
  Overlap detected: Fish 3 ↔ Fish 4 [frame 2077] IoU=0.00
  Frozen during overlap [frame 2078]: Fish [1, 2, 3, 4, 5]
  Overlap detected: Fish 1 ↔ Fish 2 [frame 2078] IoU=0.02
  Overlap detected: Fish 2 ↔ Fish 5 [frame 2078] IoU=0.01
  Overlap detected: Fish 3 ↔ Fish 4 [frame 2078] IoU=0.00
  Frozen during overlap [frame 2079]: Fish [1, 2, 3, 4, 5]
  Overlap detected: Fish 1 ↔ Fish 2 [frame 2079] IoU=0.02
  Overlap detected: Fish 2 ↔ Fish 5 [frame 2079] IoU=0.01
  Overlap detected: Fish 3 ↔ Fish 4 [frame 2079] IoU=0.00
  Frozen during overlap [frame 2080]: Fish [1, 2, 3, 4, 5]
  Overlap detected: Fish 1 ↔ Fish 2 [frame 2080] IoU=0.02
  Overlap detected: Fish 2 ↔ Fish 5 [frame 2080] IoU=0.01
  Overlap detected: Fish 3 ↔ Fish 4 [frame 2080] IoU=0.00
  Frozen during overlap [frame 2081]: Fish [1, 2, 3, 4, 5]
  Overlap detected: Fish 1 ↔ Fish 2 [frame 2081] IoU=0.02
  Overlap detected: Fish 2 ↔ Fish 5 [frame 2081] IoU=0.01
  Overlap detected: Fish 3 ↔ Fish 4 [frame 2081] IoU=0.00
  Frozen during overlap [frame 2082]: Fish [1, 2, 3, 4, 5]
  Overlap detected: Fish 1 ↔ Fish 2 [frame 2082] IoU=0.02
  Overlap detected: Fish 2 ↔ Fish 5 [frame 2082] IoU=0.01
  Overlap detected: Fish 3 ↔ Fish 4 [frame 2082] IoU=0.00
  Frozen during overlap [frame 2083]: Fish [1, 2, 3, 4, 5]
  Overlap detected: Fish 1 ↔ Fish 2 [frame 2083] IoU=0.02
  Overlap detected: Fish 2 ↔ Fish 5 [frame 2083] IoU=0.01
  Overlap detected: Fish 3 ↔ Fish 4 [frame 2083] IoU=0.00
  Frozen during overlap [frame 2084]: Fish [1, 2, 3, 4, 5]
  Overlap detected: Fish 1 ↔ Fish 2 [frame 2084] IoU=0.02
  Overlap detected: Fish 2 ↔ Fish 5 [frame 2084] IoU=0.01
  Overlap detected: Fish 3 ↔ Fish 4 [frame 2084] IoU=0.00
  Frozen during overlap [frame 2085]: Fish [1, 2, 3, 4, 5]
  Overlap detected: Fish 1 ↔ Fish 2 [frame 2085] IoU=0.02
  Overlap detected: Fish 2 ↔ Fish 5 [frame 2085] IoU=0.01
  Overlap detected: Fish 3 ↔ Fish 4 [frame 2085] IoU=0.00
  Frozen during overlap [frame 2086]: Fish [1, 2, 3, 4, 5]
  Overlap detected: Fish 1 ↔ Fish 2 [frame 2086] IoU=0.02
  Overlap detected: Fish 2 ↔ Fish 5 [frame 2086] IoU=0.01
  Overlap detected: Fish 3 ↔ Fish 4 [frame 2086] IoU=0.00
  Frozen during overlap [frame 2087]: Fish [1, 2, 3, 4, 5]
  Overlap detected: Fish 1 ↔ Fish 2 [frame 2087] IoU=0.02
  Overlap detected: Fish 2 ↔ Fish 5 [frame 2087] IoU=0.01
  Overlap detected: Fish 3 ↔ Fish 4 [frame 2087] IoU=0.00
  Frozen during overlap [frame 2088]: Fish [1, 2, 3, 4, 5]
  Overlap detected: Fish 1 ↔ Fish 2 [frame 2088] IoU=0.02
  Overlap detected: Fish 2 ↔ Fish 5 [frame 2088] IoU=0.01
  Overlap detected: Fish 3 ↔ Fish 4 [frame 2088] IoU=0.00
  Frozen during overlap [frame 2089]: Fish [1, 2, 3, 4, 5]
  Overlap detected: Fish 1 ↔ Fish 2 [frame 2089] IoU=0.02
  Overlap detected: Fish 2 ↔ Fish 5 [frame 2089] IoU=0.01
  Overlap detected: Fish 3 ↔ Fish 4 [frame 2089] IoU=0.00
  Frozen during overlap [frame 2090]: Fish [1, 2, 3, 4, 5]
  Overlap detected: Fish 1 ↔ Fish 2 [frame 2090] IoU=0.02
  Overlap detected: Fish 2 ↔ Fish 5 [frame 2090] IoU=0.01
  Overlap detected: Fish 3 ↔ Fish 4 [frame 2090] IoU=0.00
  Frozen during overlap [frame 2091]: Fish [1, 2, 3, 4, 5]
  Overlap detected: Fish 1 ↔ Fish 2 [frame 2091] IoU=0.02
  Overlap detected: Fish 2 ↔ Fish 5 [frame 2091] IoU=0.01
  Overlap detected: Fish 3 ↔ Fish 4 [frame 2091] IoU=0.00
  Frozen during overlap [frame 2092]: Fish [1, 2, 3, 4, 5]
  Overlap detected: Fish 1 ↔ Fish 2 [frame 2092] IoU=0.02
  Overlap detected: Fish 2 ↔ Fish 5 [frame 2092] IoU=0.01
  Overlap detected: Fish 3 ↔ Fish 4 [frame 2092] IoU=0.00
  Frozen during overlap [frame 2093]: Fish [1, 2, 3, 4, 5]
  Overlap detected: Fish 1 ↔ Fish 2 [frame 2093] IoU=0.02
  Overlap detected: Fish 2 ↔ Fish 5 [frame 2093] IoU=0.01
  Overlap detected: Fish 3 ↔ Fish 4 [frame 2093] IoU=0.00
  Frozen during overlap [frame 2094]: Fish [1, 2, 3, 4, 5]
  Overlap detected: Fish 1 ↔ Fish 2 [frame 2094] IoU=0.02
  Overlap detected: Fish 2 ↔ Fish 5 [frame 2094] IoU=0.01
  Overlap detected: Fish 3 ↔ Fish 4 [frame 2094] IoU=0.00
  Frozen during overlap [frame 2095]: Fish [1, 2, 3, 4, 5]
  Overlap detected: Fish 1 ↔ Fish 2 [frame 2095] IoU=0.02
  Overlap detected: Fish 2 ↔ Fish 5 [frame 2095] IoU=0.01
  Overlap detected: Fish 3 ↔ Fish 4 [frame 2095] IoU=0.00
  Frozen during overlap [frame 2096]: Fish [1, 2, 3, 4, 5]
  Overlap detected: Fish 1 ↔ Fish 2 [frame 2096] IoU=0.02
  Overlap detected: Fish 2 ↔ Fish 5 [frame 2096] IoU=0.01
  Overlap detected: Fish 3 ↔ Fish 4 [frame 2096] IoU=0.00
  Frozen during overlap [frame 2097]: Fish [1, 2, 3, 4, 5]
  Overlap detected: Fish 1 ↔ Fish 2 [frame 2097] IoU=0.02
  Overlap detected: Fish 2 ↔ Fish 5 [frame 2097] IoU=0.01
  Overlap detected: Fish 3 ↔ Fish 4 [frame 2097] IoU=0.00
  Frozen during overlap [frame 2098]: Fish [1, 2, 3, 4, 5]
  Overlap detected: Fish 1 ↔ Fish 2 [frame 2098] IoU=0.02
  Overlap detected: Fish 2 ↔ Fish 5 [frame 2098] IoU=0.01
  Overlap detected: Fish 3 ↔ Fish 4 [frame 2098] IoU=0.00
  Frozen during overlap [frame 2099]: Fish [1, 2, 3, 4, 5]
  Overlap detected: Fish 1 ↔ Fish 2 [frame 2099] IoU=0.02
  Overlap detected: Fish 2 ↔ Fish 5 [frame 2099] IoU=0.01
  Overlap detected: Fish 3 ↔ Fish 4 [frame 2099] IoU=0.00
  Frozen during overlap [frame 2100]: Fish [1, 2, 3, 4, 5]
  Overlap detected: Fish 1 ↔ Fish 2 [frame 2100] IoU=0.02
  Overlap detected: Fish 2 ↔ Fish 5 [frame 2100] IoU=0.01
  Overlap detected: Fish 3 ↔ Fish 4 [frame 2100] IoU=0.00
  Frame 2100/3600 | second 35
  Frozen during overlap [frame 2101]: Fish [1, 2, 3, 4, 5]
  Overlap detected: Fish 1 ↔ Fish 2 [frame 2101] IoU=0.02
  Overlap detected: Fish 2 ↔ Fish 5 [frame 2101] IoU=0.01
  Overlap detected: Fish 3 ↔ Fish 4 [frame 2101] IoU=0.00
  Frozen during overlap [frame 2102]: Fish [1, 2, 3, 4, 5]
  Overlap detected: Fish 1 ↔ Fish 2 [frame 2102] IoU=0.02
  Overlap detected: Fish 2 ↔ Fish 5 [frame 2102] IoU=0.01
  Overlap detected: Fish 3 ↔ Fish 4 [frame 2102] IoU=0.00
  Frozen during overlap [frame 2103]: Fish [1, 2, 3, 4, 5]
  Overlap detected: Fish 1 ↔ Fish 2 [frame 2103] IoU=0.02
  Overlap detected: Fish 2 ↔ Fish 5 [frame 2103] IoU=0.01
  Overlap detected: Fish 3 ↔ Fish 4 [frame 2103] IoU=0.00
  Frozen during overlap [frame 2104]: Fish [1, 2, 3, 4, 5]
  Overlap detected: Fish 1 ↔ Fish 2 [frame 2104] IoU=0.02
  Overlap detected: Fish 2 ↔ Fish 5 [frame 2104] IoU=0.01
  Overlap detected: Fish 3 ↔ Fish 4 [frame 2104] IoU=0.00
  Frozen during overlap [frame 2105]: Fish [1, 2, 3, 4, 5]
  Overlap detected: Fish 1 ↔ Fish 2 [frame 2105] IoU=0.02
  Overlap detected: Fish 2 ↔ Fish 5 [frame 2105] IoU=0.01
  Overlap detected: Fish 3 ↔ Fish 4 [frame 2105] IoU=0.00
  Frozen during overlap [frame 2106]: Fish [1, 2, 3, 4, 5]
  Overlap detected: Fish 1 ↔ Fish 2 [frame 2106] IoU=0.02
  Overlap detected: Fish 2 ↔ Fish 5 [frame 2106] IoU=0.01
  Overlap detected: Fish 3 ↔ Fish 4 [frame 2106] IoU=0.00
  Frozen during overlap [frame 2107]: Fish [1, 2, 3, 4, 5]
  Overlap detected: Fish 1 ↔ Fish 2 [frame 2107] IoU=0.02
  Overlap detected: Fish 2 ↔ Fish 5 [frame 2107] IoU=0.01
  Overlap detected: Fish 3 ↔ Fish 4 [frame 2107] IoU=0.00
  Frozen during overlap [frame 2108]: Fish [1, 2, 3, 4, 5]
  Overlap detected: Fish 1 ↔ Fish 2 [frame 2108] IoU=0.02
  Overlap detected: Fish 2 ↔ Fish 5 [frame 2108] IoU=0.01
  Overlap detected: Fish 3 ↔ Fish 4 [frame 2108] IoU=0.00
  Frozen during overlap [frame 2109]: Fish [1, 2, 3, 4, 5]
  Overlap detected: Fish 1 ↔ Fish 2 [frame 2109] IoU=0.02
  Overlap detected: Fish 2 ↔ Fish 5 [frame 2109] IoU=0.01
  Overlap detected: Fish 3 ↔ Fish 4 [frame 2109] IoU=0.00
  Frozen during overlap [frame 2110]: Fish [1, 2, 3, 4, 5]
  Overlap detected: Fish 1 ↔ Fish 2 [frame 2110] IoU=0.02
  Overlap detected: Fish 2 ↔ Fish 5 [frame 2110] IoU=0.01
  Overlap detected: Fish 3 ↔ Fish 4 [frame 2110] IoU=0.00
  Frozen during overlap [frame 2111]: Fish [1, 2, 3, 4, 5]
  Overlap detected: Fish 1 ↔ Fish 2 [frame 2111] IoU=0.02
  Overlap detected: Fish 2 ↔ Fish 5 [frame 2111] IoU=0.01
  Overlap detected: Fish 3 ↔ Fish 4 [frame 2111] IoU=0.00
  Frozen during overlap [frame 2112]: Fish [1, 2, 3, 4, 5]
  Overlap detected: Fish 1 ↔ Fish 2 [frame 2112] IoU=0.02
  Overlap detected: Fish 2 ↔ Fish 5 [frame 2112] IoU=0.01
  Overlap detected: Fish 3 ↔ Fish 4 [frame 2112] IoU=0.00
  Frozen during overlap [frame 2113]: Fish [1, 2, 3, 4, 5]
  Overlap detected: Fish 1 ↔ Fish 2 [frame 2113] IoU=0.02
  Overlap detected: Fish 2 ↔ Fish 5 [frame 2113] IoU=0.01
  Overlap detected: Fish 3 ↔ Fish 4 [frame 2113] IoU=0.00
  Frozen during overlap [frame 2114]: Fish [1, 2, 3, 4, 5]
  Overlap detected: Fish 1 ↔ Fish 2 [frame 2114] IoU=0.02
  Overlap detected: Fish 2 ↔ Fish 5 [frame 2114] IoU=0.01
  Overlap detected: Fish 3 ↔ Fish 4 [frame 2114] IoU=0.00
  Frozen during overlap [frame 2115]: Fish [1, 2, 3, 4, 5]
  Overlap detected: Fish 1 ↔ Fish 2 [frame 2115] IoU=0.02
  Overlap detected: Fish 2 ↔ Fish 5 [frame 2115] IoU=0.01
  Overlap detected: Fish 3 ↔ Fish 4 [frame 2115] IoU=0.00
  Frozen during overlap [frame 2116]: Fish [1, 2, 3, 4, 5]
  Overlap detected: Fish 1 ↔ Fish 2 [frame 2116] IoU=0.02
  Overlap detected: Fish 2 ↔ Fish 5 [frame 2116] IoU=0.01
  Overlap detected: Fish 3 ↔ Fish 4 [frame 2116] IoU=0.00
  Frozen during overlap [frame 2117]: Fish [1, 2, 3, 4, 5]
  Overlap detected: Fish 1 ↔ Fish 2 [frame 2117] IoU=0.02
  Overlap detected: Fish 2 ↔ Fish 5 [frame 2117] IoU=0.01
  Overlap detected: Fish 3 ↔ Fish 4 [frame 2117] IoU=0.00
  Frozen during overlap [frame 2118]: Fish [1, 2, 3, 4, 5]
  Overlap detected: Fish 1 ↔ Fish 2 [frame 2118] IoU=0.02
  Overlap detected: Fish 2 ↔ Fish 5 [frame 2118] IoU=0.01
  Overlap detected: Fish 3 ↔ Fish 4 [frame 2118] IoU=0.00
  Frozen during overlap [frame 2119]: Fish [1, 2, 3, 4, 5]
  Overlap detected: Fish 1 ↔ Fish 2 [frame 2119] IoU=0.02
  Overlap detected: Fish 2 ↔ Fish 5 [frame 2119] IoU=0.01
  Overlap detected: Fish 3 ↔ Fish 4 [frame 2119] IoU=0.00
  Frozen during overlap [frame 2120]: Fish [1, 2, 3, 4, 5]
  Overlap detected: Fish 1 ↔ Fish 2 [frame 2120] IoU=0.02
  Overlap detected: Fish 2 ↔ Fish 5 [frame 2120] IoU=0.01
  Overlap detected: Fish 3 ↔ Fish 4 [frame 2120] IoU=0.00
  Frozen during overlap [frame 2121]: Fish [1, 2, 3, 4, 5]
  Overlap detected: Fish 1 ↔ Fish 2 [frame 2121] IoU=0.02
  Overlap detected: Fish 2 ↔ Fish 5 [frame 2121] IoU=0.01
  Overlap detected: Fish 3 ↔ Fish 4 [frame 2121] IoU=0.00
  Frozen during overlap [frame 2122]: Fish [1, 2, 3, 4, 5]
  Overlap detected: Fish 1 ↔ Fish 2 [frame 2122] IoU=0.02
  Overlap detected: Fish 2 ↔ Fish 5 [frame 2122] IoU=0.01
  Overlap detected: Fish 3 ↔ Fish 4 [frame 2122] IoU=0.00
  Frozen during overlap [frame 2123]: Fish [1, 2, 3, 4, 5]
  Overlap detected: Fish 1 ↔ Fish 2 [frame 2123] IoU=0.02
  Overlap detected: Fish 2 ↔ Fish 5 [frame 2123] IoU=0.01
  Overlap detected: Fish 3 ↔ Fish 4 [frame 2123] IoU=0.00
  Frozen during overlap [frame 2124]: Fish [1, 2, 3, 4, 5]
  Overlap detected: Fish 1 ↔ Fish 2 [frame 2124] IoU=0.02
  Overlap detected: Fish 2 ↔ Fish 5 [frame 2124] IoU=0.01
  Overlap detected: Fish 3 ↔ Fish 4 [frame 2124] IoU=0.00
  Frozen during overlap [frame 2125]: Fish [1, 2, 3, 4, 5]
  Overlap detected: Fish 1 ↔ Fish 2 [frame 2125] IoU=0.02
  Overlap detected: Fish 2 ↔ Fish 5 [frame 2125] IoU=0.01
  Overlap detected: Fish 3 ↔ Fish 4 [frame 2125] IoU=0.00
  Frozen during overlap [frame 2126]: Fish [1, 2, 3, 4, 5]
  Overlap detected: Fish 1 ↔ Fish 2 [frame 2126] IoU=0.02
  Overlap detected: Fish 2 ↔ Fish 5 [frame 2126] IoU=0.01
  Overlap detected: Fish 3 ↔ Fish 4 [frame 2126] IoU=0.00
  Frozen during overlap [frame 2127]: Fish [1, 2, 3, 4, 5]
  Overlap detected: Fish 1 ↔ Fish 2 [frame 2127] IoU=0.02
  Overlap detected: Fish 2 ↔ Fish 5 [frame 2127] IoU=0.01
  Overlap detected: Fish 3 ↔ Fish 4 [frame 2127] IoU=0.00
  Frozen during overlap [frame 2128]: Fish [1, 2, 3, 4, 5]
  Overlap detected: Fish 1 ↔ Fish 2 [frame 2128] IoU=0.02
  Overlap detected: Fish 2 ↔ Fish 5 [frame 2128] IoU=0.01
  Overlap detected: Fish 3 ↔ Fish 4 [frame 2128] IoU=0.00
  Frozen during overlap [frame 2129]: Fish [1, 2, 3, 4, 5]
  Overlap detected: Fish 1 ↔ Fish 2 [frame 2129] IoU=0.02
  Overlap detected: Fish 2 ↔ Fish 5 [frame 2129] IoU=0.01
  Overlap detected: Fish 3 ↔ Fish 4 [frame 2129] IoU=0.00
  Frozen during overlap [frame 2130]: Fish [1, 2, 3, 4, 5]
  Overlap detected: Fish 1 ↔ Fish 2 [frame 2130] IoU=0.02
  Overlap detected: Fish 2 ↔ Fish 5 [frame 2130] IoU=0.01
  Overlap detected: Fish 3 ↔ Fish 4 [frame 2130] IoU=0.00
  Frame 2130/3600 | second 35
  Frozen during overlap [frame 2131]: Fish [1, 2, 3, 4, 5]
  Overlap detected: Fish 1 ↔ Fish 2 [frame 2131] IoU=0.02
  Overlap detected: Fish 2 ↔ Fish 5 [frame 2131] IoU=0.01
  Overlap detected: Fish 3 ↔ Fish 4 [frame 2131] IoU=0.00
  Frozen during overlap [frame 2132]: Fish [1, 2, 3, 4, 5]
  Overlap detected: Fish 1 ↔ Fish 2 [frame 2132] IoU=0.02
  Overlap detected: Fish 2 ↔ Fish 5 [frame 2132] IoU=0.01
  Overlap detected: Fish 3 ↔ Fish 4 [frame 2132] IoU=0.00
  Frozen during overlap [frame 2133]: Fish [1, 2, 3, 4, 5]
  Overlap detected: Fish 1 ↔ Fish 2 [frame 2133] IoU=0.02
  Overlap detected: Fish 2 ↔ Fish 5 [frame 2133] IoU=0.01
  Overlap detected: Fish 3 ↔ Fish 4 [frame 2133] IoU=0.00
  Frozen during overlap [frame 2134]: Fish [1, 2, 3, 4, 5]
  Overlap detected: Fish 1 ↔ Fish 2 [frame 2134] IoU=0.02
  Overlap detected: Fish 2 ↔ Fish 5 [frame 2134] IoU=0.01
  Overlap detected: Fish 3 ↔ Fish 4 [frame 2134] IoU=0.00
  Frozen during overlap [frame 2135]: Fish [1, 2, 3, 4, 5]
  Overlap detected: Fish 1 ↔ Fish 2 [frame 2135] IoU=0.02
  Overlap detected: Fish 2 ↔ Fish 5 [frame 2135] IoU=0.01
  Overlap detected: Fish 3 ↔ Fish 4 [frame 2135] IoU=0.00
  Frozen during overlap [frame 2136]: Fish [1, 2, 3, 4, 5]
  Overlap detected: Fish 1 ↔ Fish 2 [frame 2136] IoU=0.02
  Overlap detected: Fish 2 ↔ Fish 5 [frame 2136] IoU=0.01
  Overlap detected: Fish 3 ↔ Fish 4 [frame 2136] IoU=0.00
  Frozen during overlap [frame 2137]: Fish [1, 2, 3, 4, 5]
  Overlap detected: Fish 1 ↔ Fish 2 [frame 2137] IoU=0.02
  Overlap detected: Fish 2 ↔ Fish 5 [frame 2137] IoU=0.01
  Overlap detected: Fish 3 ↔ Fish 4 [frame 2137] IoU=0.00
  Frozen during overlap [frame 2138]: Fish [1, 2, 3, 4, 5]
  Overlap detected: Fish 1 ↔ Fish 2 [frame 2138] IoU=0.02
  Overlap detected: Fish 2 ↔ Fish 5 [frame 2138] IoU=0.01
  Overlap detected: Fish 3 ↔ Fish 4 [frame 2138] IoU=0.00
  Frozen during overlap [frame 2139]: Fish [1, 2, 3, 4, 5]
  Overlap detected: Fish 1 ↔ Fish 2 [frame 2139] IoU=0.02
  Overlap detected: Fish 2 ↔ Fish 5 [frame 2139] IoU=0.01
  Overlap detected: Fish 3 ↔ Fish 4 [frame 2139] IoU=0.00
  Frozen during overlap [frame 2140]: Fish [1, 2, 3, 4, 5]
  Overlap detected: Fish 1 ↔ Fish 2 [frame 2140] IoU=0.02
  Overlap detected: Fish 2 ↔ Fish 5 [frame 2140] IoU=0.01
  Overlap detected: Fish 3 ↔ Fish 4 [frame 2140] IoU=0.00
  Frozen during overlap [frame 2141]: Fish [1, 2, 3, 4, 5]
  Overlap detected: Fish 1 ↔ Fish 2 [frame 2141] IoU=0.02
  Overlap detected: Fish 2 ↔ Fish 5 [frame 2141] IoU=0.01
  Overlap detected: Fish 3 ↔ Fish 4 [frame 2141] IoU=0.00
  Frozen during overlap [frame 2142]: Fish [1, 2, 3, 4, 5]
  Overlap detected: Fish 1 ↔ Fish 2 [frame 2142] IoU=0.02
  Overlap detected: Fish 2 ↔ Fish 5 [frame 2142] IoU=0.01
  Overlap detected: Fish 3 ↔ Fish 4 [frame 2142] IoU=0.00
  Frozen during overlap [frame 2143]: Fish [1, 2, 3, 4, 5]
  Overlap detected: Fish 1 ↔ Fish 2 [frame 2143] IoU=0.02
  Overlap detected: Fish 2 ↔ Fish 5 [frame 2143] IoU=0.01
  Overlap detected: Fish 3 ↔ Fish 4 [frame 2143] IoU=0.00
  Frozen during overlap [frame 2144]: Fish [1, 2, 3, 4, 5]
  Overlap detected: Fish 1 ↔ Fish 2 [frame 2144] IoU=0.02
  Overlap detected: Fish 2 ↔ Fish 5 [frame 2144] IoU=0.01
  Overlap detected: Fish 3 ↔ Fish 4 [frame 2144] IoU=0.00
  Frozen during overlap [frame 2145]: Fish [1, 2, 3, 4, 5]
  Overlap detected: Fish 1 ↔ Fish 2 [frame 2145] IoU=0.02
  Overlap detected: Fish 2 ↔ Fish 5 [frame 2145] IoU=0.01
  Overlap detected: Fish 3 ↔ Fish 4 [frame 2145] IoU=0.00
  Frozen during overlap [frame 2146]: Fish [1, 2, 3, 4, 5]
  Overlap detected: Fish 1 ↔ Fish 2 [frame 2146] IoU=0.02
  Overlap detected: Fish 2 ↔ Fish 5 [frame 2146] IoU=0.01
  Overlap detected: Fish 3 ↔ Fish 4 [frame 2146] IoU=0.00
  Frozen during overlap [frame 2147]: Fish [1, 2, 3, 4, 5]
  Overlap detected: Fish 1 ↔ Fish 2 [frame 2147] IoU=0.02
  Overlap detected: Fish 2 ↔ Fish 5 [frame 2147] IoU=0.01
  Overlap detected: Fish 3 ↔ Fish 4 [frame 2147] IoU=0.00
  Frozen during overlap [frame 2148]: Fish [1, 2, 3, 4, 5]
  Overlap detected: Fish 1 ↔ Fish 2 [frame 2148] IoU=0.02
  Overlap detected: Fish 2 ↔ Fish 5 [frame 2148] IoU=0.01
  Overlap detected: Fish 3 ↔ Fish 4 [frame 2148] IoU=0.00
  Frozen during overlap [frame 2149]: Fish [1, 2, 3, 4, 5]
  Overlap detected: Fish 1 ↔ Fish 2 [frame 2149] IoU=0.02
  Overlap detected: Fish 2 ↔ Fish 5 [frame 2149] IoU=0.01
  Overlap detected: Fish 3 ↔ Fish 4 [frame 2149] IoU=0.00
  Frozen during overlap [frame 2150]: Fish [1, 2, 3, 4, 5]
  Overlap detected: Fish 1 ↔ Fish 2 [frame 2150] IoU=0.02
  Overlap detected: Fish 2 ↔ Fish 5 [frame 2150] IoU=0.01
  Overlap detected: Fish 3 ↔ Fish 4 [frame 2150] IoU=0.00
  Frozen during overlap [frame 2151]: Fish [1, 2, 3, 4, 5]
  Overlap detected: Fish 1 ↔ Fish 2 [frame 2151] IoU=0.02
  Overlap detected: Fish 2 ↔ Fish 5 [frame 2151] IoU=0.01
  Overlap detected: Fish 3 ↔ Fish 4 [frame 2151] IoU=0.00
  Frozen during overlap [frame 2152]: Fish [1, 2, 3, 4, 5]
  Overlap detected: Fish 1 ↔ Fish 2 [frame 2152] IoU=0.02
  Overlap detected: Fish 2 ↔ Fish 5 [frame 2152] IoU=0.01
  Overlap detected: Fish 3 ↔ Fish 4 [frame 2152] IoU=0.00
  Frozen during overlap [frame 2153]: Fish [1, 2, 3, 4, 5]
  Overlap detected: Fish 1 ↔ Fish 2 [frame 2153] IoU=0.02
  Overlap detected: Fish 2 ↔ Fish 5 [frame 2153] IoU=0.01
  Overlap detected: Fish 3 ↔ Fish 4 [frame 2153] IoU=0.00
  Frozen during overlap [frame 2154]: Fish [1, 2, 3, 4, 5]
  Overlap detected: Fish 1 ↔ Fish 2 [frame 2154] IoU=0.02
  Overlap detected: Fish 2 ↔ Fish 5 [frame 2154] IoU=0.01
  Overlap detected: Fish 3 ↔ Fish 4 [frame 2154] IoU=0.00
  Frozen during overlap [frame 2155]: Fish [1, 2, 3, 4, 5]
  Overlap detected: Fish 1 ↔ Fish 2 [frame 2155] IoU=0.02
  Overlap detected: Fish 2 ↔ Fish 5 [frame 2155] IoU=0.01
  Overlap detected: Fish 3 ↔ Fish 4 [frame 2155] IoU=0.00
  Frozen during overlap [frame 2156]: Fish [1, 2, 3, 4, 5]
  Overlap detected: Fish 1 ↔ Fish 2 [frame 2156] IoU=0.02
  Overlap detected: Fish 2 ↔ Fish 5 [frame 2156] IoU=0.01
  Overlap detected: Fish 3 ↔ Fish 4 [frame 2156] IoU=0.00
  Frozen during overlap [frame 2157]: Fish [1, 2, 3, 4, 5]
  Overlap detected: Fish 1 ↔ Fish 2 [frame 2157] IoU=0.02
  Overlap detected: Fish 2 ↔ Fish 5 [frame 2157] IoU=0.01
  Overlap detected: Fish 3 ↔ Fish 4 [frame 2157] IoU=0.00
  Frozen during overlap [frame 2158]: Fish [1, 2, 3, 4, 5]
  Overlap detected: Fish 1 ↔ Fish 2 [frame 2158] IoU=0.02
  Overlap detected: Fish 2 ↔ Fish 5 [frame 2158] IoU=0.01
  Overlap detected: Fish 3 ↔ Fish 4 [frame 2158] IoU=0.00
  Frozen during overlap [frame 2159]: Fish [1, 2, 3, 4, 5]
  Overlap detected: Fish 1 ↔ Fish 2 [frame 2159] IoU=0.02
  Overlap detected: Fish 2 ↔ Fish 5 [frame 2159] IoU=0.01
  Overlap detected: Fish 3 ↔ Fish 4 [frame 2159] IoU=0.00
  Frozen during overlap [frame 2160]: Fish [1, 2, 3, 4, 5]
  Overlap detected: Fish 1 ↔ Fish 2 [frame 2160] IoU=0.02
  Overlap detected: Fish 2 ↔ Fish 5 [frame 2160] IoU=0.01
  Overlap detected: Fish 3 ↔ Fish 4 [frame 2160] IoU=0.00
  Frame 2160/3600 | second 36
  Frozen during overlap [frame 2161]: Fish [1, 2, 3, 4, 5]
  Overlap detected: Fish 1 ↔ Fish 2 [frame 2161] IoU=0.02
  Overlap detected: Fish 2 ↔ Fish 5 [frame 2161] IoU=0.01
  Overlap detected: Fish 3 ↔ Fish 4 [frame 2161] IoU=0.00
  Frozen during overlap [frame 2162]: Fish [1, 2, 3, 4, 5]
  Overlap detected: Fish 1 ↔ Fish 2 [frame 2162] IoU=0.02
  Overlap detected: Fish 2 ↔ Fish 5 [frame 2162] IoU=0.01
  Overlap detected: Fish 3 ↔ Fish 4 [frame 2162] IoU=0.00
  Frozen during overlap [frame 2163]: Fish [1, 2, 3, 4, 5]
  Overlap detected: Fish 1 ↔ Fish 2 [frame 2163] IoU=0.02
  Overlap detected: Fish 2 ↔ Fish 5 [frame 2163] IoU=0.01
  Overlap detected: Fish 3 ↔ Fish 4 [frame 2163] IoU=0.00
  Frozen during overlap [frame 2164]: Fish [1, 2, 3, 4, 5]
  Overlap detected: Fish 1 ↔ Fish 2 [frame 2164] IoU=0.02
  Overlap detected: Fish 2 ↔ Fish 5 [frame 2164] IoU=0.01
  Overlap detected: Fish 3 ↔ Fish 4 [frame 2164] IoU=0.00
  Frozen during overlap [frame 2165]: Fish [1, 2, 3, 4, 5]
  Overlap detected: Fish 1 ↔ Fish 2 [frame 2165] IoU=0.02
  Overlap detected: Fish 2 ↔ Fish 5 [frame 2165] IoU=0.01
  Overlap detected: Fish 3 ↔ Fish 4 [frame 2165] IoU=0.00
  Frozen during overlap [frame 2166]: Fish [1, 2, 3, 4, 5]
  Overlap detected: Fish 1 ↔ Fish 2 [frame 2166] IoU=0.02
  Overlap detected: Fish 2 ↔ Fish 5 [frame 2166] IoU=0.01
  Overlap detected: Fish 3 ↔ Fish 4 [frame 2166] IoU=0.00
  Frozen during overlap [frame 2167]: Fish [1, 2, 3, 4, 5]
  Overlap detected: Fish 1 ↔ Fish 2 [frame 2167] IoU=0.02
  Overlap detected: Fish 2 ↔ Fish 5 [frame 2167] IoU=0.01
  Overlap detected: Fish 3 ↔ Fish 4 [frame 2167] IoU=0.00
  Frozen during overlap [frame 2168]: Fish [1, 2, 3, 4, 5]
  Overlap detected: Fish 1 ↔ Fish 2 [frame 2168] IoU=0.02
  Overlap detected: Fish 2 ↔ Fish 5 [frame 2168] IoU=0.01
  Overlap detected: Fish 3 ↔ Fish 4 [frame 2168] IoU=0.00
  Frozen during overlap [frame 2169]: Fish [1, 2, 3, 4, 5]
  Overlap detected: Fish 1 ↔ Fish 2 [frame 2169] IoU=0.02
  Overlap detected: Fish 2 ↔ Fish 5 [frame 2169] IoU=0.01
  Overlap detected: Fish 3 ↔ Fish 4 [frame 2169] IoU=0.00
  Frozen during overlap [frame 2170]: Fish [1, 2, 3, 4, 5]
  Overlap detected: Fish 1 ↔ Fish 2 [frame 2170] IoU=0.02
  Overlap detected: Fish 2 ↔ Fish 5 [frame 2170] IoU=0.01
  Overlap detected: Fish 3 ↔ Fish 4 [frame 2170] IoU=0.00
  Frozen during overlap [frame 2171]: Fish [1, 2, 3, 4, 5]
  Overlap detected: Fish 1 ↔ Fish 2 [frame 2171] IoU=0.02
  Overlap detected: Fish 2 ↔ Fish 5 [frame 2171] IoU=0.01
  Overlap detected: Fish 3 ↔ Fish 4 [frame 2171] IoU=0.00
  Frozen during overlap [frame 2172]: Fish [1, 2, 3, 4, 5]
  Overlap detected: Fish 1 ↔ Fish 2 [frame 2172] IoU=0.02
  Overlap detected: Fish 2 ↔ Fish 5 [frame 2172] IoU=0.01
  Overlap detected: Fish 3 ↔ Fish 4 [frame 2172] IoU=0.00
  Frozen during overlap [frame 2173]: Fish [1, 2, 3, 4, 5]
  Overlap detected: Fish 1 ↔ Fish 2 [frame 2173] IoU=0.02
  Overlap detected: Fish 2 ↔ Fish 5 [frame 2173] IoU=0.01
  Overlap detected: Fish 3 ↔ Fish 4 [frame 2173] IoU=0.00
  Frozen during overlap [frame 2174]: Fish [1, 2, 3, 4, 5]
  Overlap detected: Fish 1 ↔ Fish 2 [frame 2174] IoU=0.02
  Overlap detected: Fish 2 ↔ Fish 5 [frame 2174] IoU=0.01
  Overlap detected: Fish 3 ↔ Fish 4 [frame 2174] IoU=0.00
  Frozen during overlap [frame 2175]: Fish [1, 2, 3, 4, 5]
  Overlap detected: Fish 1 ↔ Fish 2 [frame 2175] IoU=0.02
  Overlap detected: Fish 2 ↔ Fish 5 [frame 2175] IoU=0.01
  Overlap detected: Fish 3 ↔ Fish 4 [frame 2175] IoU=0.00
  Frozen during overlap [frame 2176]: Fish [1, 2, 3, 4, 5]
  Overlap detected: Fish 1 ↔ Fish 2 [frame 2176] IoU=0.02
  Overlap detected: Fish 2 ↔ Fish 5 [frame 2176] IoU=0.01
  Overlap detected: Fish 3 ↔ Fish 4 [frame 2176] IoU=0.00
  Frozen during overlap [frame 2177]: Fish [1, 2, 3, 4, 5]
  Overlap detected: Fish 1 ↔ Fish 2 [frame 2177] IoU=0.02
  Overlap detected: Fish 2 ↔ Fish 5 [frame 2177] IoU=0.01
  Overlap detected: Fish 3 ↔ Fish 4 [frame 2177] IoU=0.00
  Frozen during overlap [frame 2178]: Fish [1, 2, 3, 4, 5]
  Overlap detected: Fish 1 ↔ Fish 2 [frame 2178] IoU=0.02
  Overlap detected: Fish 2 ↔ Fish 5 [frame 2178] IoU=0.01
  Overlap detected: Fish 3 ↔ Fish 4 [frame 2178] IoU=0.00
  Frozen during overlap [frame 2179]: Fish [1, 2, 3, 4, 5]
  Overlap detected: Fish 1 ↔ Fish 2 [frame 2179] IoU=0.02
  Overlap detected: Fish 2 ↔ Fish 5 [frame 2179] IoU=0.01
  Overlap detected: Fish 3 ↔ Fish 4 [frame 2179] IoU=0.00
  Frozen during overlap [frame 2180]: Fish [1, 2, 3, 4, 5]
  Overlap detected: Fish 1 ↔ Fish 2 [frame 2180] IoU=0.02
  Overlap detected: Fish 2 ↔ Fish 5 [frame 2180] IoU=0.01
  Overlap detected: Fish 3 ↔ Fish 4 [frame 2180] IoU=0.00
  Frozen during overlap [frame 2181]: Fish [1, 2, 3, 4, 5]
  Overlap detected: Fish 1 ↔ Fish 2 [frame 2181] IoU=0.02
  Overlap detected: Fish 2 ↔ Fish 5 [frame 2181] IoU=0.01
  Overlap detected: Fish 3 ↔ Fish 4 [frame 2181] IoU=0.00
  Frozen during overlap [frame 2182]: Fish [1, 2, 3, 4, 5]
  Overlap detected: Fish 1 ↔ Fish 2 [frame 2182] IoU=0.02
  Overlap detected: Fish 2 ↔ Fish 5 [frame 2182] IoU=0.01
  Overlap detected: Fish 3 ↔ Fish 4 [frame 2182] IoU=0.00
  Frozen during overlap [frame 2183]: Fish [1, 2, 3, 4, 5]
  Overlap detected: Fish 1 ↔ Fish 2 [frame 2183] IoU=0.02
  Overlap detected: Fish 2 ↔ Fish 5 [frame 2183] IoU=0.01
  Overlap detected: Fish 3 ↔ Fish 4 [frame 2183] IoU=0.00
  Frozen during overlap [frame 2184]: Fish [1, 2, 3, 4, 5]
  Overlap detected: Fish 1 ↔ Fish 2 [frame 2184] IoU=0.02
  Overlap detected: Fish 2 ↔ Fish 5 [frame 2184] IoU=0.01
  Overlap detected: Fish 3 ↔ Fish 4 [frame 2184] IoU=0.00
  Frozen during overlap [frame 2185]: Fish [1, 2, 3, 4, 5]
  Overlap detected: Fish 1 ↔ Fish 2 [frame 2185] IoU=0.02
  Overlap detected: Fish 2 ↔ Fish 5 [frame 2185] IoU=0.01
  Overlap detected: Fish 3 ↔ Fish 4 [frame 2185] IoU=0.00
  Frozen during overlap [frame 2186]: Fish [1, 2, 3, 4, 5]
  Overlap detected: Fish 1 ↔ Fish 2 [frame 2186] IoU=0.02
  Overlap detected: Fish 2 ↔ Fish 5 [frame 2186] IoU=0.01
  Overlap detected: Fish 3 ↔ Fish 4 [frame 2186] IoU=0.00
  Frozen during overlap [frame 2187]: Fish [1, 2, 3, 4, 5]
  Overlap detected: Fish 1 ↔ Fish 2 [frame 2187] IoU=0.02
  Overlap detected: Fish 2 ↔ Fish 5 [frame 2187] IoU=0.01
  Overlap detected: Fish 3 ↔ Fish 4 [frame 2187] IoU=0.00
  Frozen during overlap [frame 2188]: Fish [1, 2, 3, 4, 5]
  Overlap detected: Fish 1 ↔ Fish 2 [frame 2188] IoU=0.02
  Overlap detected: Fish 2 ↔ Fish 5 [frame 2188] IoU=0.01
  Overlap detected: Fish 3 ↔ Fish 4 [frame 2188] IoU=0.00
  Frozen during overlap [frame 2189]: Fish [1, 2, 3, 4, 5]
  Overlap detected: Fish 1 ↔ Fish 2 [frame 2189] IoU=0.02
  Overlap detected: Fish 2 ↔ Fish 5 [frame 2189] IoU=0.01
  Overlap detected: Fish 3 ↔ Fish 4 [frame 2189] IoU=0.00
  Frozen during overlap [frame 2190]: Fish [1, 2, 3, 4, 5]
  Overlap detected: Fish 1 ↔ Fish 2 [frame 2190] IoU=0.02
  Overlap detected: Fish 2 ↔ Fish 5 [frame 2190] IoU=0.01
  Overlap detected: Fish 3 ↔ Fish 4 [frame 2190] IoU=0.00
  Frame 2190/3600 | second 36
  Frozen during overlap [frame 2191]: Fish [1, 2, 3, 4, 5]
  Overlap detected: Fish 1 ↔ Fish 2 [frame 2191] IoU=0.02
  Overlap detected: Fish 2 ↔ Fish 5 [frame 2191] IoU=0.01
  Overlap detected: Fish 3 ↔ Fish 4 [frame 2191] IoU=0.00
  Frozen during overlap [frame 2192]: Fish [1, 2, 3, 4, 5]
  Overlap detected: Fish 1 ↔ Fish 2 [frame 2192] IoU=0.02
  Overlap detected: Fish 2 ↔ Fish 5 [frame 2192] IoU=0.01
  Overlap detected: Fish 3 ↔ Fish 4 [frame 2192] IoU=0.00
  Frozen during overlap [frame 2193]: Fish [1, 2, 3, 4, 5]
  Overlap detected: Fish 1 ↔ Fish 2 [frame 2193] IoU=0.02
  Overlap detected: Fish 2 ↔ Fish 5 [frame 2193] IoU=0.01
  Overlap detected: Fish 3 ↔ Fish 4 [frame 2193] IoU=0.00
  Frozen during overlap [frame 2194]: Fish [1, 2, 3, 4, 5]
  Overlap detected: Fish 1 ↔ Fish 2 [frame 2194] IoU=0.02
  Overlap detected: Fish 2 ↔ Fish 5 [frame 2194] IoU=0.01
  Overlap detected: Fish 3 ↔ Fish 4 [frame 2194] IoU=0.00
  Frozen during overlap [frame 2195]: Fish [1, 2, 3, 4, 5]
  Overlap detected: Fish 1 ↔ Fish 2 [frame 2195] IoU=0.02
  Overlap detected: Fish 2 ↔ Fish 5 [frame 2195] IoU=0.01
  Overlap detected: Fish 3 ↔ Fish 4 [frame 2195] IoU=0.00
  Frozen during overlap [frame 2196]: Fish [1, 2, 3, 4, 5]
  Overlap detected: Fish 1 ↔ Fish 2 [frame 2196] IoU=0.02
  Overlap detected: Fish 2 ↔ Fish 5 [frame 2196] IoU=0.01
  Overlap detected: Fish 3 ↔ Fish 4 [frame 2196] IoU=0.00
  Frozen during overlap [frame 2197]: Fish [1, 2, 3, 4, 5]
  Overlap detected: Fish 1 ↔ Fish 2 [frame 2197] IoU=0.02
  Overlap detected: Fish 2 ↔ Fish 5 [frame 2197] IoU=0.01
  Overlap detected: Fish 3 ↔ Fish 4 [frame 2197] IoU=0.00
  Frozen during overlap [frame 2198]: Fish [1, 2, 3, 4, 5]
  Overlap detected: Fish 1 ↔ Fish 2 [frame 2198] IoU=0.02
  Overlap detected: Fish 2 ↔ Fish 5 [frame 2198] IoU=0.01
  Overlap detected: Fish 3 ↔ Fish 4 [frame 2198] IoU=0.00
  Frozen during overlap [frame 2199]: Fish [1, 2, 3, 4, 5]
  Overlap detected: Fish 1 ↔ Fish 2 [frame 2199] IoU=0.02
  Overlap detected: Fish 2 ↔ Fish 5 [frame 2199] IoU=0.01
  Overlap detected: Fish 3 ↔ Fish 4 [frame 2199] IoU=0.00
  Frozen during overlap [frame 2200]: Fish [1, 2, 3, 4, 5]
  Overlap detected: Fish 1 ↔ Fish 2 [frame 2200] IoU=0.02
  Overlap detected: Fish 2 ↔ Fish 5 [frame 2200] IoU=0.01
  Overlap detected: Fish 3 ↔ Fish 4 [frame 2200] IoU=0.00
  Frozen during overlap [frame 2201]: Fish [1, 2, 3, 4, 5]
  Overlap detected: Fish 1 ↔ Fish 2 [frame 2201] IoU=0.02
  Overlap detected: Fish 2 ↔ Fish 5 [frame 2201] IoU=0.01
  Overlap detected: Fish 3 ↔ Fish 4 [frame 2201] IoU=0.00
  Frozen during overlap [frame 2202]: Fish [1, 2, 3, 4, 5]
  Overlap detected: Fish 1 ↔ Fish 2 [frame 2202] IoU=0.02
  Overlap detected: Fish 2 ↔ Fish 5 [frame 2202] IoU=0.01
  Overlap detected: Fish 3 ↔ Fish 4 [frame 2202] IoU=0.00
  Frozen during overlap [frame 2203]: Fish [1, 2, 3, 4, 5]
  Overlap detected: Fish 1 ↔ Fish 2 [frame 2203] IoU=0.02
  Overlap detected: Fish 2 ↔ Fish 5 [frame 2203] IoU=0.01
  Overlap detected: Fish 3 ↔ Fish 4 [frame 2203] IoU=0.00
  Frozen during overlap [frame 2204]: Fish [1, 2, 3, 4, 5]
  Overlap detected: Fish 1 ↔ Fish 2 [frame 2204] IoU=0.02
  Overlap detected: Fish 2 ↔ Fish 5 [frame 2204] IoU=0.01
  Overlap detected: Fish 3 ↔ Fish 4 [frame 2204] IoU=0.00
  Frozen during overlap [frame 2205]: Fish [1, 2, 3, 4, 5]
  Overlap detected: Fish 1 ↔ Fish 2 [frame 2205] IoU=0.02
  Overlap detected: Fish 2 ↔ Fish 5 [frame 2205] IoU=0.01
  Overlap detected: Fish 3 ↔ Fish 4 [frame 2205] IoU=0.00
  Frozen during overlap [frame 2206]: Fish [1, 2, 3, 4, 5]
  Overlap detected: Fish 1 ↔ Fish 2 [frame 2206] IoU=0.02
  Overlap detected: Fish 2 ↔ Fish 5 [frame 2206] IoU=0.01
  Overlap detected: Fish 3 ↔ Fish 4 [frame 2206] IoU=0.00
  Frozen during overlap [frame 2207]: Fish [1, 2, 3, 4, 5]
  Overlap detected: Fish 1 ↔ Fish 2 [frame 2207] IoU=0.02
  Overlap detected: Fish 2 ↔ Fish 5 [frame 2207] IoU=0.01
  Overlap detected: Fish 3 ↔ Fish 4 [frame 2207] IoU=0.00
  Frozen during overlap [frame 2208]: Fish [1, 2, 3, 4, 5]
  Overlap detected: Fish 1 ↔ Fish 2 [frame 2208] IoU=0.02
  Overlap detected: Fish 2 ↔ Fish 5 [frame 2208] IoU=0.01
  Overlap detected: Fish 3 ↔ Fish 4 [frame 2208] IoU=0.00
  Frozen during overlap [frame 2209]: Fish [1, 2, 3, 4, 5]
  Overlap detected: Fish 1 ↔ Fish 2 [frame 2209] IoU=0.02
  Overlap detected: Fish 2 ↔ Fish 5 [frame 2209] IoU=0.01
  Overlap detected: Fish 3 ↔ Fish 4 [frame 2209] IoU=0.00
  Frozen during overlap [frame 2210]: Fish [1, 2, 3, 4, 5]
  Overlap detected: Fish 1 ↔ Fish 2 [frame 2210] IoU=0.02
  Overlap detected: Fish 2 ↔ Fish 5 [frame 2210] IoU=0.01
  Overlap detected: Fish 3 ↔ Fish 4 [frame 2210] IoU=0.00
  Frozen during overlap [frame 2211]: Fish [1, 2, 3, 4, 5]
  Overlap detected: Fish 1 ↔ Fish 2 [frame 2211] IoU=0.02
  Overlap detected: Fish 2 ↔ Fish 5 [frame 2211] IoU=0.01
  Overlap detected: Fish 3 ↔ Fish 4 [frame 2211] IoU=0.00
  Frozen during overlap [frame 2212]: Fish [1, 2, 3, 4, 5]
  Overlap detected: Fish 1 ↔ Fish 2 [frame 2212] IoU=0.02
  Overlap detected: Fish 2 ↔ Fish 5 [frame 2212] IoU=0.01
  Overlap detected: Fish 3 ↔ Fish 4 [frame 2212] IoU=0.00
  Frozen during overlap [frame 2213]: Fish [1, 2, 3, 4, 5]
  Overlap detected: Fish 1 ↔ Fish 2 [frame 2213] IoU=0.02
  Overlap detected: Fish 2 ↔ Fish 5 [frame 2213] IoU=0.01
  Overlap detected: Fish 3 ↔ Fish 4 [frame 2213] IoU=0.00
  Frozen during overlap [frame 2214]: Fish [1, 2, 3, 4, 5]
  Overlap detected: Fish 1 ↔ Fish 2 [frame 2214] IoU=0.02
  Overlap detected: Fish 2 ↔ Fish 5 [frame 2214] IoU=0.01
  Overlap detected: Fish 3 ↔ Fish 4 [frame 2214] IoU=0.00
  Frozen during overlap [frame 2215]: Fish [1, 2, 3, 4, 5]
  Overlap detected: Fish 1 ↔ Fish 2 [frame 2215] IoU=0.02
  Overlap detected: Fish 2 ↔ Fish 5 [frame 2215] IoU=0.01
  Overlap detected: Fish 3 ↔ Fish 4 [frame 2215] IoU=0.00
  Frozen during overlap [frame 2216]: Fish [1, 2, 3, 4, 5]
  Overlap detected: Fish 1 ↔ Fish 2 [frame 2216] IoU=0.02
  Overlap detected: Fish 2 ↔ Fish 5 [frame 2216] IoU=0.01
  Overlap detected: Fish 3 ↔ Fish 4 [frame 2216] IoU=0.00
  Frozen during overlap [frame 2217]: Fish [1, 2, 3, 4, 5]
  Overlap detected: Fish 1 ↔ Fish 2 [frame 2217] IoU=0.02
  Overlap detected: Fish 2 ↔ Fish 5 [frame 2217] IoU=0.01
  Overlap detected: Fish 3 ↔ Fish 4 [frame 2217] IoU=0.00
  Frozen during overlap [frame 2218]: Fish [1, 2, 3, 4, 5]
  Overlap detected: Fish 1 ↔ Fish 2 [frame 2218] IoU=0.02
  Overlap detected: Fish 2 ↔ Fish 5 [frame 2218] IoU=0.01
  Overlap detected: Fish 3 ↔ Fish 4 [frame 2218] IoU=0.00
  Frozen during overlap [frame 2219]: Fish [1, 2, 3, 4, 5]
  Overlap detected: Fish 1 ↔ Fish 2 [frame 2219] IoU=0.02
  Overlap detected: Fish 2 ↔ Fish 5 [frame 2219] IoU=0.01
  Overlap detected: Fish 3 ↔ Fish 4 [frame 2219] IoU=0.00
  Frozen during overlap [frame 2220]: Fish [1, 2, 3, 4, 5]
  Overlap detected: Fish 1 ↔ Fish 2 [frame 2220] IoU=0.02
  Overlap detected: Fish 2 ↔ Fish 5 [frame 2220] IoU=0.01
  Overlap detected: Fish 3 ↔ Fish 4 [frame 2220] IoU=0.00
  Frame 2220/3600 | second 37
  Frozen during overlap [frame 2221]: Fish [1, 2, 3, 4, 5]
  Overlap detected: Fish 1 ↔ Fish 2 [frame 2221] IoU=0.02
  Overlap detected: Fish 2 ↔ Fish 5 [frame 2221] IoU=0.01
  Overlap detected: Fish 3 ↔ Fish 4 [frame 2221] IoU=0.00
  Frozen during overlap [frame 2222]: Fish [1, 2, 3, 4, 5]
  Overlap detected: Fish 1 ↔ Fish 2 [frame 2222] IoU=0.02
  Overlap detected: Fish 2 ↔ Fish 5 [frame 2222] IoU=0.01
  Overlap detected: Fish 3 ↔ Fish 4 [frame 2222] IoU=0.00
  Frozen during overlap [frame 2223]: Fish [1, 2, 3, 4, 5]
  Overlap detected: Fish 1 ↔ Fish 2 [frame 2223] IoU=0.02
  Overlap detected: Fish 2 ↔ Fish 5 [frame 2223] IoU=0.01
  Overlap detected: Fish 3 ↔ Fish 4 [frame 2223] IoU=0.00
  Frozen during overlap [frame 2224]: Fish [1, 2, 3, 4, 5]
  Overlap detected: Fish 1 ↔ Fish 2 [frame 2224] IoU=0.02
  Overlap detected: Fish 2 ↔ Fish 5 [frame 2224] IoU=0.01
  Overlap detected: Fish 3 ↔ Fish 4 [frame 2224] IoU=0.00
  Frozen during overlap [frame 2225]: Fish [1, 2, 3, 4, 5]
  Overlap detected: Fish 1 ↔ Fish 2 [frame 2225] IoU=0.02
  Overlap detected: Fish 2 ↔ Fish 5 [frame 2225] IoU=0.01
  Overlap detected: Fish 3 ↔ Fish 4 [frame 2225] IoU=0.00
  Frozen during overlap [frame 2226]: Fish [1, 2, 3, 4, 5]
  Overlap detected: Fish 1 ↔ Fish 2 [frame 2226] IoU=0.02
  Overlap detected: Fish 2 ↔ Fish 5 [frame 2226] IoU=0.01
  Overlap detected: Fish 3 ↔ Fish 4 [frame 2226] IoU=0.00
  Frozen during overlap [frame 2227]: Fish [1, 2, 3, 4, 5]
  Overlap detected: Fish 1 ↔ Fish 2 [frame 2227] IoU=0.02
  Overlap detected: Fish 2 ↔ Fish 5 [frame 2227] IoU=0.01
  Overlap detected: Fish 3 ↔ Fish 4 [frame 2227] IoU=0.00
  Frozen during overlap [frame 2228]: Fish [1, 2, 3, 4, 5]
  Overlap detected: Fish 1 ↔ Fish 2 [frame 2228] IoU=0.02
  Overlap detected: Fish 2 ↔ Fish 5 [frame 2228] IoU=0.01
  Overlap detected: Fish 3 ↔ Fish 4 [frame 2228] IoU=0.00
  Frozen during overlap [frame 2229]: Fish [1, 2, 3, 4, 5]
  Overlap detected: Fish 1 ↔ Fish 2 [frame 2229] IoU=0.02
  Overlap detected: Fish 2 ↔ Fish 5 [frame 2229] IoU=0.01
  Overlap detected: Fish 3 ↔ Fish 4 [frame 2229] IoU=0.00
  Frozen during overlap [frame 2230]: Fish [1, 2, 3, 4, 5]
  Overlap detected: Fish 1 ↔ Fish 2 [frame 2230] IoU=0.02
  Overlap detected: Fish 2 ↔ Fish 5 [frame 2230] IoU=0.01
  Overlap detected: Fish 3 ↔ Fish 4 [frame 2230] IoU=0.00
  Frozen during overlap [frame 2231]: Fish [1, 2, 3, 4, 5]
  Overlap detected: Fish 1 ↔ Fish 2 [frame 2231] IoU=0.02
  Overlap detected: Fish 2 ↔ Fish 5 [frame 2231] IoU=0.01
  Overlap detected: Fish 3 ↔ Fish 4 [frame 2231] IoU=0.00
  Frozen during overlap [frame 2232]: Fish [1, 2, 3, 4, 5]
  Overlap detected: Fish 1 ↔ Fish 2 [frame 2232] IoU=0.02
  Overlap detected: Fish 2 ↔ Fish 5 [frame 2232] IoU=0.01
  Overlap detected: Fish 3 ↔ Fish 4 [frame 2232] IoU=0.00
  Frozen during overlap [frame 2233]: Fish [1, 2, 3, 4, 5]
  Overlap detected: Fish 1 ↔ Fish 2 [frame 2233] IoU=0.02
  Overlap detected: Fish 2 ↔ Fish 5 [frame 2233] IoU=0.01
  Overlap detected: Fish 3 ↔ Fish 4 [frame 2233] IoU=0.00
  Frozen during overlap [frame 2234]: Fish [1, 2, 3, 4, 5]
  Overlap detected: Fish 1 ↔ Fish 2 [frame 2234] IoU=0.02
  Overlap detected: Fish 2 ↔ Fish 5 [frame 2234] IoU=0.01
  Overlap detected: Fish 3 ↔ Fish 4 [frame 2234] IoU=0.00
  Frozen during overlap [frame 2235]: Fish [1, 2, 3, 4, 5]
  Overlap detected: Fish 1 ↔ Fish 2 [frame 2235] IoU=0.02
  Overlap detected: Fish 2 ↔ Fish 5 [frame 2235] IoU=0.01
  Overlap detected: Fish 3 ↔ Fish 4 [frame 2235] IoU=0.00
  Frozen during overlap [frame 2236]: Fish [1, 2, 3, 4, 5]
  Overlap detected: Fish 1 ↔ Fish 2 [frame 2236] IoU=0.02
  Overlap detected: Fish 2 ↔ Fish 5 [frame 2236] IoU=0.01
  Overlap detected: Fish 3 ↔ Fish 4 [frame 2236] IoU=0.00
  Frozen during overlap [frame 2237]: Fish [1, 2, 3, 4, 5]
  Overlap detected: Fish 1 ↔ Fish 2 [frame 2237] IoU=0.02
  Overlap detected: Fish 2 ↔ Fish 5 [frame 2237] IoU=0.01
  Overlap detected: Fish 3 ↔ Fish 4 [frame 2237] IoU=0.00
  Frozen during overlap [frame 2238]: Fish [1, 2, 3, 4, 5]
  Overlap detected: Fish 1 ↔ Fish 2 [frame 2238] IoU=0.02
  Overlap detected: Fish 2 ↔ Fish 5 [frame 2238] IoU=0.01
  Overlap detected: Fish 3 ↔ Fish 4 [frame 2238] IoU=0.00
  Frozen during overlap [frame 2239]: Fish [1, 2, 3, 4, 5]
  Overlap detected: Fish 1 ↔ Fish 2 [frame 2239] IoU=0.02
  Overlap detected: Fish 2 ↔ Fish 5 [frame 2239] IoU=0.01
  Overlap detected: Fish 3 ↔ Fish 4 [frame 2239] IoU=0.00
  Frozen during overlap [frame 2240]: Fish [1, 2, 3, 4, 5]
  Overlap detected: Fish 1 ↔ Fish 2 [frame 2240] IoU=0.02
  Overlap detected: Fish 2 ↔ Fish 5 [frame 2240] IoU=0.01
  Overlap detected: Fish 3 ↔ Fish 4 [frame 2240] IoU=0.00
  Frozen during overlap [frame 2241]: Fish [1, 2, 3, 4, 5]
  Overlap detected: Fish 1 ↔ Fish 2 [frame 2241] IoU=0.02
  Overlap detected: Fish 2 ↔ Fish 5 [frame 2241] IoU=0.01
  Overlap detected: Fish 3 ↔ Fish 4 [frame 2241] IoU=0.00
  Frozen during overlap [frame 2242]: Fish [1, 2, 3, 4, 5]
  Overlap detected: Fish 1 ↔ Fish 2 [frame 2242] IoU=0.02
  Overlap detected: Fish 2 ↔ Fish 5 [frame 2242] IoU=0.01
  Overlap detected: Fish 3 ↔ Fish 4 [frame 2242] IoU=0.00
  Frozen during overlap [frame 2243]: Fish [1, 2, 3, 4, 5]
  Overlap detected: Fish 1 ↔ Fish 2 [frame 2243] IoU=0.02
  Overlap detected: Fish 2 ↔ Fish 5 [frame 2243] IoU=0.01
  Overlap detected: Fish 3 ↔ Fish 4 [frame 2243] IoU=0.00
  Frozen during overlap [frame 2244]: Fish [1, 2, 3, 4, 5]
  Overlap detected: Fish 1 ↔ Fish 2 [frame 2244] IoU=0.02
  Overlap detected: Fish 2 ↔ Fish 5 [frame 2244] IoU=0.01
  Overlap detected: Fish 3 ↔ Fish 4 [frame 2244] IoU=0.00
  Frozen during overlap [frame 2245]: Fish [1, 2, 3, 4, 5]
  Overlap detected: Fish 1 ↔ Fish 2 [frame 2245] IoU=0.02
  Overlap detected: Fish 2 ↔ Fish 5 [frame 2245] IoU=0.01
  Overlap detected: Fish 3 ↔ Fish 4 [frame 2245] IoU=0.00
  Frozen during overlap [frame 2246]: Fish [1, 2, 3, 4, 5]
  Overlap detected: Fish 1 ↔ Fish 2 [frame 2246] IoU=0.02
  Overlap detected: Fish 2 ↔ Fish 5 [frame 2246] IoU=0.01
  Overlap detected: Fish 3 ↔ Fish 4 [frame 2246] IoU=0.00
  Frozen during overlap [frame 2247]: Fish [1, 2, 3, 4, 5]
  Overlap detected: Fish 1 ↔ Fish 2 [frame 2247] IoU=0.02
  Overlap detected: Fish 2 ↔ Fish 5 [frame 2247] IoU=0.01
  Overlap detected: Fish 3 ↔ Fish 4 [frame 2247] IoU=0.00
  Frozen during overlap [frame 2248]: Fish [1, 2, 3, 4, 5]
  Overlap detected: Fish 1 ↔ Fish 2 [frame 2248] IoU=0.02
  Overlap detected: Fish 2 ↔ Fish 5 [frame 2248] IoU=0.01
  Overlap detected: Fish 3 ↔ Fish 4 [frame 2248] IoU=0.00
  Frozen during overlap [frame 2249]: Fish [1, 2, 3, 4, 5]
  Overlap detected: Fish 1 ↔ Fish 2 [frame 2249] IoU=0.02
  Overlap detected: Fish 2 ↔ Fish 5 [frame 2249] IoU=0.01
  Overlap detected: Fish 3 ↔ Fish 4 [frame 2249] IoU=0.00
  Frozen during overlap [frame 2250]: Fish [1, 2, 3, 4, 5]
  Overlap detected: Fish 1 ↔ Fish 2 [frame 2250] IoU=0.02
  Overlap detected: Fish 2 ↔ Fish 5 [frame 2250] IoU=0.01
  Overlap detected: Fish 3 ↔ Fish 4 [frame 2250] IoU=0.00
  Frame 2250/3600 | second 37
  Frozen during overlap [frame 2251]: Fish [1, 2, 3, 4, 5]
  Overlap detected: Fish 1 ↔ Fish 2 [frame 2251] IoU=0.02
  Overlap detected: Fish 2 ↔ Fish 5 [frame 2251] IoU=0.01
  Overlap detected: Fish 3 ↔ Fish 4 [frame 2251] IoU=0.00
  Frozen during overlap [frame 2252]: Fish [1, 2, 3, 4, 5]
  Overlap detected: Fish 1 ↔ Fish 2 [frame 2252] IoU=0.02
  Overlap detected: Fish 2 ↔ Fish 5 [frame 2252] IoU=0.01
  Overlap detected: Fish 3 ↔ Fish 4 [frame 2252] IoU=0.00
  Frozen during overlap [frame 2253]: Fish [1, 2, 3, 4, 5]
  Overlap detected: Fish 1 ↔ Fish 2 [frame 2253] IoU=0.02
  Overlap detected: Fish 2 ↔ Fish 5 [frame 2253] IoU=0.01
  Overlap detected: Fish 3 ↔ Fish 4 [frame 2253] IoU=0.00
  Frozen during overlap [frame 2254]: Fish [1, 2, 3, 4, 5]
  Overlap detected: Fish 1 ↔ Fish 2 [frame 2254] IoU=0.02
  Overlap detected: Fish 2 ↔ Fish 5 [frame 2254] IoU=0.01
  Overlap detected: Fish 3 ↔ Fish 4 [frame 2254] IoU=0.00
  Frozen during overlap [frame 2255]: Fish [1, 2, 3, 4, 5]
  Overlap detected: Fish 1 ↔ Fish 2 [frame 2255] IoU=0.02
  Overlap detected: Fish 2 ↔ Fish 5 [frame 2255] IoU=0.01
  Overlap detected: Fish 3 ↔ Fish 4 [frame 2255] IoU=0.00
  Frozen during overlap [frame 2256]: Fish [1, 2, 3, 4, 5]
  Overlap detected: Fish 1 ↔ Fish 2 [frame 2256] IoU=0.02
  Overlap detected: Fish 2 ↔ Fish 5 [frame 2256] IoU=0.01
  Overlap detected: Fish 3 ↔ Fish 4 [frame 2256] IoU=0.00
  Frozen during overlap [frame 2257]: Fish [1, 2, 3, 4, 5]
  Overlap detected: Fish 1 ↔ Fish 2 [frame 2257] IoU=0.02
  Overlap detected: Fish 2 ↔ Fish 5 [frame 2257] IoU=0.01
  Overlap detected: Fish 3 ↔ Fish 4 [frame 2257] IoU=0.00
  Frozen during overlap [frame 2258]: Fish [1, 2, 3, 4, 5]
  Overlap detected: Fish 1 ↔ Fish 2 [frame 2258] IoU=0.02
  Overlap detected: Fish 2 ↔ Fish 5 [frame 2258] IoU=0.01
  Overlap detected: Fish 3 ↔ Fish 4 [frame 2258] IoU=0.00
  Frozen during overlap [frame 2259]: Fish [1, 2, 3, 4, 5]
  Overlap detected: Fish 1 ↔ Fish 2 [frame 2259] IoU=0.02
  Overlap detected: Fish 2 ↔ Fish 5 [frame 2259] IoU=0.01
  Overlap detected: Fish 3 ↔ Fish 4 [frame 2259] IoU=0.00
  Frozen during overlap [frame 2260]: Fish [1, 2, 3, 4, 5]
  Overlap detected: Fish 1 ↔ Fish 2 [frame 2260] IoU=0.02
  Overlap detected: Fish 2 ↔ Fish 5 [frame 2260] IoU=0.01
  Overlap detected: Fish 3 ↔ Fish 4 [frame 2260] IoU=0.00
  Frozen during overlap [frame 2261]: Fish [1, 2, 3, 4, 5]
  Overlap detected: Fish 1 ↔ Fish 2 [frame 2261] IoU=0.02
  Overlap detected: Fish 2 ↔ Fish 5 [frame 2261] IoU=0.01
  Overlap detected: Fish 3 ↔ Fish 4 [frame 2261] IoU=0.00
  Frozen during overlap [frame 2262]: Fish [1, 2, 3, 4, 5]
  Overlap detected: Fish 1 ↔ Fish 2 [frame 2262] IoU=0.02
  Overlap detected: Fish 2 ↔ Fish 5 [frame 2262] IoU=0.01
  Overlap detected: Fish 3 ↔ Fish 4 [frame 2262] IoU=0.00
  Frozen during overlap [frame 2263]: Fish [1, 2, 3, 4, 5]
  Overlap detected: Fish 1 ↔ Fish 2 [frame 2263] IoU=0.02
  Overlap detected: Fish 2 ↔ Fish 5 [frame 2263] IoU=0.01
  Overlap detected: Fish 3 ↔ Fish 4 [frame 2263] IoU=0.00
  Frozen during overlap [frame 2264]: Fish [1, 2, 3, 4, 5]
  Overlap detected: Fish 1 ↔ Fish 2 [frame 2264] IoU=0.02
  Overlap detected: Fish 2 ↔ Fish 5 [frame 2264] IoU=0.01
  Overlap detected: Fish 3 ↔ Fish 4 [frame 2264] IoU=0.00
  Frozen during overlap [frame 2265]: Fish [1, 2, 3, 4, 5]
  Overlap detected: Fish 1 ↔ Fish 2 [frame 2265] IoU=0.02
  Overlap detected: Fish 2 ↔ Fish 5 [frame 2265] IoU=0.01
  Overlap detected: Fish 3 ↔ Fish 4 [frame 2265] IoU=0.00
  Frozen during overlap [frame 2266]: Fish [1, 2, 3, 4, 5]
  Overlap detected: Fish 1 ↔ Fish 2 [frame 2266] IoU=0.02
  Overlap detected: Fish 2 ↔ Fish 5 [frame 2266] IoU=0.01
  Overlap detected: Fish 3 ↔ Fish 4 [frame 2266] IoU=0.00
  Frozen during overlap [frame 2267]: Fish [1, 2, 3, 4, 5]
  Overlap detected: Fish 1 ↔ Fish 2 [frame 2267] IoU=0.02
  Overlap detected: Fish 2 ↔ Fish 5 [frame 2267] IoU=0.01
  Overlap detected: Fish 3 ↔ Fish 4 [frame 2267] IoU=0.00
  Frozen during overlap [frame 2268]: Fish [1, 2, 3, 4, 5]
  Overlap detected: Fish 1 ↔ Fish 2 [frame 2268] IoU=0.02
  Overlap detected: Fish 2 ↔ Fish 5 [frame 2268] IoU=0.01
  Overlap detected: Fish 3 ↔ Fish 4 [frame 2268] IoU=0.00
  Frozen during overlap [frame 2269]: Fish [1, 2, 3, 4, 5]
  Overlap detected: Fish 1 ↔ Fish 2 [frame 2269] IoU=0.02
  Overlap detected: Fish 2 ↔ Fish 5 [frame 2269] IoU=0.01
  Overlap detected: Fish 3 ↔ Fish 4 [frame 2269] IoU=0.00
  Frozen during overlap [frame 2270]: Fish [1, 2, 3, 4, 5]
  Overlap detected: Fish 1 ↔ Fish 2 [frame 2270] IoU=0.02
  Overlap detected: Fish 2 ↔ Fish 5 [frame 2270] IoU=0.01
  Overlap detected: Fish 3 ↔ Fish 4 [frame 2270] IoU=0.00
  Frozen during overlap [frame 2271]: Fish [1, 2, 3, 4, 5]
  Overlap detected: Fish 1 ↔ Fish 2 [frame 2271] IoU=0.02
  Overlap detected: Fish 2 ↔ Fish 5 [frame 2271] IoU=0.01
  Overlap detected: Fish 3 ↔ Fish 4 [frame 2271] IoU=0.00
  Frozen during overlap [frame 2272]: Fish [1, 2, 3, 4, 5]
  Overlap detected: Fish 1 ↔ Fish 2 [frame 2272] IoU=0.02
  Overlap detected: Fish 2 ↔ Fish 5 [frame 2272] IoU=0.01
  Overlap detected: Fish 3 ↔ Fish 4 [frame 2272] IoU=0.00
  Frozen during overlap [frame 2273]: Fish [1, 2, 3, 4, 5]
  Overlap detected: Fish 1 ↔ Fish 2 [frame 2273] IoU=0.02
  Overlap detected: Fish 2 ↔ Fish 5 [frame 2273] IoU=0.01
  Overlap detected: Fish 3 ↔ Fish 4 [frame 2273] IoU=0.00
  Frozen during overlap [frame 2274]: Fish [1, 2, 3, 4, 5]
  Overlap detected: Fish 1 ↔ Fish 2 [frame 2274] IoU=0.02
  Overlap detected: Fish 2 ↔ Fish 5 [frame 2274] IoU=0.01
  Overlap detected: Fish 3 ↔ Fish 4 [frame 2274] IoU=0.00
  Frozen during overlap [frame 2275]: Fish [1, 2, 3, 4, 5]
  Overlap detected: Fish 1 ↔ Fish 2 [frame 2275] IoU=0.02
  Overlap detected: Fish 2 ↔ Fish 5 [frame 2275] IoU=0.01
  Overlap detected: Fish 3 ↔ Fish 4 [frame 2275] IoU=0.00
  Frozen during overlap [frame 2276]: Fish [1, 2, 3, 4, 5]
  Overlap detected: Fish 1 ↔ Fish 2 [frame 2276] IoU=0.02
  Overlap detected: Fish 2 ↔ Fish 5 [frame 2276] IoU=0.01
  Overlap detected: Fish 3 ↔ Fish 4 [frame 2276] IoU=0.00
  Frozen during overlap [frame 2277]: Fish [1, 2, 3, 4, 5]
  Overlap detected: Fish 1 ↔ Fish 2 [frame 2277] IoU=0.02
  Overlap detected: Fish 2 ↔ Fish 5 [frame 2277] IoU=0.01
  Overlap detected: Fish 3 ↔ Fish 4 [frame 2277] IoU=0.00
  Frozen during overlap [frame 2278]: Fish [1, 2, 3, 4, 5]
  Overlap detected: Fish 1 ↔ Fish 2 [frame 2278] IoU=0.02
  Overlap detected: Fish 2 ↔ Fish 5 [frame 2278] IoU=0.01
  Overlap detected: Fish 3 ↔ Fish 4 [frame 2278] IoU=0.00
  Frozen during overlap [frame 2279]: Fish [1, 2, 3, 4, 5]
  Overlap detected: Fish 1 ↔ Fish 2 [frame 2279] IoU=0.02
  Overlap detected: Fish 2 ↔ Fish 5 [frame 2279] IoU=0.01
  Overlap detected: Fish 3 ↔ Fish 4 [frame 2279] IoU=0.00
  Frozen during overlap [frame 2280]: Fish [1, 2, 3, 4, 5]
  Overlap detected: Fish 1 ↔ Fish 2 [frame 2280] IoU=0.02
  Overlap detected: Fish 2 ↔ Fish 5 [frame 2280] IoU=0.01
  Overlap detected: Fish 3 ↔ Fish 4 [frame 2280] IoU=0.00
  Frame 2280/3600 | second 38
  Frozen during overlap [frame 2281]: Fish [1, 2, 3, 4, 5]
  Overlap detected: Fish 1 ↔ Fish 2 [frame 2281] IoU=0.02
  Overlap detected: Fish 2 ↔ Fish 5 [frame 2281] IoU=0.01
  Overlap detected: Fish 3 ↔ Fish 4 [frame 2281] IoU=0.00
  Frozen during overlap [frame 2282]: Fish [1, 2, 3, 4, 5]
  Overlap detected: Fish 1 ↔ Fish 2 [frame 2282] IoU=0.02
  Overlap detected: Fish 2 ↔ Fish 5 [frame 2282] IoU=0.01
  Overlap detected: Fish 3 ↔ Fish 4 [frame 2282] IoU=0.00
  Frozen during overlap [frame 2283]: Fish [1, 2, 3, 4, 5]
  Overlap detected: Fish 1 ↔ Fish 2 [frame 2283] IoU=0.02
  Overlap detected: Fish 2 ↔ Fish 5 [frame 2283] IoU=0.01
  Overlap detected: Fish 3 ↔ Fish 4 [frame 2283] IoU=0.00
  Frozen during overlap [frame 2284]: Fish [1, 2, 3, 4, 5]
  Overlap detected: Fish 1 ↔ Fish 2 [frame 2284] IoU=0.02
  Overlap detected: Fish 2 ↔ Fish 5 [frame 2284] IoU=0.01
  Overlap detected: Fish 3 ↔ Fish 4 [frame 2284] IoU=0.00
  Frozen during overlap [frame 2285]: Fish [1, 2, 3, 4, 5]
  Overlap detected: Fish 1 ↔ Fish 2 [frame 2285] IoU=0.02
  Overlap detected: Fish 2 ↔ Fish 5 [frame 2285] IoU=0.01
  Overlap detected: Fish 3 ↔ Fish 4 [frame 2285] IoU=0.00
  Frozen during overlap [frame 2286]: Fish [1, 2, 3, 4, 5]
  Overlap detected: Fish 1 ↔ Fish 2 [frame 2286] IoU=0.02
  Overlap detected: Fish 2 ↔ Fish 5 [frame 2286] IoU=0.01
  Overlap detected: Fish 3 ↔ Fish 4 [frame 2286] IoU=0.00
  Frozen during overlap [frame 2287]: Fish [1, 2, 3, 4, 5]
  Overlap detected: Fish 1 ↔ Fish 2 [frame 2287] IoU=0.02
  Overlap detected: Fish 2 ↔ Fish 5 [frame 2287] IoU=0.01
  Overlap detected: Fish 3 ↔ Fish 4 [frame 2287] IoU=0.00
  Frozen during overlap [frame 2288]: Fish [1, 2, 3, 4, 5]
  Overlap detected: Fish 1 ↔ Fish 2 [frame 2288] IoU=0.02
  Overlap detected: Fish 2 ↔ Fish 5 [frame 2288] IoU=0.01
  Overlap detected: Fish 3 ↔ Fish 4 [frame 2288] IoU=0.00
  Frozen during overlap [frame 2289]: Fish [1, 2, 3, 4, 5]
  Overlap detected: Fish 1 ↔ Fish 2 [frame 2289] IoU=0.02
  Overlap detected: Fish 2 ↔ Fish 5 [frame 2289] IoU=0.01
  Overlap detected: Fish 3 ↔ Fish 4 [frame 2289] IoU=0.00
  Frozen during overlap [frame 2290]: Fish [1, 2, 3, 4, 5]
  Overlap detected: Fish 1 ↔ Fish 2 [frame 2290] IoU=0.02
  Overlap detected: Fish 2 ↔ Fish 5 [frame 2290] IoU=0.01
  Overlap detected: Fish 3 ↔ Fish 4 [frame 2290] IoU=0.00
  Frozen during overlap [frame 2291]: Fish [1, 2, 3, 4, 5]
  Overlap detected: Fish 1 ↔ Fish 2 [frame 2291] IoU=0.02
  Overlap detected: Fish 2 ↔ Fish 5 [frame 2291] IoU=0.01
  Overlap detected: Fish 3 ↔ Fish 4 [frame 2291] IoU=0.00
  Frozen during overlap [frame 2292]: Fish [1, 2, 3, 4, 5]
  Overlap detected: Fish 1 ↔ Fish 2 [frame 2292] IoU=0.02
  Overlap detected: Fish 2 ↔ Fish 5 [frame 2292] IoU=0.01
  Overlap detected: Fish 3 ↔ Fish 4 [frame 2292] IoU=0.00
  Frozen during overlap [frame 2293]: Fish [1, 2, 3, 4, 5]
  Overlap detected: Fish 1 ↔ Fish 2 [frame 2293] IoU=0.02
  Overlap detected: Fish 2 ↔ Fish 5 [frame 2293] IoU=0.01
  Overlap detected: Fish 3 ↔ Fish 4 [frame 2293] IoU=0.00
  Frozen during overlap [frame 2294]: Fish [1, 2, 3, 4, 5]
  Overlap detected: Fish 1 ↔ Fish 2 [frame 2294] IoU=0.02
  Overlap detected: Fish 2 ↔ Fish 5 [frame 2294] IoU=0.01
  Overlap detected: Fish 3 ↔ Fish 4 [frame 2294] IoU=0.00
  Frozen during overlap [frame 2295]: Fish [1, 2, 3, 4, 5]
  Overlap detected: Fish 1 ↔ Fish 2 [frame 2295] IoU=0.02
  Overlap detected: Fish 2 ↔ Fish 5 [frame 2295] IoU=0.01
  Overlap detected: Fish 3 ↔ Fish 4 [frame 2295] IoU=0.00
  Frozen during overlap [frame 2296]: Fish [1, 2, 3, 4, 5]
  Overlap detected: Fish 1 ↔ Fish 2 [frame 2296] IoU=0.02
  Overlap detected: Fish 2 ↔ Fish 5 [frame 2296] IoU=0.01
  Overlap detected: Fish 3 ↔ Fish 4 [frame 2296] IoU=0.00
  Frozen during overlap [frame 2297]: Fish [1, 2, 3, 4, 5]
  Overlap detected: Fish 1 ↔ Fish 2 [frame 2297] IoU=0.02
  Overlap detected: Fish 2 ↔ Fish 5 [frame 2297] IoU=0.01
  Overlap detected: Fish 3 ↔ Fish 4 [frame 2297] IoU=0.00
  Frozen during overlap [frame 2298]: Fish [1, 2, 3, 4, 5]
  Overlap detected: Fish 1 ↔ Fish 2 [frame 2298] IoU=0.02
  Overlap detected: Fish 2 ↔ Fish 5 [frame 2298] IoU=0.01
  Overlap detected: Fish 3 ↔ Fish 4 [frame 2298] IoU=0.00
  Frozen during overlap [frame 2299]: Fish [1, 2, 3, 4, 5]
  Overlap detected: Fish 1 ↔ Fish 2 [frame 2299] IoU=0.02
  Overlap detected: Fish 2 ↔ Fish 5 [frame 2299] IoU=0.01
  Overlap detected: Fish 3 ↔ Fish 4 [frame 2299] IoU=0.00
  Frozen during overlap [frame 2300]: Fish [1, 2, 3, 4, 5]
  Overlap detected: Fish 1 ↔ Fish 2 [frame 2300] IoU=0.02
  Overlap detected: Fish 2 ↔ Fish 5 [frame 2300] IoU=0.01
  Overlap detected: Fish 3 ↔ Fish 4 [frame 2300] IoU=0.00
  Frozen during overlap [frame 2301]: Fish [1, 2, 3, 4, 5]
  Overlap detected: Fish 1 ↔ Fish 2 [frame 2301] IoU=0.02
  Overlap detected: Fish 2 ↔ Fish 5 [frame 2301] IoU=0.01
  Overlap detected: Fish 3 ↔ Fish 4 [frame 2301] IoU=0.00
  Frozen during overlap [frame 2302]: Fish [1, 2, 3, 4, 5]
  Overlap detected: Fish 1 ↔ Fish 2 [frame 2302] IoU=0.02
  Overlap detected: Fish 2 ↔ Fish 5 [frame 2302] IoU=0.01
  Overlap detected: Fish 3 ↔ Fish 4 [frame 2302] IoU=0.00
  Frozen during overlap [frame 2303]: Fish [1, 2, 3, 4, 5]
  Overlap detected: Fish 1 ↔ Fish 2 [frame 2303] IoU=0.02
  Overlap detected: Fish 2 ↔ Fish 5 [frame 2303] IoU=0.01
  Overlap detected: Fish 3 ↔ Fish 4 [frame 2303] IoU=0.00
  Frozen during overlap [frame 2304]: Fish [1, 2, 3, 4, 5]
  Overlap detected: Fish 1 ↔ Fish 2 [frame 2304] IoU=0.02
  Overlap detected: Fish 2 ↔ Fish 5 [frame 2304] IoU=0.01
  Overlap detected: Fish 3 ↔ Fish 4 [frame 2304] IoU=0.00
  Frozen during overlap [frame 2305]: Fish [1, 2, 3, 4, 5]
  Overlap detected: Fish 1 ↔ Fish 2 [frame 2305] IoU=0.02
  Overlap detected: Fish 2 ↔ Fish 5 [frame 2305] IoU=0.01
  Overlap detected: Fish 3 ↔ Fish 4 [frame 2305] IoU=0.00
  Frozen during overlap [frame 2306]: Fish [1, 2, 3, 4, 5]
  Overlap detected: Fish 1 ↔ Fish 2 [frame 2306] IoU=0.02
  Overlap detected: Fish 2 ↔ Fish 5 [frame 2306] IoU=0.01
  Overlap detected: Fish 3 ↔ Fish 4 [frame 2306] IoU=0.00
  Frozen during overlap [frame 2307]: Fish [1, 2, 3, 4, 5]
  Overlap detected: Fish 1 ↔ Fish 2 [frame 2307] IoU=0.02
  Overlap detected: Fish 2 ↔ Fish 5 [frame 2307] IoU=0.01
  Overlap detected: Fish 3 ↔ Fish 4 [frame 2307] IoU=0.00
  Frozen during overlap [frame 2308]: Fish [1, 2, 3, 4, 5]
  Overlap detected: Fish 1 ↔ Fish 2 [frame 2308] IoU=0.02
  Overlap detected: Fish 2 ↔ Fish 5 [frame 2308] IoU=0.01
  Overlap detected: Fish 3 ↔ Fish 4 [frame 2308] IoU=0.00
  Frozen during overlap [frame 2309]: Fish [1, 2, 3, 4, 5]
  Overlap detected: Fish 1 ↔ Fish 2 [frame 2309] IoU=0.02
  Overlap detected: Fish 2 ↔ Fish 5 [frame 2309] IoU=0.01
  Overlap detected: Fish 3 ↔ Fish 4 [frame 2309] IoU=0.00
  Frozen during overlap [frame 2310]: Fish [1, 2, 3, 4, 5]
  Overlap detected: Fish 1 ↔ Fish 2 [frame 2310] IoU=0.02
  Overlap detected: Fish 2 ↔ Fish 5 [frame 2310] IoU=0.01
  Overlap detected: Fish 3 ↔ Fish 4 [frame 2310] IoU=0.00
  Frame 2310/3600 | second 38
  Frozen during overlap [frame 2311]: Fish [1, 2, 3, 4, 5]
  Overlap detected: Fish 1 ↔ Fish 2 [frame 2311] IoU=0.02
  Overlap detected: Fish 2 ↔ Fish 5 [frame 2311] IoU=0.01
  Overlap detected: Fish 3 ↔ Fish 4 [frame 2311] IoU=0.00
  Frozen during overlap [frame 2312]: Fish [1, 2, 3, 4, 5]
  Overlap detected: Fish 1 ↔ Fish 2 [frame 2312] IoU=0.02
  Overlap detected: Fish 2 ↔ Fish 5 [frame 2312] IoU=0.01
  Overlap detected: Fish 3 ↔ Fish 4 [frame 2312] IoU=0.00
  Frozen during overlap [frame 2313]: Fish [1, 2, 3, 4, 5]
  Overlap detected: Fish 1 ↔ Fish 2 [frame 2313] IoU=0.02
  Overlap detected: Fish 2 ↔ Fish 5 [frame 2313] IoU=0.01
  Overlap detected: Fish 3 ↔ Fish 4 [frame 2313] IoU=0.00
  Frozen during overlap [frame 2314]: Fish [1, 2, 3, 4, 5]
  Overlap detected: Fish 1 ↔ Fish 2 [frame 2314] IoU=0.02
  Overlap detected: Fish 2 ↔ Fish 5 [frame 2314] IoU=0.01
  Overlap detected: Fish 3 ↔ Fish 4 [frame 2314] IoU=0.00
  Frozen during overlap [frame 2315]: Fish [1, 2, 3, 4, 5]
  Overlap detected: Fish 1 ↔ Fish 2 [frame 2315] IoU=0.02
  Overlap detected: Fish 2 ↔ Fish 5 [frame 2315] IoU=0.01
  Overlap detected: Fish 3 ↔ Fish 4 [frame 2315] IoU=0.00
  Frozen during overlap [frame 2316]: Fish [1, 2, 3, 4, 5]
  Overlap detected: Fish 1 ↔ Fish 2 [frame 2316] IoU=0.02
  Overlap detected: Fish 2 ↔ Fish 5 [frame 2316] IoU=0.01
  Overlap detected: Fish 3 ↔ Fish 4 [frame 2316] IoU=0.00
  Frozen during overlap [frame 2317]: Fish [1, 2, 3, 4, 5]
  Overlap detected: Fish 1 ↔ Fish 2 [frame 2317] IoU=0.02
  Overlap detected: Fish 2 ↔ Fish 5 [frame 2317] IoU=0.01
  Overlap detected: Fish 3 ↔ Fish 4 [frame 2317] IoU=0.00
  Frozen during overlap [frame 2318]: Fish [1, 2, 3, 4, 5]
  Overlap detected: Fish 1 ↔ Fish 2 [frame 2318] IoU=0.02
  Overlap detected: Fish 2 ↔ Fish 5 [frame 2318] IoU=0.01
  Overlap detected: Fish 3 ↔ Fish 4 [frame 2318] IoU=0.00
  Frozen during overlap [frame 2319]: Fish [1, 2, 3, 4, 5]
  Overlap detected: Fish 1 ↔ Fish 2 [frame 2319] IoU=0.02
  Overlap detected: Fish 2 ↔ Fish 5 [frame 2319] IoU=0.01
  Overlap detected: Fish 3 ↔ Fish 4 [frame 2319] IoU=0.00
  Frozen during overlap [frame 2320]: Fish [1, 2, 3, 4, 5]
  Overlap detected: Fish 1 ↔ Fish 2 [frame 2320] IoU=0.02
  Overlap detected: Fish 2 ↔ Fish 5 [frame 2320] IoU=0.01
  Overlap detected: Fish 3 ↔ Fish 4 [frame 2320] IoU=0.00
  Frozen during overlap [frame 2321]: Fish [1, 2, 3, 4, 5]
  Overlap detected: Fish 1 ↔ Fish 2 [frame 2321] IoU=0.02
  Overlap detected: Fish 2 ↔ Fish 5 [frame 2321] IoU=0.01
  Overlap detected: Fish 3 ↔ Fish 4 [frame 2321] IoU=0.00
  Frozen during overlap [frame 2322]: Fish [1, 2, 3, 4, 5]
  Overlap detected: Fish 1 ↔ Fish 2 [frame 2322] IoU=0.02
  Overlap detected: Fish 2 ↔ Fish 5 [frame 2322] IoU=0.01
  Overlap detected: Fish 3 ↔ Fish 4 [frame 2322] IoU=0.00
  Frozen during overlap [frame 2323]: Fish [1, 2, 3, 4, 5]
  Overlap detected: Fish 1 ↔ Fish 2 [frame 2323] IoU=0.02
  Overlap detected: Fish 2 ↔ Fish 5 [frame 2323] IoU=0.01
  Overlap detected: Fish 3 ↔ Fish 4 [frame 2323] IoU=0.00
  Frozen during overlap [frame 2324]: Fish [1, 2, 3, 4, 5]
  Overlap detected: Fish 1 ↔ Fish 2 [frame 2324] IoU=0.02
  Overlap detected: Fish 2 ↔ Fish 5 [frame 2324] IoU=0.01
  Overlap detected: Fish 3 ↔ Fish 4 [frame 2324] IoU=0.00
  Frozen during overlap [frame 2325]: Fish [1, 2, 3, 4, 5]
  Overlap detected: Fish 1 ↔ Fish 2 [frame 2325] IoU=0.02
  Overlap detected: Fish 2 ↔ Fish 5 [frame 2325] IoU=0.01
  Overlap detected: Fish 3 ↔ Fish 4 [frame 2325] IoU=0.00
  Frozen during overlap [frame 2326]: Fish [1, 2, 3, 4, 5]
  Overlap detected: Fish 1 ↔ Fish 2 [frame 2326] IoU=0.02
  Overlap detected: Fish 2 ↔ Fish 5 [frame 2326] IoU=0.01
  Overlap detected: Fish 3 ↔ Fish 4 [frame 2326] IoU=0.00
  Frozen during overlap [frame 2327]: Fish [1, 2, 3, 4, 5]
  Overlap detected: Fish 1 ↔ Fish 2 [frame 2327] IoU=0.02
  Overlap detected: Fish 2 ↔ Fish 5 [frame 2327] IoU=0.01
  Overlap detected: Fish 3 ↔ Fish 4 [frame 2327] IoU=0.00
  Frozen during overlap [frame 2328]: Fish [1, 2, 3, 4, 5]
  Overlap detected: Fish 1 ↔ Fish 2 [frame 2328] IoU=0.02
  Overlap detected: Fish 2 ↔ Fish 5 [frame 2328] IoU=0.01
  Overlap detected: Fish 3 ↔ Fish 4 [frame 2328] IoU=0.00
  Frozen during overlap [frame 2329]: Fish [1, 2, 3, 4, 5]
  Overlap detected: Fish 1 ↔ Fish 2 [frame 2329] IoU=0.02
  Overlap detected: Fish 2 ↔ Fish 5 [frame 2329] IoU=0.01
  Overlap detected: Fish 3 ↔ Fish 4 [frame 2329] IoU=0.00
  Frozen during overlap [frame 2330]: Fish [1, 2, 3, 4, 5]
  Overlap detected: Fish 1 ↔ Fish 2 [frame 2330] IoU=0.02
  Overlap detected: Fish 2 ↔ Fish 5 [frame 2330] IoU=0.01
  Overlap detected: Fish 3 ↔ Fish 4 [frame 2330] IoU=0.00
  Frozen during overlap [frame 2331]: Fish [1, 2, 3, 4, 5]
  Overlap detected: Fish 1 ↔ Fish 2 [frame 2331] IoU=0.02
  Overlap detected: Fish 2 ↔ Fish 5 [frame 2331] IoU=0.01
  Overlap detected: Fish 3 ↔ Fish 4 [frame 2331] IoU=0.00
  Frozen during overlap [frame 2332]: Fish [1, 2, 3, 4, 5]
  Overlap detected: Fish 1 ↔ Fish 2 [frame 2332] IoU=0.02
  Overlap detected: Fish 2 ↔ Fish 5 [frame 2332] IoU=0.01
  Overlap detected: Fish 3 ↔ Fish 4 [frame 2332] IoU=0.00
  Frozen during overlap [frame 2333]: Fish [1, 2, 3, 4, 5]
  Overlap detected: Fish 1 ↔ Fish 2 [frame 2333] IoU=0.02
  Overlap detected: Fish 2 ↔ Fish 5 [frame 2333] IoU=0.01
  Overlap detected: Fish 3 ↔ Fish 4 [frame 2333] IoU=0.00
  Frozen during overlap [frame 2334]: Fish [1, 2, 3, 4, 5]
  Overlap detected: Fish 1 ↔ Fish 2 [frame 2334] IoU=0.02
  Overlap detected: Fish 2 ↔ Fish 5 [frame 2334] IoU=0.01
  Overlap detected: Fish 3 ↔ Fish 4 [frame 2334] IoU=0.00
  Frozen during overlap [frame 2335]: Fish [1, 2, 3, 4, 5]
  Overlap detected: Fish 1 ↔ Fish 2 [frame 2335] IoU=0.02
  Overlap detected: Fish 2 ↔ Fish 5 [frame 2335] IoU=0.01
  Overlap detected: Fish 3 ↔ Fish 4 [frame 2335] IoU=0.00
  Frozen during overlap [frame 2336]: Fish [1, 2, 3, 4, 5]
  Overlap detected: Fish 1 ↔ Fish 2 [frame 2336] IoU=0.02
  Overlap detected: Fish 2 ↔ Fish 5 [frame 2336] IoU=0.01
  Overlap detected: Fish 3 ↔ Fish 4 [frame 2336] IoU=0.00
  Frozen during overlap [frame 2337]: Fish [1, 2, 3, 4, 5]
  Overlap detected: Fish 1 ↔ Fish 2 [frame 2337] IoU=0.02
  Overlap detected: Fish 2 ↔ Fish 5 [frame 2337] IoU=0.01
  Overlap detected: Fish 3 ↔ Fish 4 [frame 2337] IoU=0.00
  Frozen during overlap [frame 2338]: Fish [1, 2, 3, 4, 5]
  Overlap detected: Fish 1 ↔ Fish 2 [frame 2338] IoU=0.02
  Overlap detected: Fish 2 ↔ Fish 5 [frame 2338] IoU=0.01
  Overlap detected: Fish 3 ↔ Fish 4 [frame 2338] IoU=0.00
  Frozen during overlap [frame 2339]: Fish [1, 2, 3, 4, 5]
  Overlap detected: Fish 1 ↔ Fish 2 [frame 2339] IoU=0.02
  Overlap detected: Fish 2 ↔ Fish 5 [frame 2339] IoU=0.01
  Overlap detected: Fish 3 ↔ Fish 4 [frame 2339] IoU=0.00
  Frozen during overlap [frame 2340]: Fish [1, 2, 3, 4, 5]
  Overlap detected: Fish 1 ↔ Fish 2 [frame 2340] IoU=0.02
  Overlap detected: Fish 2 ↔ Fish 5 [frame 2340] IoU=0.01
  Overlap detected: Fish 3 ↔ Fish 4 [frame 2340] IoU=0.00
  Frame 2340/3600 | second 39
  Frozen during overlap [frame 2341]: Fish [1, 2, 3, 4, 5]
  Overlap detected: Fish 1 ↔ Fish 2 [frame 2341] IoU=0.02
  Overlap detected: Fish 2 ↔ Fish 5 [frame 2341] IoU=0.01
  Overlap detected: Fish 3 ↔ Fish 4 [frame 2341] IoU=0.00
  Frozen during overlap [frame 2342]: Fish [1, 2, 3, 4, 5]
  Overlap detected: Fish 1 ↔ Fish 2 [frame 2342] IoU=0.02
  Overlap detected: Fish 2 ↔ Fish 5 [frame 2342] IoU=0.01
  Overlap detected: Fish 3 ↔ Fish 4 [frame 2342] IoU=0.00
  Frozen during overlap [frame 2343]: Fish [1, 2, 3, 4, 5]
  Overlap detected: Fish 1 ↔ Fish 2 [frame 2343] IoU=0.02
  Overlap detected: Fish 2 ↔ Fish 5 [frame 2343] IoU=0.01
  Overlap detected: Fish 3 ↔ Fish 4 [frame 2343] IoU=0.00
  Frozen during overlap [frame 2344]: Fish [1, 2, 3, 4, 5]
  Overlap detected: Fish 1 ↔ Fish 2 [frame 2344] IoU=0.02
  Overlap detected: Fish 2 ↔ Fish 5 [frame 2344] IoU=0.01
  Overlap detected: Fish 3 ↔ Fish 4 [frame 2344] IoU=0.00
  Frozen during overlap [frame 2345]: Fish [1, 2, 3, 4, 5]
  Overlap detected: Fish 1 ↔ Fish 2 [frame 2345] IoU=0.02
  Overlap detected: Fish 2 ↔ Fish 5 [frame 2345] IoU=0.01
  Overlap detected: Fish 3 ↔ Fish 4 [frame 2345] IoU=0.00
  Frozen during overlap [frame 2346]: Fish [1, 2, 3, 4, 5]
  Overlap detected: Fish 1 ↔ Fish 2 [frame 2346] IoU=0.02
  Overlap detected: Fish 2 ↔ Fish 5 [frame 2346] IoU=0.01
  Overlap detected: Fish 3 ↔ Fish 4 [frame 2346] IoU=0.00
  Frozen during overlap [frame 2347]: Fish [1, 2, 3, 4, 5]
  Overlap detected: Fish 1 ↔ Fish 2 [frame 2347] IoU=0.02
  Overlap detected: Fish 2 ↔ Fish 5 [frame 2347] IoU=0.01
  Overlap detected: Fish 3 ↔ Fish 4 [frame 2347] IoU=0.00
  Frozen during overlap [frame 2348]: Fish [1, 2, 3, 4, 5]
  Overlap detected: Fish 1 ↔ Fish 2 [frame 2348] IoU=0.02
  Overlap detected: Fish 2 ↔ Fish 5 [frame 2348] IoU=0.01
  Overlap detected: Fish 3 ↔ Fish 4 [frame 2348] IoU=0.00
  Frozen during overlap [frame 2349]: Fish [1, 2, 3, 4, 5]
  Overlap detected: Fish 1 ↔ Fish 2 [frame 2349] IoU=0.02
  Overlap detected: Fish 2 ↔ Fish 5 [frame 2349] IoU=0.01
  Overlap detected: Fish 3 ↔ Fish 4 [frame 2349] IoU=0.00
  Frozen during overlap [frame 2350]: Fish [1, 2, 3, 4, 5]
  Overlap detected: Fish 1 ↔ Fish 2 [frame 2350] IoU=0.02
  Overlap detected: Fish 2 ↔ Fish 5 [frame 2350] IoU=0.01
  Overlap detected: Fish 3 ↔ Fish 4 [frame 2350] IoU=0.00
  Frozen during overlap [frame 2351]: Fish [1, 2, 3, 4, 5]
  Overlap detected: Fish 1 ↔ Fish 2 [frame 2351] IoU=0.02
  Overlap detected: Fish 2 ↔ Fish 5 [frame 2351] IoU=0.01
  Overlap detected: Fish 3 ↔ Fish 4 [frame 2351] IoU=0.00
  Frozen during overlap [frame 2352]: Fish [1, 2, 3, 4, 5]
  Overlap detected: Fish 1 ↔ Fish 2 [frame 2352] IoU=0.02
  Overlap detected: Fish 2 ↔ Fish 5 [frame 2352] IoU=0.01
  Overlap detected: Fish 3 ↔ Fish 4 [frame 2352] IoU=0.00
  Frozen during overlap [frame 2353]: Fish [1, 2, 3, 4, 5]
  Overlap detected: Fish 1 ↔ Fish 2 [frame 2353] IoU=0.02
  Overlap detected: Fish 2 ↔ Fish 5 [frame 2353] IoU=0.01
  Overlap detected: Fish 3 ↔ Fish 4 [frame 2353] IoU=0.00
  Frozen during overlap [frame 2354]: Fish [1, 2, 3, 4, 5]
  Overlap detected: Fish 1 ↔ Fish 2 [frame 2354] IoU=0.02
  Overlap detected: Fish 2 ↔ Fish 5 [frame 2354] IoU=0.01
  Overlap detected: Fish 3 ↔ Fish 4 [frame 2354] IoU=0.00
  Frozen during overlap [frame 2355]: Fish [1, 2, 3, 4, 5]
  Overlap detected: Fish 1 ↔ Fish 2 [frame 2355] IoU=0.02
  Overlap detected: Fish 2 ↔ Fish 5 [frame 2355] IoU=0.01
  Overlap detected: Fish 3 ↔ Fish 4 [frame 2355] IoU=0.00
  Frozen during overlap [frame 2356]: Fish [1, 2, 3, 4, 5]
  Overlap detected: Fish 1 ↔ Fish 2 [frame 2356] IoU=0.02
  Overlap detected: Fish 2 ↔ Fish 5 [frame 2356] IoU=0.01
  Overlap detected: Fish 3 ↔ Fish 4 [frame 2356] IoU=0.00
  Frozen during overlap [frame 2357]: Fish [1, 2, 3, 4, 5]
  Overlap detected: Fish 1 ↔ Fish 2 [frame 2357] IoU=0.02
  Overlap detected: Fish 2 ↔ Fish 5 [frame 2357] IoU=0.01
  Overlap detected: Fish 3 ↔ Fish 4 [frame 2357] IoU=0.00
  Frozen during overlap [frame 2358]: Fish [1, 2, 3, 4, 5]
  Overlap detected: Fish 1 ↔ Fish 2 [frame 2358] IoU=0.02
  Overlap detected: Fish 2 ↔ Fish 5 [frame 2358] IoU=0.01
  Overlap detected: Fish 3 ↔ Fish 4 [frame 2358] IoU=0.00
  Frozen during overlap [frame 2359]: Fish [1, 2, 3, 4, 5]
  Overlap detected: Fish 1 ↔ Fish 2 [frame 2359] IoU=0.02
  Overlap detected: Fish 2 ↔ Fish 5 [frame 2359] IoU=0.01
  Overlap detected: Fish 3 ↔ Fish 4 [frame 2359] IoU=0.00
  Frozen during overlap [frame 2360]: Fish [1, 2, 3, 4, 5]
  Overlap detected: Fish 1 ↔ Fish 2 [frame 2360] IoU=0.02
  Overlap detected: Fish 2 ↔ Fish 5 [frame 2360] IoU=0.01
  Overlap detected: Fish 3 ↔ Fish 4 [frame 2360] IoU=0.00
  Frozen during overlap [frame 2361]: Fish [1, 2, 3, 4, 5]
  Overlap detected: Fish 1 ↔ Fish 2 [frame 2361] IoU=0.02
  Overlap detected: Fish 2 ↔ Fish 5 [frame 2361] IoU=0.01
  Overlap detected: Fish 3 ↔ Fish 4 [frame 2361] IoU=0.00
  Frozen during overlap [frame 2362]: Fish [1, 2, 3, 4, 5]
  Overlap detected: Fish 1 ↔ Fish 2 [frame 2362] IoU=0.02
  Overlap detected: Fish 2 ↔ Fish 5 [frame 2362] IoU=0.01
  Overlap detected: Fish 3 ↔ Fish 4 [frame 2362] IoU=0.00
  Frozen during overlap [frame 2363]: Fish [1, 2, 3, 4, 5]
  Overlap detected: Fish 1 ↔ Fish 2 [frame 2363] IoU=0.02
  Overlap detected: Fish 2 ↔ Fish 5 [frame 2363] IoU=0.01
  Overlap detected: Fish 3 ↔ Fish 4 [frame 2363] IoU=0.00
  Frozen during overlap [frame 2364]: Fish [1, 2, 3, 4, 5]
  Overlap detected: Fish 1 ↔ Fish 2 [frame 2364] IoU=0.02
  Overlap detected: Fish 2 ↔ Fish 5 [frame 2364] IoU=0.01
  Overlap detected: Fish 3 ↔ Fish 4 [frame 2364] IoU=0.00
  Frozen during overlap [frame 2365]: Fish [1, 2, 3, 4, 5]
  Overlap detected: Fish 1 ↔ Fish 2 [frame 2365] IoU=0.02
  Overlap detected: Fish 2 ↔ Fish 5 [frame 2365] IoU=0.01
  Overlap detected: Fish 3 ↔ Fish 4 [frame 2365] IoU=0.00
  Frozen during overlap [frame 2366]: Fish [1, 2, 3, 4, 5]
  Overlap detected: Fish 1 ↔ Fish 2 [frame 2366] IoU=0.02
  Overlap detected: Fish 2 ↔ Fish 5 [frame 2366] IoU=0.01
  Overlap detected: Fish 3 ↔ Fish 4 [frame 2366] IoU=0.00
  Frozen during overlap [frame 2367]: Fish [1, 2, 3, 4, 5]
  Overlap detected: Fish 1 ↔ Fish 2 [frame 2367] IoU=0.02
  Overlap detected: Fish 2 ↔ Fish 5 [frame 2367] IoU=0.01
  Overlap detected: Fish 3 ↔ Fish 4 [frame 2367] IoU=0.00
  Frozen during overlap [frame 2368]: Fish [1, 2, 3, 4, 5]
  Overlap detected: Fish 1 ↔ Fish 2 [frame 2368] IoU=0.02
  Overlap detected: Fish 2 ↔ Fish 5 [frame 2368] IoU=0.01
  Overlap detected: Fish 3 ↔ Fish 4 [frame 2368] IoU=0.00
  Frozen during overlap [frame 2369]: Fish [1, 2, 3, 4, 5]
  Overlap detected: Fish 1 ↔ Fish 2 [frame 2369] IoU=0.02
  Overlap detected: Fish 2 ↔ Fish 5 [frame 2369] IoU=0.01
  Overlap detected: Fish 3 ↔ Fish 4 [frame 2369] IoU=0.00
  Frozen during overlap [frame 2370]: Fish [1, 2, 3, 4, 5]
  Overlap detected: Fish 1 ↔ Fish 2 [frame 2370] IoU=0.02
  Overlap detected: Fish 2 ↔ Fish 5 [frame 2370] IoU=0.01
  Overlap detected: Fish 3 ↔ Fish 4 [frame 2370] IoU=0.00
  Frame 2370/3600 | second 39
  Frozen during overlap [frame 2371]: Fish [1, 2, 3, 4, 5]
  Overlap detected: Fish 1 ↔ Fish 2 [frame 2371] IoU=0.02
  Overlap detected: Fish 2 ↔ Fish 5 [frame 2371] IoU=0.01
  Overlap detected: Fish 3 ↔ Fish 4 [frame 2371] IoU=0.00
  Frozen during overlap [frame 2372]: Fish [1, 2, 3, 4, 5]
  Overlap detected: Fish 1 ↔ Fish 2 [frame 2372] IoU=0.02
  Overlap detected: Fish 2 ↔ Fish 5 [frame 2372] IoU=0.01
  Overlap detected: Fish 3 ↔ Fish 4 [frame 2372] IoU=0.00
  Frozen during overlap [frame 2373]: Fish [1, 2, 3, 4, 5]
  Overlap detected: Fish 1 ↔ Fish 2 [frame 2373] IoU=0.02
  Overlap detected: Fish 2 ↔ Fish 5 [frame 2373] IoU=0.01
  Overlap detected: Fish 3 ↔ Fish 4 [frame 2373] IoU=0.00
  Frozen during overlap [frame 2374]: Fish [1, 2, 3, 4, 5]
  Overlap detected: Fish 1 ↔ Fish 2 [frame 2374] IoU=0.02
  Overlap detected: Fish 2 ↔ Fish 5 [frame 2374] IoU=0.01
  Overlap detected: Fish 3 ↔ Fish 4 [frame 2374] IoU=0.00
  Frozen during overlap [frame 2375]: Fish [1, 2, 3, 4, 5]
  Overlap detected: Fish 1 ↔ Fish 2 [frame 2375] IoU=0.02
  Overlap detected: Fish 2 ↔ Fish 5 [frame 2375] IoU=0.01
  Overlap detected: Fish 3 ↔ Fish 4 [frame 2375] IoU=0.00
  Frozen during overlap [frame 2376]: Fish [1, 2, 3, 4, 5]
  Overlap detected: Fish 1 ↔ Fish 2 [frame 2376] IoU=0.02
  Overlap detected: Fish 2 ↔ Fish 5 [frame 2376] IoU=0.01
  Overlap detected: Fish 3 ↔ Fish 4 [frame 2376] IoU=0.00
  Frozen during overlap [frame 2377]: Fish [1, 2, 3, 4, 5]
  Overlap detected: Fish 1 ↔ Fish 2 [frame 2377] IoU=0.02
  Overlap detected: Fish 2 ↔ Fish 5 [frame 2377] IoU=0.01
  Overlap detected: Fish 3 ↔ Fish 4 [frame 2377] IoU=0.00
  Frozen during overlap [frame 2378]: Fish [1, 2, 3, 4, 5]
  Overlap detected: Fish 1 ↔ Fish 2 [frame 2378] IoU=0.02
  Overlap detected: Fish 2 ↔ Fish 5 [frame 2378] IoU=0.01
  Overlap detected: Fish 3 ↔ Fish 4 [frame 2378] IoU=0.00
  Frozen during overlap [frame 2379]: Fish [1, 2, 3, 4, 5]
  Overlap detected: Fish 1 ↔ Fish 2 [frame 2379] IoU=0.02
  Overlap detected: Fish 2 ↔ Fish 5 [frame 2379] IoU=0.01
  Overlap detected: Fish 3 ↔ Fish 4 [frame 2379] IoU=0.00
  Frozen during overlap [frame 2380]: Fish [1, 2, 3, 4, 5]
  Overlap detected: Fish 1 ↔ Fish 2 [frame 2380] IoU=0.02
  Overlap detected: Fish 2 ↔ Fish 5 [frame 2380] IoU=0.01
  Overlap detected: Fish 3 ↔ Fish 4 [frame 2380] IoU=0.00
  Frozen during overlap [frame 2381]: Fish [1, 2, 3, 4, 5]
  Overlap detected: Fish 1 ↔ Fish 2 [frame 2381] IoU=0.02
  Overlap detected: Fish 2 ↔ Fish 5 [frame 2381] IoU=0.01
  Overlap detected: Fish 3 ↔ Fish 4 [frame 2381] IoU=0.00
  Frozen during overlap [frame 2382]: Fish [1, 2, 3, 4, 5]
  Overlap detected: Fish 1 ↔ Fish 2 [frame 2382] IoU=0.02
  Overlap detected: Fish 2 ↔ Fish 5 [frame 2382] IoU=0.01
  Overlap detected: Fish 3 ↔ Fish 4 [frame 2382] IoU=0.00
  Frozen during overlap [frame 2383]: Fish [1, 2, 3, 4, 5]
  Overlap detected: Fish 1 ↔ Fish 2 [frame 2383] IoU=0.02
  Overlap detected: Fish 2 ↔ Fish 5 [frame 2383] IoU=0.01
  Overlap detected: Fish 3 ↔ Fish 4 [frame 2383] IoU=0.00
  Frozen during overlap [frame 2384]: Fish [1, 2, 3, 4, 5]
  Overlap detected: Fish 1 ↔ Fish 2 [frame 2384] IoU=0.02
  Overlap detected: Fish 2 ↔ Fish 5 [frame 2384] IoU=0.01
  Overlap detected: Fish 3 ↔ Fish 4 [frame 2384] IoU=0.00
  Frozen during overlap [frame 2385]: Fish [1, 2, 3, 4, 5]
  Overlap detected: Fish 1 ↔ Fish 2 [frame 2385] IoU=0.02
  Overlap detected: Fish 2 ↔ Fish 5 [frame 2385] IoU=0.01
  Overlap detected: Fish 3 ↔ Fish 4 [frame 2385] IoU=0.00
  Frozen during overlap [frame 2386]: Fish [1, 2, 3, 4, 5]
  Overlap detected: Fish 1 ↔ Fish 2 [frame 2386] IoU=0.02
  Overlap detected: Fish 2 ↔ Fish 5 [frame 2386] IoU=0.01
  Overlap detected: Fish 3 ↔ Fish 4 [frame 2386] IoU=0.00
  Frozen during overlap [frame 2387]: Fish [1, 2, 3, 4, 5]
  Overlap detected: Fish 1 ↔ Fish 2 [frame 2387] IoU=0.02
  Overlap detected: Fish 2 ↔ Fish 5 [frame 2387] IoU=0.01
  Overlap detected: Fish 3 ↔ Fish 4 [frame 2387] IoU=0.00
  Frozen during overlap [frame 2388]: Fish [1, 2, 3, 4, 5]
  Overlap detected: Fish 1 ↔ Fish 2 [frame 2388] IoU=0.02
  Overlap detected: Fish 2 ↔ Fish 5 [frame 2388] IoU=0.01
  Overlap detected: Fish 3 ↔ Fish 4 [frame 2388] IoU=0.00
  Frozen during overlap [frame 2389]: Fish [1, 2, 3, 4, 5]
  Overlap detected: Fish 1 ↔ Fish 2 [frame 2389] IoU=0.02
  Overlap detected: Fish 2 ↔ Fish 5 [frame 2389] IoU=0.01
  Overlap detected: Fish 3 ↔ Fish 4 [frame 2389] IoU=0.00
  Frozen during overlap [frame 2390]: Fish [1, 2, 3, 4, 5]
  Overlap detected: Fish 1 ↔ Fish 2 [frame 2390] IoU=0.02
  Overlap detected: Fish 2 ↔ Fish 5 [frame 2390] IoU=0.01
  Overlap detected: Fish 3 ↔ Fish 4 [frame 2390] IoU=0.00
  Frozen during overlap [frame 2391]: Fish [1, 2, 3, 4, 5]
  Overlap detected: Fish 1 ↔ Fish 2 [frame 2391] IoU=0.02
  Overlap detected: Fish 2 ↔ Fish 5 [frame 2391] IoU=0.01
  Overlap detected: Fish 3 ↔ Fish 4 [frame 2391] IoU=0.00
  Frozen during overlap [frame 2392]: Fish [1, 2, 3, 4, 5]
  Overlap detected: Fish 1 ↔ Fish 2 [frame 2392] IoU=0.02
  Overlap detected: Fish 2 ↔ Fish 5 [frame 2392] IoU=0.01
  Overlap detected: Fish 3 ↔ Fish 4 [frame 2392] IoU=0.00
  Frozen during overlap [frame 2393]: Fish [1, 2, 3, 4, 5]
  Overlap detected: Fish 1 ↔ Fish 2 [frame 2393] IoU=0.02
  Overlap detected: Fish 2 ↔ Fish 5 [frame 2393] IoU=0.01
  Overlap detected: Fish 3 ↔ Fish 4 [frame 2393] IoU=0.00
  Frozen during overlap [frame 2394]: Fish [1, 2, 3, 4, 5]
  Overlap detected: Fish 1 ↔ Fish 2 [frame 2394] IoU=0.02
  Overlap detected: Fish 2 ↔ Fish 5 [frame 2394] IoU=0.01
  Overlap detected: Fish 3 ↔ Fish 4 [frame 2394] IoU=0.00
  Frozen during overlap [frame 2395]: Fish [1, 2, 3, 4, 5]
  Overlap detected: Fish 1 ↔ Fish 2 [frame 2395] IoU=0.02
  Overlap detected: Fish 2 ↔ Fish 5 [frame 2395] IoU=0.01
  Overlap detected: Fish 3 ↔ Fish 4 [frame 2395] IoU=0.00
  Frozen during overlap [frame 2396]: Fish [1, 2, 3, 4, 5]
  Overlap detected: Fish 1 ↔ Fish 2 [frame 2396] IoU=0.02
  Overlap detected: Fish 2 ↔ Fish 5 [frame 2396] IoU=0.01
  Overlap detected: Fish 3 ↔ Fish 4 [frame 2396] IoU=0.00
  Frozen during overlap [frame 2397]: Fish [1, 2, 3, 4, 5]
  Overlap detected: Fish 1 ↔ Fish 2 [frame 2397] IoU=0.02
  Overlap detected: Fish 2 ↔ Fish 5 [frame 2397] IoU=0.01
  Overlap detected: Fish 3 ↔ Fish 4 [frame 2397] IoU=0.00
  Frozen during overlap [frame 2398]: Fish [1, 2, 3, 4, 5]
  Overlap detected: Fish 1 ↔ Fish 2 [frame 2398] IoU=0.02
  Overlap detected: Fish 2 ↔ Fish 5 [frame 2398] IoU=0.01
  Overlap detected: Fish 3 ↔ Fish 4 [frame 2398] IoU=0.00
  Frozen during overlap [frame 2399]: Fish [1, 2, 3, 4, 5]
  Overlap detected: Fish 1 ↔ Fish 2 [frame 2399] IoU=0.02
  Overlap detected: Fish 2 ↔ Fish 5 [frame 2399] IoU=0.01
  Overlap detected: Fish 3 ↔ Fish 4 [frame 2399] IoU=0.00
  Frozen during overlap [frame 2400]: Fish [1, 2, 3, 4, 5]
  Overlap detected: Fish 1 ↔ Fish 2 [frame 2400] IoU=0.02
  Overlap detected: Fish 2 ↔ Fish 5 [frame 2400] IoU=0.01
  Overlap detected: Fish 3 ↔ Fish 4 [frame 2400] IoU=0.00
  Frame 2400/3600 | second 40
  Frozen during overlap [frame 2401]: Fish [1, 2, 3, 4, 5]
  Overlap detected: Fish 1 ↔ Fish 2 [frame 2401] IoU=0.02
  Overlap detected: Fish 2 ↔ Fish 5 [frame 2401] IoU=0.01
  Overlap detected: Fish 3 ↔ Fish 4 [frame 2401] IoU=0.00
  Frozen during overlap [frame 2402]: Fish [1, 2, 3, 4, 5]
  Overlap detected: Fish 1 ↔ Fish 2 [frame 2402] IoU=0.02
  Overlap detected: Fish 2 ↔ Fish 5 [frame 2402] IoU=0.01
  Overlap detected: Fish 3 ↔ Fish 4 [frame 2402] IoU=0.00
  Frozen during overlap [frame 2403]: Fish [1, 2, 3, 4, 5]
  Overlap detected: Fish 1 ↔ Fish 2 [frame 2403] IoU=0.02
  Overlap detected: Fish 2 ↔ Fish 5 [frame 2403] IoU=0.01
  Overlap detected: Fish 3 ↔ Fish 4 [frame 2403] IoU=0.00
  Frozen during overlap [frame 2404]: Fish [1, 2, 3, 4, 5]
  Overlap detected: Fish 1 ↔ Fish 2 [frame 2404] IoU=0.02
  Overlap detected: Fish 2 ↔ Fish 5 [frame 2404] IoU=0.01
  Overlap detected: Fish 3 ↔ Fish 4 [frame 2404] IoU=0.00
  Frozen during overlap [frame 2405]: Fish [1, 2, 3, 4, 5]
  Overlap detected: Fish 1 ↔ Fish 2 [frame 2405] IoU=0.02
  Overlap detected: Fish 2 ↔ Fish 5 [frame 2405] IoU=0.01
  Overlap detected: Fish 3 ↔ Fish 4 [frame 2405] IoU=0.00
  Frozen during overlap [frame 2406]: Fish [1, 2, 3, 4, 5]
  Overlap detected: Fish 1 ↔ Fish 2 [frame 2406] IoU=0.02
  Overlap detected: Fish 2 ↔ Fish 5 [frame 2406] IoU=0.01
  Overlap detected: Fish 3 ↔ Fish 4 [frame 2406] IoU=0.00
  Frozen during overlap [frame 2407]: Fish [1, 2, 3, 4, 5]
  Overlap detected: Fish 1 ↔ Fish 2 [frame 2407] IoU=0.02
  Overlap detected: Fish 2 ↔ Fish 5 [frame 2407] IoU=0.01
  Overlap detected: Fish 3 ↔ Fish 4 [frame 2407] IoU=0.00
  Frozen during overlap [frame 2408]: Fish [1, 2, 3, 4, 5]
  Overlap detected: Fish 1 ↔ Fish 2 [frame 2408] IoU=0.02
  Overlap detected: Fish 2 ↔ Fish 5 [frame 2408] IoU=0.01
  Overlap detected: Fish 3 ↔ Fish 4 [frame 2408] IoU=0.00
  Frozen during overlap [frame 2409]: Fish [1, 2, 3, 4, 5]
  Overlap detected: Fish 1 ↔ Fish 2 [frame 2409] IoU=0.02
  Overlap detected: Fish 2 ↔ Fish 5 [frame 2409] IoU=0.01
  Overlap detected: Fish 3 ↔ Fish 4 [frame 2409] IoU=0.00
  Frozen during overlap [frame 2410]: Fish [1, 2, 3, 4, 5]
  Overlap detected: Fish 1 ↔ Fish 2 [frame 2410] IoU=0.02
  Overlap detected: Fish 2 ↔ Fish 5 [frame 2410] IoU=0.01
  Overlap detected: Fish 3 ↔ Fish 4 [frame 2410] IoU=0.00
  Frozen during overlap [frame 2411]: Fish [1, 2, 3, 4, 5]
  Overlap detected: Fish 1 ↔ Fish 2 [frame 2411] IoU=0.02
  Overlap detected: Fish 2 ↔ Fish 5 [frame 2411] IoU=0.01
  Overlap detected: Fish 3 ↔ Fish 4 [frame 2411] IoU=0.00
  Frozen during overlap [frame 2412]: Fish [1, 2, 3, 4, 5]
  Overlap detected: Fish 1 ↔ Fish 2 [frame 2412] IoU=0.02
  Overlap detected: Fish 2 ↔ Fish 5 [frame 2412] IoU=0.01
  Overlap detected: Fish 3 ↔ Fish 4 [frame 2412] IoU=0.00
  Frozen during overlap [frame 2413]: Fish [1, 2, 3, 4, 5]
  Overlap detected: Fish 1 ↔ Fish 2 [frame 2413] IoU=0.02
  Overlap detected: Fish 2 ↔ Fish 5 [frame 2413] IoU=0.01
  Overlap detected: Fish 3 ↔ Fish 4 [frame 2413] IoU=0.00
  Frozen during overlap [frame 2414]: Fish [1, 2, 3, 4, 5]
  Overlap detected: Fish 1 ↔ Fish 2 [frame 2414] IoU=0.02
  Overlap detected: Fish 2 ↔ Fish 5 [frame 2414] IoU=0.01
  Overlap detected: Fish 3 ↔ Fish 4 [frame 2414] IoU=0.00
  Frozen during overlap [frame 2415]: Fish [1, 2, 3, 4, 5]
  Overlap detected: Fish 1 ↔ Fish 2 [frame 2415] IoU=0.02
  Overlap detected: Fish 2 ↔ Fish 5 [frame 2415] IoU=0.01
  Overlap detected: Fish 3 ↔ Fish 4 [frame 2415] IoU=0.00
  Frozen during overlap [frame 2416]: Fish [1, 2, 3, 4, 5]
  Overlap detected: Fish 1 ↔ Fish 2 [frame 2416] IoU=0.02
  Overlap detected: Fish 2 ↔ Fish 5 [frame 2416] IoU=0.01
  Overlap detected: Fish 3 ↔ Fish 4 [frame 2416] IoU=0.00
  Frozen during overlap [frame 2417]: Fish [1, 2, 3, 4, 5]
  Overlap detected: Fish 1 ↔ Fish 2 [frame 2417] IoU=0.02
  Overlap detected: Fish 2 ↔ Fish 5 [frame 2417] IoU=0.01
  Overlap detected: Fish 3 ↔ Fish 4 [frame 2417] IoU=0.00
  Frozen during overlap [frame 2418]: Fish [1, 2, 3, 4, 5]
  Overlap detected: Fish 1 ↔ Fish 2 [frame 2418] IoU=0.02
  Overlap detected: Fish 2 ↔ Fish 5 [frame 2418] IoU=0.01
  Overlap detected: Fish 3 ↔ Fish 4 [frame 2418] IoU=0.00
  Frozen during overlap [frame 2419]: Fish [1, 2, 3, 4, 5]
  Overlap detected: Fish 1 ↔ Fish 2 [frame 2419] IoU=0.02
  Overlap detected: Fish 2 ↔ Fish 5 [frame 2419] IoU=0.01
  Overlap detected: Fish 3 ↔ Fish 4 [frame 2419] IoU=0.00
  Frozen during overlap [frame 2420]: Fish [1, 2, 3, 4, 5]
  Overlap detected: Fish 1 ↔ Fish 2 [frame 2420] IoU=0.02
  Overlap detected: Fish 2 ↔ Fish 5 [frame 2420] IoU=0.01
  Overlap detected: Fish 3 ↔ Fish 4 [frame 2420] IoU=0.00
  Frozen during overlap [frame 2421]: Fish [1, 2, 3, 4, 5]
  Overlap detected: Fish 1 ↔ Fish 2 [frame 2421] IoU=0.02
  Overlap detected: Fish 2 ↔ Fish 5 [frame 2421] IoU=0.01
  Overlap detected: Fish 3 ↔ Fish 4 [frame 2421] IoU=0.00
  Frozen during overlap [frame 2422]: Fish [1, 2, 3, 4, 5]
  Overlap detected: Fish 1 ↔ Fish 2 [frame 2422] IoU=0.02
  Overlap detected: Fish 2 ↔ Fish 5 [frame 2422] IoU=0.01
  Overlap detected: Fish 3 ↔ Fish 4 [frame 2422] IoU=0.00
  Frozen during overlap [frame 2423]: Fish [1, 2, 3, 4, 5]
  Overlap detected: Fish 1 ↔ Fish 2 [frame 2423] IoU=0.02
  Overlap detected: Fish 2 ↔ Fish 5 [frame 2423] IoU=0.01
  Overlap detected: Fish 3 ↔ Fish 4 [frame 2423] IoU=0.00
  Frozen during overlap [frame 2424]: Fish [1, 2, 3, 4, 5]
  Overlap detected: Fish 1 ↔ Fish 2 [frame 2424] IoU=0.02
  Overlap detected: Fish 2 ↔ Fish 5 [frame 2424] IoU=0.01
  Overlap detected: Fish 3 ↔ Fish 4 [frame 2424] IoU=0.00
  Frozen during overlap [frame 2425]: Fish [1, 2, 3, 4, 5]
  Overlap detected: Fish 1 ↔ Fish 2 [frame 2425] IoU=0.02
  Overlap detected: Fish 2 ↔ Fish 5 [frame 2425] IoU=0.01
  Overlap detected: Fish 3 ↔ Fish 4 [frame 2425] IoU=0.00
  Frozen during overlap [frame 2426]: Fish [1, 2, 3, 4, 5]
  Overlap detected: Fish 1 ↔ Fish 2 [frame 2426] IoU=0.02
  Overlap detected: Fish 2 ↔ Fish 5 [frame 2426] IoU=0.01
  Overlap detected: Fish 3 ↔ Fish 4 [frame 2426] IoU=0.00
  Frozen during overlap [frame 2427]: Fish [1, 2, 3, 4, 5]
  Overlap detected: Fish 1 ↔ Fish 2 [frame 2427] IoU=0.02
  Overlap detected: Fish 2 ↔ Fish 5 [frame 2427] IoU=0.01
  Overlap detected: Fish 3 ↔ Fish 4 [frame 2427] IoU=0.00
  Frozen during overlap [frame 2428]: Fish [1, 2, 3, 4, 5]
  Overlap detected: Fish 1 ↔ Fish 2 [frame 2428] IoU=0.02
  Overlap detected: Fish 2 ↔ Fish 5 [frame 2428] IoU=0.01
  Overlap detected: Fish 3 ↔ Fish 4 [frame 2428] IoU=0.00
  Frozen during overlap [frame 2429]: Fish [1, 2, 3, 4, 5]
  Overlap detected: Fish 1 ↔ Fish 2 [frame 2429] IoU=0.02
  Overlap detected: Fish 2 ↔ Fish 5 [frame 2429] IoU=0.01
  Overlap detected: Fish 3 ↔ Fish 4 [frame 2429] IoU=0.00
  Frozen during overlap [frame 2430]: Fish [1, 2, 3, 4, 5]
  Overlap detected: Fish 1 ↔ Fish 2 [frame 2430] IoU=0.02
  Overlap detected: Fish 2 ↔ Fish 5 [frame 2430] IoU=0.01
  Overlap detected: Fish 3 ↔ Fish 4 [frame 2430] IoU=0.00
  Frame 2430/3600 | second 40
  Frozen during overlap [frame 2431]: Fish [1, 2, 3, 4, 5]
  Overlap detected: Fish 1 ↔ Fish 2 [frame 2431] IoU=0.02
  Overlap detected: Fish 2 ↔ Fish 5 [frame 2431] IoU=0.01
  Overlap detected: Fish 3 ↔ Fish 4 [frame 2431] IoU=0.00
  Frozen during overlap [frame 2432]: Fish [1, 2, 3, 4, 5]
  Overlap detected: Fish 1 ↔ Fish 2 [frame 2432] IoU=0.02
  Overlap detected: Fish 2 ↔ Fish 5 [frame 2432] IoU=0.01
  Overlap detected: Fish 3 ↔ Fish 4 [frame 2432] IoU=0.00
  Frozen during overlap [frame 2433]: Fish [1, 2, 3, 4, 5]
  Overlap detected: Fish 1 ↔ Fish 2 [frame 2433] IoU=0.02
  Overlap detected: Fish 2 ↔ Fish 5 [frame 2433] IoU=0.01
  Overlap detected: Fish 3 ↔ Fish 4 [frame 2433] IoU=0.00
  Frozen during overlap [frame 2434]: Fish [1, 2, 3, 4, 5]
  Overlap detected: Fish 1 ↔ Fish 2 [frame 2434] IoU=0.02
  Overlap detected: Fish 2 ↔ Fish 5 [frame 2434] IoU=0.01
  Overlap detected: Fish 3 ↔ Fish 4 [frame 2434] IoU=0.00
  Frozen during overlap [frame 2435]: Fish [1, 2, 3, 4, 5]
  Overlap detected: Fish 1 ↔ Fish 2 [frame 2435] IoU=0.02
  Overlap detected: Fish 2 ↔ Fish 5 [frame 2435] IoU=0.01
  Overlap detected: Fish 3 ↔ Fish 4 [frame 2435] IoU=0.00
  Frozen during overlap [frame 2436]: Fish [1, 2, 3, 4, 5]
  Overlap detected: Fish 1 ↔ Fish 2 [frame 2436] IoU=0.02
  Overlap detected: Fish 2 ↔ Fish 5 [frame 2436] IoU=0.01
  Overlap detected: Fish 3 ↔ Fish 4 [frame 2436] IoU=0.00
  Frozen during overlap [frame 2437]: Fish [1, 2, 3, 4, 5]
  Overlap detected: Fish 1 ↔ Fish 2 [frame 2437] IoU=0.02
  Overlap detected: Fish 2 ↔ Fish 5 [frame 2437] IoU=0.01
  Overlap detected: Fish 3 ↔ Fish 4 [frame 2437] IoU=0.00
  Frozen during overlap [frame 2438]: Fish [1, 2, 3, 4, 5]
  Overlap detected: Fish 1 ↔ Fish 2 [frame 2438] IoU=0.02
  Overlap detected: Fish 2 ↔ Fish 5 [frame 2438] IoU=0.01
  Overlap detected: Fish 3 ↔ Fish 4 [frame 2438] IoU=0.00
  Frozen during overlap [frame 2439]: Fish [1, 2, 3, 4, 5]
  Overlap detected: Fish 1 ↔ Fish 2 [frame 2439] IoU=0.02
  Overlap detected: Fish 2 ↔ Fish 5 [frame 2439] IoU=0.01
  Overlap detected: Fish 3 ↔ Fish 4 [frame 2439] IoU=0.00
  Frozen during overlap [frame 2440]: Fish [1, 2, 3, 4, 5]
  Overlap detected: Fish 1 ↔ Fish 2 [frame 2440] IoU=0.02
  Overlap detected: Fish 2 ↔ Fish 5 [frame 2440] IoU=0.01
  Overlap detected: Fish 3 ↔ Fish 4 [frame 2440] IoU=0.00
  Frozen during overlap [frame 2441]: Fish [1, 2, 3, 4, 5]
  Overlap detected: Fish 1 ↔ Fish 2 [frame 2441] IoU=0.02
  Overlap detected: Fish 2 ↔ Fish 5 [frame 2441] IoU=0.01
  Overlap detected: Fish 3 ↔ Fish 4 [frame 2441] IoU=0.00
  Frozen during overlap [frame 2442]: Fish [1, 2, 3, 4, 5]
  Overlap detected: Fish 1 ↔ Fish 2 [frame 2442] IoU=0.02
  Overlap detected: Fish 2 ↔ Fish 5 [frame 2442] IoU=0.01
  Overlap detected: Fish 3 ↔ Fish 4 [frame 2442] IoU=0.00
  Frozen during overlap [frame 2443]: Fish [1, 2, 3, 4, 5]
  Overlap detected: Fish 1 ↔ Fish 2 [frame 2443] IoU=0.02
  Overlap detected: Fish 2 ↔ Fish 5 [frame 2443] IoU=0.01
  Overlap detected: Fish 3 ↔ Fish 4 [frame 2443] IoU=0.00
  Frozen during overlap [frame 2444]: Fish [1, 2, 3, 4, 5]
  Overlap detected: Fish 1 ↔ Fish 2 [frame 2444] IoU=0.02
  Overlap detected: Fish 2 ↔ Fish 5 [frame 2444] IoU=0.01
  Overlap detected: Fish 3 ↔ Fish 4 [frame 2444] IoU=0.00
  Frozen during overlap [frame 2445]: Fish [1, 2, 3, 4, 5]
  Overlap detected: Fish 1 ↔ Fish 2 [frame 2445] IoU=0.02
  Overlap detected: Fish 2 ↔ Fish 5 [frame 2445] IoU=0.01
  Overlap detected: Fish 3 ↔ Fish 4 [frame 2445] IoU=0.00
  Frozen during overlap [frame 2446]: Fish [1, 2, 3, 4, 5]
  Overlap detected: Fish 1 ↔ Fish 2 [frame 2446] IoU=0.02
  Overlap detected: Fish 2 ↔ Fish 5 [frame 2446] IoU=0.01
  Overlap detected: Fish 3 ↔ Fish 4 [frame 2446] IoU=0.00
  Frozen during overlap [frame 2447]: Fish [1, 2, 3, 4, 5]
  Overlap detected: Fish 1 ↔ Fish 2 [frame 2447] IoU=0.02
  Overlap detected: Fish 2 ↔ Fish 5 [frame 2447] IoU=0.01
  Overlap detected: Fish 3 ↔ Fish 4 [frame 2447] IoU=0.00
  Frozen during overlap [frame 2448]: Fish [1, 2, 3, 4, 5]
  Overlap detected: Fish 1 ↔ Fish 2 [frame 2448] IoU=0.02
  Overlap detected: Fish 2 ↔ Fish 5 [frame 2448] IoU=0.01
  Overlap detected: Fish 3 ↔ Fish 4 [frame 2448] IoU=0.00
  Frozen during overlap [frame 2449]: Fish [1, 2, 3, 4, 5]
  Overlap detected: Fish 1 ↔ Fish 2 [frame 2449] IoU=0.02
  Overlap detected: Fish 2 ↔ Fish 5 [frame 2449] IoU=0.01
  Overlap detected: Fish 3 ↔ Fish 4 [frame 2449] IoU=0.00
  Frozen during overlap [frame 2450]: Fish [1, 2, 3, 4, 5]
  Overlap detected: Fish 1 ↔ Fish 2 [frame 2450] IoU=0.02
  Overlap detected: Fish 2 ↔ Fish 5 [frame 2450] IoU=0.01
  Overlap detected: Fish 3 ↔ Fish 4 [frame 2450] IoU=0.00
  Frozen during overlap [frame 2451]: Fish [1, 2, 3, 4, 5]
  Overlap detected: Fish 1 ↔ Fish 2 [frame 2451] IoU=0.02
  Overlap detected: Fish 2 ↔ Fish 5 [frame 2451] IoU=0.01
  Overlap detected: Fish 3 ↔ Fish 4 [frame 2451] IoU=0.00
  Frozen during overlap [frame 2452]: Fish [1, 2, 3, 4, 5]
  Overlap detected: Fish 1 ↔ Fish 2 [frame 2452] IoU=0.02
  Overlap detected: Fish 2 ↔ Fish 5 [frame 2452] IoU=0.01
  Overlap detected: Fish 3 ↔ Fish 4 [frame 2452] IoU=0.00
  Frozen during overlap [frame 2453]: Fish [1, 2, 3, 4, 5]
  Overlap detected: Fish 1 ↔ Fish 2 [frame 2453] IoU=0.02
  Overlap detected: Fish 2 ↔ Fish 5 [frame 2453] IoU=0.01
  Overlap detected: Fish 3 ↔ Fish 4 [frame 2453] IoU=0.00
  Frozen during overlap [frame 2454]: Fish [1, 2, 3, 4, 5]
  Overlap detected: Fish 1 ↔ Fish 2 [frame 2454] IoU=0.02
  Overlap detected: Fish 2 ↔ Fish 5 [frame 2454] IoU=0.01
  Overlap detected: Fish 3 ↔ Fish 4 [frame 2454] IoU=0.00
  Frozen during overlap [frame 2455]: Fish [1, 2, 3, 4, 5]
  Overlap detected: Fish 1 ↔ Fish 2 [frame 2455] IoU=0.02
  Overlap detected: Fish 2 ↔ Fish 5 [frame 2455] IoU=0.01
  Overlap detected: Fish 3 ↔ Fish 4 [frame 2455] IoU=0.00
  Frozen during overlap [frame 2456]: Fish [1, 2, 3, 4, 5]
  Overlap detected: Fish 1 ↔ Fish 2 [frame 2456] IoU=0.02
  Overlap detected: Fish 2 ↔ Fish 5 [frame 2456] IoU=0.01
  Overlap detected: Fish 3 ↔ Fish 4 [frame 2456] IoU=0.00
  Frozen during overlap [frame 2457]: Fish [1, 2, 3, 4, 5]
  Overlap detected: Fish 1 ↔ Fish 2 [frame 2457] IoU=0.02
  Overlap detected: Fish 2 ↔ Fish 5 [frame 2457] IoU=0.01
  Overlap detected: Fish 3 ↔ Fish 4 [frame 2457] IoU=0.00
  Frozen during overlap [frame 2458]: Fish [1, 2, 3, 4, 5]
  Overlap detected: Fish 1 ↔ Fish 2 [frame 2458] IoU=0.02
  Overlap detected: Fish 2 ↔ Fish 5 [frame 2458] IoU=0.01
  Overlap detected: Fish 3 ↔ Fish 4 [frame 2458] IoU=0.00
  Frozen during overlap [frame 2459]: Fish [1, 2, 3, 4, 5]
  Overlap detected: Fish 1 ↔ Fish 2 [frame 2459] IoU=0.02
  Overlap detected: Fish 2 ↔ Fish 5 [frame 2459] IoU=0.01
  Overlap detected: Fish 3 ↔ Fish 4 [frame 2459] IoU=0.00
  Frozen during overlap [frame 2460]: Fish [1, 2, 3, 4, 5]
  Overlap detected: Fish 1 ↔ Fish 2 [frame 2460] IoU=0.02
  Overlap detected: Fish 2 ↔ Fish 5 [frame 2460] IoU=0.01
  Overlap detected: Fish 3 ↔ Fish 4 [frame 2460] IoU=0.00
  Frame 2460/3600 | second 41
  Frozen during overlap [frame 2461]: Fish [1, 2, 3, 4, 5]
  Overlap detected: Fish 1 ↔ Fish 2 [frame 2461] IoU=0.02
  Overlap detected: Fish 2 ↔ Fish 5 [frame 2461] IoU=0.01
  Overlap detected: Fish 3 ↔ Fish 4 [frame 2461] IoU=0.00
  Frozen during overlap [frame 2462]: Fish [1, 2, 3, 4, 5]
  Overlap detected: Fish 1 ↔ Fish 2 [frame 2462] IoU=0.02
  Overlap detected: Fish 2 ↔ Fish 5 [frame 2462] IoU=0.01
  Overlap detected: Fish 3 ↔ Fish 4 [frame 2462] IoU=0.00
  Frozen during overlap [frame 2463]: Fish [1, 2, 3, 4, 5]
  Overlap detected: Fish 1 ↔ Fish 2 [frame 2463] IoU=0.02
  Overlap detected: Fish 2 ↔ Fish 5 [frame 2463] IoU=0.01
  Overlap detected: Fish 3 ↔ Fish 4 [frame 2463] IoU=0.00
  Frozen during overlap [frame 2464]: Fish [1, 2, 3, 4, 5]
  Overlap detected: Fish 1 ↔ Fish 2 [frame 2464] IoU=0.02
  Overlap detected: Fish 2 ↔ Fish 5 [frame 2464] IoU=0.01
  Overlap detected: Fish 3 ↔ Fish 4 [frame 2464] IoU=0.00
  Frozen during overlap [frame 2465]: Fish [1, 2, 3, 4, 5]
  Overlap detected: Fish 1 ↔ Fish 2 [frame 2465] IoU=0.02
  Overlap detected: Fish 2 ↔ Fish 5 [frame 2465] IoU=0.01
  Overlap detected: Fish 3 ↔ Fish 4 [frame 2465] IoU=0.00
  Frozen during overlap [frame 2466]: Fish [1, 2, 3, 4, 5]
  Overlap detected: Fish 1 ↔ Fish 2 [frame 2466] IoU=0.02
  Overlap detected: Fish 2 ↔ Fish 5 [frame 2466] IoU=0.01
  Overlap detected: Fish 3 ↔ Fish 4 [frame 2466] IoU=0.00
  Frozen during overlap [frame 2467]: Fish [1, 2, 3, 4, 5]
  Overlap detected: Fish 1 ↔ Fish 2 [frame 2467] IoU=0.02
  Overlap detected: Fish 2 ↔ Fish 5 [frame 2467] IoU=0.01
  Overlap detected: Fish 3 ↔ Fish 4 [frame 2467] IoU=0.00
  Frozen during overlap [frame 2468]: Fish [1, 2, 3, 4, 5]
  Overlap detected: Fish 1 ↔ Fish 2 [frame 2468] IoU=0.02
  Overlap detected: Fish 2 ↔ Fish 5 [frame 2468] IoU=0.01
  Overlap detected: Fish 3 ↔ Fish 4 [frame 2468] IoU=0.00
  Frozen during overlap [frame 2469]: Fish [1, 2, 3, 4, 5]
  Overlap detected: Fish 1 ↔ Fish 2 [frame 2469] IoU=0.02
  Overlap detected: Fish 2 ↔ Fish 5 [frame 2469] IoU=0.01
  Overlap detected: Fish 3 ↔ Fish 4 [frame 2469] IoU=0.00
  Frozen during overlap [frame 2470]: Fish [1, 2, 3, 4, 5]
  Overlap detected: Fish 1 ↔ Fish 2 [frame 2470] IoU=0.02
  Overlap detected: Fish 2 ↔ Fish 5 [frame 2470] IoU=0.01
  Overlap detected: Fish 3 ↔ Fish 4 [frame 2470] IoU=0.00
  Frozen during overlap [frame 2471]: Fish [1, 2, 3, 4, 5]
  Overlap detected: Fish 1 ↔ Fish 2 [frame 2471] IoU=0.02
  Overlap detected: Fish 2 ↔ Fish 5 [frame 2471] IoU=0.01
  Overlap detected: Fish 3 ↔ Fish 4 [frame 2471] IoU=0.00
  Frozen during overlap [frame 2472]: Fish [1, 2, 3, 4, 5]
  Overlap detected: Fish 1 ↔ Fish 2 [frame 2472] IoU=0.02
  Overlap detected: Fish 2 ↔ Fish 5 [frame 2472] IoU=0.01
  Overlap detected: Fish 3 ↔ Fish 4 [frame 2472] IoU=0.00
  Frozen during overlap [frame 2473]: Fish [1, 2, 3, 4, 5]
  Overlap detected: Fish 1 ↔ Fish 2 [frame 2473] IoU=0.02
  Overlap detected: Fish 2 ↔ Fish 5 [frame 2473] IoU=0.01
  Overlap detected: Fish 3 ↔ Fish 4 [frame 2473] IoU=0.00
  Frozen during overlap [frame 2474]: Fish [1, 2, 3, 4, 5]
  Overlap detected: Fish 1 ↔ Fish 2 [frame 2474] IoU=0.02
  Overlap detected: Fish 2 ↔ Fish 5 [frame 2474] IoU=0.01
  Overlap detected: Fish 3 ↔ Fish 4 [frame 2474] IoU=0.00
  Frozen during overlap [frame 2475]: Fish [1, 2, 3, 4, 5]
  Overlap detected: Fish 1 ↔ Fish 2 [frame 2475] IoU=0.02
  Overlap detected: Fish 2 ↔ Fish 5 [frame 2475] IoU=0.01
  Overlap detected: Fish 3 ↔ Fish 4 [frame 2475] IoU=0.00
  Frozen during overlap [frame 2476]: Fish [1, 2, 3, 4, 5]
  Overlap detected: Fish 1 ↔ Fish 2 [frame 2476] IoU=0.02
  Overlap detected: Fish 2 ↔ Fish 5 [frame 2476] IoU=0.01
  Overlap detected: Fish 3 ↔ Fish 4 [frame 2476] IoU=0.00
  Frozen during overlap [frame 2477]: Fish [1, 2, 3, 4, 5]
  Overlap detected: Fish 1 ↔ Fish 2 [frame 2477] IoU=0.02
  Overlap detected: Fish 2 ↔ Fish 5 [frame 2477] IoU=0.01
  Overlap detected: Fish 3 ↔ Fish 4 [frame 2477] IoU=0.00
  Frozen during overlap [frame 2478]: Fish [1, 2, 3, 4, 5]
  Overlap detected: Fish 1 ↔ Fish 2 [frame 2478] IoU=0.02
  Overlap detected: Fish 2 ↔ Fish 5 [frame 2478] IoU=0.01
  Overlap detected: Fish 3 ↔ Fish 4 [frame 2478] IoU=0.00
  Frozen during overlap [frame 2479]: Fish [1, 2, 3, 4, 5]
  Overlap detected: Fish 1 ↔ Fish 2 [frame 2479] IoU=0.02
  Overlap detected: Fish 2 ↔ Fish 5 [frame 2479] IoU=0.01
  Overlap detected: Fish 3 ↔ Fish 4 [frame 2479] IoU=0.00
  Frozen during overlap [frame 2480]: Fish [1, 2, 3, 4, 5]
  Overlap detected: Fish 1 ↔ Fish 2 [frame 2480] IoU=0.02
  Overlap detected: Fish 2 ↔ Fish 5 [frame 2480] IoU=0.01
  Overlap detected: Fish 3 ↔ Fish 4 [frame 2480] IoU=0.00
  Frozen during overlap [frame 2481]: Fish [1, 2, 3, 4, 5]
  Overlap detected: Fish 1 ↔ Fish 2 [frame 2481] IoU=0.02
  Overlap detected: Fish 2 ↔ Fish 5 [frame 2481] IoU=0.01
  Overlap detected: Fish 3 ↔ Fish 4 [frame 2481] IoU=0.00
  Frozen during overlap [frame 2482]: Fish [1, 2, 3, 4, 5]
  Overlap detected: Fish 1 ↔ Fish 2 [frame 2482] IoU=0.02
  Overlap detected: Fish 2 ↔ Fish 5 [frame 2482] IoU=0.01
  Overlap detected: Fish 3 ↔ Fish 4 [frame 2482] IoU=0.00
  Frozen during overlap [frame 2483]: Fish [1, 2, 3, 4, 5]
  Overlap detected: Fish 1 ↔ Fish 2 [frame 2483] IoU=0.02
  Overlap detected: Fish 2 ↔ Fish 5 [frame 2483] IoU=0.01
  Overlap detected: Fish 3 ↔ Fish 4 [frame 2483] IoU=0.00
  Frozen during overlap [frame 2484]: Fish [1, 2, 3, 4, 5]
  Overlap detected: Fish 1 ↔ Fish 2 [frame 2484] IoU=0.02
  Overlap detected: Fish 2 ↔ Fish 5 [frame 2484] IoU=0.01
  Overlap detected: Fish 3 ↔ Fish 4 [frame 2484] IoU=0.00
  Frozen during overlap [frame 2485]: Fish [1, 2, 3, 4, 5]
  Overlap detected: Fish 1 ↔ Fish 2 [frame 2485] IoU=0.02
  Overlap detected: Fish 2 ↔ Fish 5 [frame 2485] IoU=0.01
  Overlap detected: Fish 3 ↔ Fish 4 [frame 2485] IoU=0.00
  Frozen during overlap [frame 2486]: Fish [1, 2, 3, 4, 5]
  Overlap detected: Fish 1 ↔ Fish 2 [frame 2486] IoU=0.02
  Overlap detected: Fish 2 ↔ Fish 5 [frame 2486] IoU=0.01
  Overlap detected: Fish 3 ↔ Fish 4 [frame 2486] IoU=0.00
  Frozen during overlap [frame 2487]: Fish [1, 2, 3, 4, 5]
  Overlap detected: Fish 1 ↔ Fish 2 [frame 2487] IoU=0.02
  Overlap detected: Fish 2 ↔ Fish 5 [frame 2487] IoU=0.01
  Overlap detected: Fish 3 ↔ Fish 4 [frame 2487] IoU=0.00
  Frozen during overlap [frame 2488]: Fish [1, 2, 3, 4, 5]
  Overlap detected: Fish 1 ↔ Fish 2 [frame 2488] IoU=0.02
  Overlap detected: Fish 2 ↔ Fish 5 [frame 2488] IoU=0.01
  Overlap detected: Fish 3 ↔ Fish 4 [frame 2488] IoU=0.00
  Frozen during overlap [frame 2489]: Fish [1, 2, 3, 4, 5]
  Overlap detected: Fish 1 ↔ Fish 2 [frame 2489] IoU=0.02
  Overlap detected: Fish 2 ↔ Fish 5 [frame 2489] IoU=0.01
  Overlap detected: Fish 3 ↔ Fish 4 [frame 2489] IoU=0.00
  Frozen during overlap [frame 2490]: Fish [1, 2, 3, 4, 5]
  Overlap detected: Fish 1 ↔ Fish 2 [frame 2490] IoU=0.02
  Overlap detected: Fish 2 ↔ Fish 5 [frame 2490] IoU=0.01
  Overlap detected: Fish 3 ↔ Fish 4 [frame 2490] IoU=0.00
  Frame 2490/3600 | second 41
  Frozen during overlap [frame 2491]: Fish [1, 2, 3, 4, 5]
  Overlap detected: Fish 1 ↔ Fish 2 [frame 2491] IoU=0.02
  Overlap detected: Fish 2 ↔ Fish 5 [frame 2491] IoU=0.01
  Overlap detected: Fish 3 ↔ Fish 4 [frame 2491] IoU=0.00
  Frozen during overlap [frame 2492]: Fish [1, 2, 3, 4, 5]
  Overlap detected: Fish 1 ↔ Fish 2 [frame 2492] IoU=0.02
  Overlap detected: Fish 2 ↔ Fish 5 [frame 2492] IoU=0.01
  Overlap detected: Fish 3 ↔ Fish 4 [frame 2492] IoU=0.00
  Frozen during overlap [frame 2493]: Fish [1, 2, 3, 4, 5]
  Overlap detected: Fish 1 ↔ Fish 2 [frame 2493] IoU=0.02
  Overlap detected: Fish 2 ↔ Fish 5 [frame 2493] IoU=0.01
  Overlap detected: Fish 3 ↔ Fish 4 [frame 2493] IoU=0.00
  Frozen during overlap [frame 2494]: Fish [1, 2, 3, 4, 5]
  Overlap detected: Fish 1 ↔ Fish 2 [frame 2494] IoU=0.02
  Overlap detected: Fish 2 ↔ Fish 5 [frame 2494] IoU=0.01
  Overlap detected: Fish 3 ↔ Fish 4 [frame 2494] IoU=0.00
  Frozen during overlap [frame 2495]: Fish [1, 2, 3, 4, 5]
  Overlap detected: Fish 1 ↔ Fish 2 [frame 2495] IoU=0.02
  Overlap detected: Fish 2 ↔ Fish 5 [frame 2495] IoU=0.01
  Overlap detected: Fish 3 ↔ Fish 4 [frame 2495] IoU=0.00
  Frozen during overlap [frame 2496]: Fish [1, 2, 3, 4, 5]
  Overlap detected: Fish 1 ↔ Fish 2 [frame 2496] IoU=0.02
  Overlap detected: Fish 2 ↔ Fish 5 [frame 2496] IoU=0.01
  Overlap detected: Fish 3 ↔ Fish 4 [frame 2496] IoU=0.00
  Frozen during overlap [frame 2497]: Fish [1, 2, 3, 4, 5]
  Overlap detected: Fish 1 ↔ Fish 2 [frame 2497] IoU=0.02
  Overlap detected: Fish 2 ↔ Fish 5 [frame 2497] IoU=0.01
  Overlap detected: Fish 3 ↔ Fish 4 [frame 2497] IoU=0.00
  Frozen during overlap [frame 2498]: Fish [1, 2, 3, 4, 5]
  Overlap detected: Fish 1 ↔ Fish 2 [frame 2498] IoU=0.02
  Overlap detected: Fish 2 ↔ Fish 5 [frame 2498] IoU=0.01
  Overlap detected: Fish 3 ↔ Fish 4 [frame 2498] IoU=0.00
  Frozen during overlap [frame 2499]: Fish [1, 2, 3, 4, 5]
  Overlap detected: Fish 1 ↔ Fish 2 [frame 2499] IoU=0.02
  Overlap detected: Fish 2 ↔ Fish 5 [frame 2499] IoU=0.01
  Overlap detected: Fish 3 ↔ Fish 4 [frame 2499] IoU=0.00
  Frozen during overlap [frame 2500]: Fish [1, 2, 3, 4, 5]
  Overlap detected: Fish 1 ↔ Fish 2 [frame 2500] IoU=0.02
  Overlap detected: Fish 2 ↔ Fish 5 [frame 2500] IoU=0.01
  Overlap detected: Fish 3 ↔ Fish 4 [frame 2500] IoU=0.00
  Frozen during overlap [frame 2501]: Fish [1, 2, 3, 4, 5]
  Overlap detected: Fish 1 ↔ Fish 2 [frame 2501] IoU=0.02
  Overlap detected: Fish 2 ↔ Fish 5 [frame 2501] IoU=0.01
  Overlap detected: Fish 3 ↔ Fish 4 [frame 2501] IoU=0.00
  Frozen during overlap [frame 2502]: Fish [1, 2, 3, 4, 5]
  Overlap detected: Fish 1 ↔ Fish 2 [frame 2502] IoU=0.02
  Overlap detected: Fish 2 ↔ Fish 5 [frame 2502] IoU=0.01
  Overlap detected: Fish 3 ↔ Fish 4 [frame 2502] IoU=0.00
  Frozen during overlap [frame 2503]: Fish [1, 2, 3, 4, 5]
  Overlap detected: Fish 1 ↔ Fish 2 [frame 2503] IoU=0.02
  Overlap detected: Fish 2 ↔ Fish 5 [frame 2503] IoU=0.01
  Overlap detected: Fish 3 ↔ Fish 4 [frame 2503] IoU=0.00
  Frozen during overlap [frame 2504]: Fish [1, 2, 3, 4, 5]
  Overlap detected: Fish 1 ↔ Fish 2 [frame 2504] IoU=0.02
  Overlap detected: Fish 2 ↔ Fish 5 [frame 2504] IoU=0.01
  Overlap detected: Fish 3 ↔ Fish 4 [frame 2504] IoU=0.00
  Frozen during overlap [frame 2505]: Fish [1, 2, 3, 4, 5]
  Overlap detected: Fish 1 ↔ Fish 2 [frame 2505] IoU=0.02
  Overlap detected: Fish 2 ↔ Fish 5 [frame 2505] IoU=0.01
  Overlap detected: Fish 3 ↔ Fish 4 [frame 2505] IoU=0.00
  Frozen during overlap [frame 2506]: Fish [1, 2, 3, 4, 5]
  Overlap detected: Fish 1 ↔ Fish 2 [frame 2506] IoU=0.02
  Overlap detected: Fish 2 ↔ Fish 5 [frame 2506] IoU=0.01
  Overlap detected: Fish 3 ↔ Fish 4 [frame 2506] IoU=0.00
  Frozen during overlap [frame 2507]: Fish [1, 2, 3, 4, 5]
  Overlap detected: Fish 1 ↔ Fish 2 [frame 2507] IoU=0.02
  Overlap detected: Fish 2 ↔ Fish 5 [frame 2507] IoU=0.01
  Overlap detected: Fish 3 ↔ Fish 4 [frame 2507] IoU=0.00
  Frozen during overlap [frame 2508]: Fish [1, 2, 3, 4, 5]
  Overlap detected: Fish 1 ↔ Fish 2 [frame 2508] IoU=0.02
  Overlap detected: Fish 2 ↔ Fish 5 [frame 2508] IoU=0.01
  Overlap detected: Fish 3 ↔ Fish 4 [frame 2508] IoU=0.00
  Frozen during overlap [frame 2509]: Fish [1, 2, 3, 4, 5]
  Overlap detected: Fish 1 ↔ Fish 2 [frame 2509] IoU=0.02
  Overlap detected: Fish 2 ↔ Fish 5 [frame 2509] IoU=0.01
  Overlap detected: Fish 3 ↔ Fish 4 [frame 2509] IoU=0.00
  Frozen during overlap [frame 2510]: Fish [1, 2, 3, 4, 5]
  Overlap detected: Fish 1 ↔ Fish 2 [frame 2510] IoU=0.02
  Overlap detected: Fish 2 ↔ Fish 5 [frame 2510] IoU=0.01
  Overlap detected: Fish 3 ↔ Fish 4 [frame 2510] IoU=0.00
  Frozen during overlap [frame 2511]: Fish [1, 2, 3, 4, 5]
  Overlap detected: Fish 1 ↔ Fish 2 [frame 2511] IoU=0.02
  Overlap detected: Fish 2 ↔ Fish 5 [frame 2511] IoU=0.01
  Overlap detected: Fish 3 ↔ Fish 4 [frame 2511] IoU=0.00
  Frozen during overlap [frame 2512]: Fish [1, 2, 3, 4, 5]
  Overlap detected: Fish 1 ↔ Fish 2 [frame 2512] IoU=0.02
  Overlap detected: Fish 2 ↔ Fish 5 [frame 2512] IoU=0.01
  Overlap detected: Fish 3 ↔ Fish 4 [frame 2512] IoU=0.00
  Frozen during overlap [frame 2513]: Fish [1, 2, 3, 4, 5]
  Overlap detected: Fish 1 ↔ Fish 2 [frame 2513] IoU=0.02
  Overlap detected: Fish 2 ↔ Fish 5 [frame 2513] IoU=0.01
  Overlap detected: Fish 3 ↔ Fish 4 [frame 2513] IoU=0.00
  Frozen during overlap [frame 2514]: Fish [1, 2, 3, 4, 5]
  Overlap detected: Fish 1 ↔ Fish 2 [frame 2514] IoU=0.02
  Overlap detected: Fish 2 ↔ Fish 5 [frame 2514] IoU=0.01
  Overlap detected: Fish 3 ↔ Fish 4 [frame 2514] IoU=0.00
  Frozen during overlap [frame 2515]: Fish [1, 2, 3, 4, 5]
  Overlap detected: Fish 1 ↔ Fish 2 [frame 2515] IoU=0.02
  Overlap detected: Fish 2 ↔ Fish 5 [frame 2515] IoU=0.01
  Overlap detected: Fish 3 ↔ Fish 4 [frame 2515] IoU=0.00
  Frozen during overlap [frame 2516]: Fish [1, 2, 3, 4, 5]
  Overlap detected: Fish 1 ↔ Fish 2 [frame 2516] IoU=0.02
  Overlap detected: Fish 2 ↔ Fish 5 [frame 2516] IoU=0.01
  Overlap detected: Fish 3 ↔ Fish 4 [frame 2516] IoU=0.00
  Frozen during overlap [frame 2517]: Fish [1, 2, 3, 4, 5]
  Overlap detected: Fish 1 ↔ Fish 2 [frame 2517] IoU=0.02
  Overlap detected: Fish 2 ↔ Fish 5 [frame 2517] IoU=0.01
  Overlap detected: Fish 3 ↔ Fish 4 [frame 2517] IoU=0.00
  Frozen during overlap [frame 2518]: Fish [1, 2, 3, 4, 5]
  Overlap detected: Fish 1 ↔ Fish 2 [frame 2518] IoU=0.02
  Overlap detected: Fish 2 ↔ Fish 5 [frame 2518] IoU=0.01
  Overlap detected: Fish 3 ↔ Fish 4 [frame 2518] IoU=0.00
  Frozen during overlap [frame 2519]: Fish [1, 2, 3, 4, 5]
  Overlap detected: Fish 1 ↔ Fish 2 [frame 2519] IoU=0.02
  Overlap detected: Fish 2 ↔ Fish 5 [frame 2519] IoU=0.01
  Overlap detected: Fish 3 ↔ Fish 4 [frame 2519] IoU=0.00
  Frozen during overlap [frame 2520]: Fish [1, 2, 3, 4, 5]
  Overlap detected: Fish 1 ↔ Fish 2 [frame 2520] IoU=0.02
  Overlap detected: Fish 2 ↔ Fish 5 [frame 2520] IoU=0.01
  Overlap detected: Fish 3 ↔ Fish 4 [frame 2520] IoU=0.00
  Frame 2520/3600 | second 42
  Frozen during overlap [frame 2521]: Fish [1, 2, 3, 4, 5]
  Overlap detected: Fish 1 ↔ Fish 2 [frame 2521] IoU=0.02
  Overlap detected: Fish 2 ↔ Fish 5 [frame 2521] IoU=0.01
  Overlap detected: Fish 3 ↔ Fish 4 [frame 2521] IoU=0.00
  Frozen during overlap [frame 2522]: Fish [1, 2, 3, 4, 5]
  Overlap detected: Fish 1 ↔ Fish 2 [frame 2522] IoU=0.02
  Overlap detected: Fish 2 ↔ Fish 5 [frame 2522] IoU=0.01
  Overlap detected: Fish 3 ↔ Fish 4 [frame 2522] IoU=0.00
  Frozen during overlap [frame 2523]: Fish [1, 2, 3, 4, 5]
  Overlap detected: Fish 1 ↔ Fish 2 [frame 2523] IoU=0.02
  Overlap detected: Fish 2 ↔ Fish 5 [frame 2523] IoU=0.01
  Overlap detected: Fish 3 ↔ Fish 4 [frame 2523] IoU=0.00
  Frozen during overlap [frame 2524]: Fish [1, 2, 3, 4, 5]
  Overlap detected: Fish 1 ↔ Fish 2 [frame 2524] IoU=0.02
  Overlap detected: Fish 2 ↔ Fish 5 [frame 2524] IoU=0.01
  Overlap detected: Fish 3 ↔ Fish 4 [frame 2524] IoU=0.00
  Frozen during overlap [frame 2525]: Fish [1, 2, 3, 4, 5]
  Overlap detected: Fish 1 ↔ Fish 2 [frame 2525] IoU=0.02
  Overlap detected: Fish 2 ↔ Fish 5 [frame 2525] IoU=0.01
  Overlap detected: Fish 3 ↔ Fish 4 [frame 2525] IoU=0.00
  Frozen during overlap [frame 2526]: Fish [1, 2, 3, 4, 5]
  Overlap detected: Fish 1 ↔ Fish 2 [frame 2526] IoU=0.02
  Overlap detected: Fish 2 ↔ Fish 5 [frame 2526] IoU=0.01
  Overlap detected: Fish 3 ↔ Fish 4 [frame 2526] IoU=0.00
  Frozen during overlap [frame 2527]: Fish [1, 2, 3, 4, 5]
  Overlap detected: Fish 1 ↔ Fish 2 [frame 2527] IoU=0.02
  Overlap detected: Fish 2 ↔ Fish 5 [frame 2527] IoU=0.01
  Overlap detected: Fish 3 ↔ Fish 4 [frame 2527] IoU=0.00
  Frozen during overlap [frame 2528]: Fish [1, 2, 3, 4, 5]
  Overlap detected: Fish 1 ↔ Fish 2 [frame 2528] IoU=0.02
  Overlap detected: Fish 2 ↔ Fish 5 [frame 2528] IoU=0.01
  Overlap detected: Fish 3 ↔ Fish 4 [frame 2528] IoU=0.00
  Frozen during overlap [frame 2529]: Fish [1, 2, 3, 4, 5]
  Overlap detected: Fish 1 ↔ Fish 2 [frame 2529] IoU=0.02
  Overlap detected: Fish 2 ↔ Fish 5 [frame 2529] IoU=0.01
  Overlap detected: Fish 3 ↔ Fish 4 [frame 2529] IoU=0.00
  Frozen during overlap [frame 2530]: Fish [1, 2, 3, 4, 5]
  Overlap detected: Fish 1 ↔ Fish 2 [frame 2530] IoU=0.02
  Overlap detected: Fish 2 ↔ Fish 5 [frame 2530] IoU=0.01
  Overlap detected: Fish 3 ↔ Fish 4 [frame 2530] IoU=0.00
  Frozen during overlap [frame 2531]: Fish [1, 2, 3, 4, 5]
  Overlap detected: Fish 1 ↔ Fish 2 [frame 2531] IoU=0.02
  Overlap detected: Fish 2 ↔ Fish 5 [frame 2531] IoU=0.01
  Overlap detected: Fish 3 ↔ Fish 4 [frame 2531] IoU=0.00
  Frozen during overlap [frame 2532]: Fish [1, 2, 3, 4, 5]
  Overlap detected: Fish 1 ↔ Fish 2 [frame 2532] IoU=0.02
  Overlap detected: Fish 2 ↔ Fish 5 [frame 2532] IoU=0.01
  Overlap detected: Fish 3 ↔ Fish 4 [frame 2532] IoU=0.00
  Frozen during overlap [frame 2533]: Fish [1, 2, 3, 4, 5]
  Overlap detected: Fish 1 ↔ Fish 2 [frame 2533] IoU=0.02
  Overlap detected: Fish 2 ↔ Fish 5 [frame 2533] IoU=0.01
  Overlap detected: Fish 3 ↔ Fish 4 [frame 2533] IoU=0.00
  Frozen during overlap [frame 2534]: Fish [1, 2, 3, 4, 5]
  Overlap detected: Fish 1 ↔ Fish 2 [frame 2534] IoU=0.02
  Overlap detected: Fish 2 ↔ Fish 5 [frame 2534] IoU=0.01
  Overlap detected: Fish 3 ↔ Fish 4 [frame 2534] IoU=0.00
  Frozen during overlap [frame 2535]: Fish [1, 2, 3, 4, 5]
  Overlap detected: Fish 1 ↔ Fish 2 [frame 2535] IoU=0.02
  Overlap detected: Fish 2 ↔ Fish 5 [frame 2535] IoU=0.01
  Overlap detected: Fish 3 ↔ Fish 4 [frame 2535] IoU=0.00
  Frozen during overlap [frame 2536]: Fish [1, 2, 3, 4, 5]
  Overlap detected: Fish 1 ↔ Fish 2 [frame 2536] IoU=0.02
  Overlap detected: Fish 2 ↔ Fish 5 [frame 2536] IoU=0.01
  Overlap detected: Fish 3 ↔ Fish 4 [frame 2536] IoU=0.00
  Frozen during overlap [frame 2537]: Fish [1, 2, 3, 4, 5]
  Overlap detected: Fish 1 ↔ Fish 2 [frame 2537] IoU=0.02
  Overlap detected: Fish 2 ↔ Fish 5 [frame 2537] IoU=0.01
  Overlap detected: Fish 3 ↔ Fish 4 [frame 2537] IoU=0.00
  Frozen during overlap [frame 2538]: Fish [1, 2, 3, 4, 5]
  Overlap detected: Fish 1 ↔ Fish 2 [frame 2538] IoU=0.02
  Overlap detected: Fish 2 ↔ Fish 5 [frame 2538] IoU=0.01
  Overlap detected: Fish 3 ↔ Fish 4 [frame 2538] IoU=0.00
  Frozen during overlap [frame 2539]: Fish [1, 2, 3, 4, 5]
  Overlap detected: Fish 1 ↔ Fish 2 [frame 2539] IoU=0.02
  Overlap detected: Fish 2 ↔ Fish 5 [frame 2539] IoU=0.01
  Overlap detected: Fish 3 ↔ Fish 4 [frame 2539] IoU=0.00
  Frozen during overlap [frame 2540]: Fish [1, 2, 3, 4, 5]
  Overlap detected: Fish 1 ↔ Fish 2 [frame 2540] IoU=0.02
  Overlap detected: Fish 2 ↔ Fish 5 [frame 2540] IoU=0.01
  Overlap detected: Fish 3 ↔ Fish 4 [frame 2540] IoU=0.00
  Frozen during overlap [frame 2541]: Fish [1, 2, 3, 4, 5]
  Overlap detected: Fish 1 ↔ Fish 2 [frame 2541] IoU=0.02
  Overlap detected: Fish 2 ↔ Fish 5 [frame 2541] IoU=0.01
  Overlap detected: Fish 3 ↔ Fish 4 [frame 2541] IoU=0.00
  Frozen during overlap [frame 2542]: Fish [1, 2, 3, 4, 5]
  Overlap detected: Fish 1 ↔ Fish 2 [frame 2542] IoU=0.02
  Overlap detected: Fish 2 ↔ Fish 5 [frame 2542] IoU=0.01
  Overlap detected: Fish 3 ↔ Fish 4 [frame 2542] IoU=0.00
  Frozen during overlap [frame 2543]: Fish [1, 2, 3, 4, 5]
  Overlap detected: Fish 1 ↔ Fish 2 [frame 2543] IoU=0.02
  Overlap detected: Fish 2 ↔ Fish 5 [frame 2543] IoU=0.01
  Overlap detected: Fish 3 ↔ Fish 4 [frame 2543] IoU=0.00
  Frozen during overlap [frame 2544]: Fish [1, 2, 3, 4, 5]
  Overlap detected: Fish 1 ↔ Fish 2 [frame 2544] IoU=0.02
  Overlap detected: Fish 2 ↔ Fish 5 [frame 2544] IoU=0.01
  Overlap detected: Fish 3 ↔ Fish 4 [frame 2544] IoU=0.00
  Frozen during overlap [frame 2545]: Fish [1, 2, 3, 4, 5]
  Overlap detected: Fish 1 ↔ Fish 2 [frame 2545] IoU=0.02
  Overlap detected: Fish 2 ↔ Fish 5 [frame 2545] IoU=0.01
  Overlap detected: Fish 3 ↔ Fish 4 [frame 2545] IoU=0.00
  Frozen during overlap [frame 2546]: Fish [1, 2, 3, 4, 5]
  Overlap detected: Fish 1 ↔ Fish 2 [frame 2546] IoU=0.02
  Overlap detected: Fish 2 ↔ Fish 5 [frame 2546] IoU=0.01
  Overlap detected: Fish 3 ↔ Fish 4 [frame 2546] IoU=0.00
  Frozen during overlap [frame 2547]: Fish [1, 2, 3, 4, 5]
  Overlap detected: Fish 1 ↔ Fish 2 [frame 2547] IoU=0.02
  Overlap detected: Fish 2 ↔ Fish 5 [frame 2547] IoU=0.01
  Overlap detected: Fish 3 ↔ Fish 4 [frame 2547] IoU=0.00
  Frozen during overlap [frame 2548]: Fish [1, 2, 3, 4, 5]
  Overlap detected: Fish 1 ↔ Fish 2 [frame 2548] IoU=0.02
  Overlap detected: Fish 2 ↔ Fish 5 [frame 2548] IoU=0.01
  Overlap detected: Fish 3 ↔ Fish 4 [frame 2548] IoU=0.00
  Frozen during overlap [frame 2549]: Fish [1, 2, 3, 4, 5]
  Overlap detected: Fish 1 ↔ Fish 2 [frame 2549] IoU=0.02
  Overlap detected: Fish 2 ↔ Fish 5 [frame 2549] IoU=0.01
  Overlap detected: Fish 3 ↔ Fish 4 [frame 2549] IoU=0.00
  Frozen during overlap [frame 2550]: Fish [1, 2, 3, 4, 5]
  Overlap detected: Fish 1 ↔ Fish 2 [frame 2550] IoU=0.02
  Overlap detected: Fish 2 ↔ Fish 5 [frame 2550] IoU=0.01
  Overlap detected: Fish 3 ↔ Fish 4 [frame 2550] IoU=0.00
  Frame 2550/3600 | second 42
  Frozen during overlap [frame 2551]: Fish [1, 2, 3, 4, 5]
  Overlap detected: Fish 1 ↔ Fish 2 [frame 2551] IoU=0.02
  Overlap detected: Fish 2 ↔ Fish 5 [frame 2551] IoU=0.01
  Overlap detected: Fish 3 ↔ Fish 4 [frame 2551] IoU=0.00
  Frozen during overlap [frame 2552]: Fish [1, 2, 3, 4, 5]
  Overlap detected: Fish 1 ↔ Fish 2 [frame 2552] IoU=0.02
  Overlap detected: Fish 2 ↔ Fish 5 [frame 2552] IoU=0.01
  Overlap detected: Fish 3 ↔ Fish 4 [frame 2552] IoU=0.00
  Frozen during overlap [frame 2553]: Fish [1, 2, 3, 4, 5]
  Overlap detected: Fish 1 ↔ Fish 2 [frame 2553] IoU=0.02
  Overlap detected: Fish 2 ↔ Fish 5 [frame 2553] IoU=0.01
  Overlap detected: Fish 3 ↔ Fish 4 [frame 2553] IoU=0.00
  Frozen during overlap [frame 2554]: Fish [1, 2, 3, 4, 5]
  Overlap detected: Fish 1 ↔ Fish 2 [frame 2554] IoU=0.02
  Overlap detected: Fish 2 ↔ Fish 5 [frame 2554] IoU=0.01
  Overlap detected: Fish 3 ↔ Fish 4 [frame 2554] IoU=0.00
  Frozen during overlap [frame 2555]: Fish [1, 2, 3, 4, 5]
  Overlap detected: Fish 1 ↔ Fish 2 [frame 2555] IoU=0.02
  Overlap detected: Fish 2 ↔ Fish 5 [frame 2555] IoU=0.01
  Overlap detected: Fish 3 ↔ Fish 4 [frame 2555] IoU=0.00
  Frozen during overlap [frame 2556]: Fish [1, 2, 3, 4, 5]
  Overlap detected: Fish 1 ↔ Fish 2 [frame 2556] IoU=0.02
  Overlap detected: Fish 2 ↔ Fish 5 [frame 2556] IoU=0.01
  Overlap detected: Fish 3 ↔ Fish 4 [frame 2556] IoU=0.00
  Frozen during overlap [frame 2557]: Fish [1, 2, 3, 4, 5]
  Overlap detected: Fish 1 ↔ Fish 2 [frame 2557] IoU=0.02
  Overlap detected: Fish 2 ↔ Fish 5 [frame 2557] IoU=0.01
  Overlap detected: Fish 3 ↔ Fish 4 [frame 2557] IoU=0.00
  Frozen during overlap [frame 2558]: Fish [1, 2, 3, 4, 5]
  Overlap detected: Fish 1 ↔ Fish 2 [frame 2558] IoU=0.02
  Overlap detected: Fish 2 ↔ Fish 5 [frame 2558] IoU=0.01
  Overlap detected: Fish 3 ↔ Fish 4 [frame 2558] IoU=0.00
  Frozen during overlap [frame 2559]: Fish [1, 2, 3, 4, 5]
  Overlap detected: Fish 1 ↔ Fish 2 [frame 2559] IoU=0.02
  Overlap detected: Fish 2 ↔ Fish 5 [frame 2559] IoU=0.01
  Overlap detected: Fish 3 ↔ Fish 4 [frame 2559] IoU=0.00
  Frozen during overlap [frame 2560]: Fish [1, 2, 3, 4, 5]
  Overlap detected: Fish 1 ↔ Fish 2 [frame 2560] IoU=0.02
  Overlap detected: Fish 2 ↔ Fish 5 [frame 2560] IoU=0.01
  Overlap detected: Fish 3 ↔ Fish 4 [frame 2560] IoU=0.00
  Frozen during overlap [frame 2561]: Fish [1, 2, 3, 4, 5]
  Overlap detected: Fish 1 ↔ Fish 2 [frame 2561] IoU=0.02
  Overlap detected: Fish 2 ↔ Fish 5 [frame 2561] IoU=0.01
  Overlap detected: Fish 3 ↔ Fish 4 [frame 2561] IoU=0.00
  Frozen during overlap [frame 2562]: Fish [1, 2, 3, 4, 5]
  Overlap detected: Fish 1 ↔ Fish 2 [frame 2562] IoU=0.02
  Overlap detected: Fish 2 ↔ Fish 5 [frame 2562] IoU=0.01
  Overlap detected: Fish 3 ↔ Fish 4 [frame 2562] IoU=0.00
  Frozen during overlap [frame 2563]: Fish [1, 2, 3, 4, 5]
  Overlap detected: Fish 1 ↔ Fish 2 [frame 2563] IoU=0.02
  Overlap detected: Fish 2 ↔ Fish 5 [frame 2563] IoU=0.01
  Overlap detected: Fish 3 ↔ Fish 4 [frame 2563] IoU=0.00
  Frozen during overlap [frame 2564]: Fish [1, 2, 3, 4, 5]
  Overlap detected: Fish 1 ↔ Fish 2 [frame 2564] IoU=0.02
  Overlap detected: Fish 2 ↔ Fish 5 [frame 2564] IoU=0.01
  Overlap detected: Fish 3 ↔ Fish 4 [frame 2564] IoU=0.00
  Frozen during overlap [frame 2565]: Fish [1, 2, 3, 4, 5]
  Overlap detected: Fish 1 ↔ Fish 2 [frame 2565] IoU=0.02
  Overlap detected: Fish 2 ↔ Fish 5 [frame 2565] IoU=0.01
  Overlap detected: Fish 3 ↔ Fish 4 [frame 2565] IoU=0.00
  Frozen during overlap [frame 2566]: Fish [1, 2, 3, 4, 5]
  Overlap detected: Fish 1 ↔ Fish 2 [frame 2566] IoU=0.02
  Overlap detected: Fish 2 ↔ Fish 5 [frame 2566] IoU=0.01
  Overlap detected: Fish 3 ↔ Fish 4 [frame 2566] IoU=0.00
  Frozen during overlap [frame 2567]: Fish [1, 2, 3, 4, 5]
  Overlap detected: Fish 1 ↔ Fish 2 [frame 2567] IoU=0.02
  Overlap detected: Fish 2 ↔ Fish 5 [frame 2567] IoU=0.01
  Overlap detected: Fish 3 ↔ Fish 4 [frame 2567] IoU=0.00
  Frozen during overlap [frame 2568]: Fish [1, 2, 3, 4, 5]
  Overlap detected: Fish 1 ↔ Fish 2 [frame 2568] IoU=0.02
  Overlap detected: Fish 2 ↔ Fish 5 [frame 2568] IoU=0.01
  Overlap detected: Fish 3 ↔ Fish 4 [frame 2568] IoU=0.00
  Frozen during overlap [frame 2569]: Fish [1, 2, 3, 4, 5]
  Overlap detected: Fish 1 ↔ Fish 2 [frame 2569] IoU=0.02
  Overlap detected: Fish 2 ↔ Fish 5 [frame 2569] IoU=0.01
  Overlap detected: Fish 3 ↔ Fish 4 [frame 2569] IoU=0.00
  Frozen during overlap [frame 2570]: Fish [1, 2, 3, 4, 5]
  Overlap detected: Fish 1 ↔ Fish 2 [frame 2570] IoU=0.02
  Overlap detected: Fish 2 ↔ Fish 5 [frame 2570] IoU=0.01
  Overlap detected: Fish 3 ↔ Fish 4 [frame 2570] IoU=0.00
  Frozen during overlap [frame 2571]: Fish [1, 2, 3, 4, 5]
  Overlap detected: Fish 1 ↔ Fish 2 [frame 2571] IoU=0.02
  Overlap detected: Fish 2 ↔ Fish 5 [frame 2571] IoU=0.01
  Overlap detected: Fish 3 ↔ Fish 4 [frame 2571] IoU=0.00
  Frozen during overlap [frame 2572]: Fish [1, 2, 3, 4, 5]
  Overlap detected: Fish 1 ↔ Fish 2 [frame 2572] IoU=0.02
  Overlap detected: Fish 2 ↔ Fish 5 [frame 2572] IoU=0.01
  Overlap detected: Fish 3 ↔ Fish 4 [frame 2572] IoU=0.00
  Frozen during overlap [frame 2573]: Fish [1, 2, 3, 4, 5]
  Overlap detected: Fish 1 ↔ Fish 2 [frame 2573] IoU=0.02
  Overlap detected: Fish 2 ↔ Fish 5 [frame 2573] IoU=0.01
  Overlap detected: Fish 3 ↔ Fish 4 [frame 2573] IoU=0.00
  Frozen during overlap [frame 2574]: Fish [1, 2, 3, 4, 5]
  Overlap detected: Fish 1 ↔ Fish 2 [frame 2574] IoU=0.02
  Overlap detected: Fish 2 ↔ Fish 5 [frame 2574] IoU=0.01
  Overlap detected: Fish 3 ↔ Fish 4 [frame 2574] IoU=0.00
  Frozen during overlap [frame 2575]: Fish [1, 2, 3, 4, 5]
  Overlap detected: Fish 1 ↔ Fish 2 [frame 2575] IoU=0.02
  Overlap detected: Fish 2 ↔ Fish 5 [frame 2575] IoU=0.01
  Overlap detected: Fish 3 ↔ Fish 4 [frame 2575] IoU=0.00
  Frozen during overlap [frame 2576]: Fish [1, 2, 3, 4, 5]
  Overlap detected: Fish 1 ↔ Fish 2 [frame 2576] IoU=0.02
  Overlap detected: Fish 2 ↔ Fish 5 [frame 2576] IoU=0.01
  Overlap detected: Fish 3 ↔ Fish 4 [frame 2576] IoU=0.00
  Frozen during overlap [frame 2577]: Fish [1, 2, 3, 4, 5]
  Overlap detected: Fish 1 ↔ Fish 2 [frame 2577] IoU=0.02
  Overlap detected: Fish 2 ↔ Fish 5 [frame 2577] IoU=0.01
  Overlap detected: Fish 3 ↔ Fish 4 [frame 2577] IoU=0.00
  Frozen during overlap [frame 2578]: Fish [1, 2, 3, 4, 5]
  Overlap detected: Fish 1 ↔ Fish 2 [frame 2578] IoU=0.02
  Overlap detected: Fish 2 ↔ Fish 5 [frame 2578] IoU=0.01
  Overlap detected: Fish 3 ↔ Fish 4 [frame 2578] IoU=0.00
  Frozen during overlap [frame 2579]: Fish [1, 2, 3, 4, 5]
  Overlap detected: Fish 1 ↔ Fish 2 [frame 2579] IoU=0.02
  Overlap detected: Fish 2 ↔ Fish 5 [frame 2579] IoU=0.01
  Overlap detected: Fish 3 ↔ Fish 4 [frame 2579] IoU=0.00
  Frozen during overlap [frame 2580]: Fish [1, 2, 3, 4, 5]
  Overlap detected: Fish 1 ↔ Fish 2 [frame 2580] IoU=0.02
  Overlap detected: Fish 2 ↔ Fish 5 [frame 2580] IoU=0.01
  Overlap detected: Fish 3 ↔ Fish 4 [frame 2580] IoU=0.00
  Frame 2580/3600 | second 43
  Frozen during overlap [frame 2581]: Fish [1, 2, 3, 4, 5]
  Overlap detected: Fish 1 ↔ Fish 2 [frame 2581] IoU=0.02
  Overlap detected: Fish 2 ↔ Fish 5 [frame 2581] IoU=0.01
  Overlap detected: Fish 3 ↔ Fish 4 [frame 2581] IoU=0.00
  Frozen during overlap [frame 2582]: Fish [1, 2, 3, 4, 5]
  Overlap detected: Fish 1 ↔ Fish 2 [frame 2582] IoU=0.02
  Overlap detected: Fish 2 ↔ Fish 5 [frame 2582] IoU=0.01
  Overlap detected: Fish 3 ↔ Fish 4 [frame 2582] IoU=0.00
  Frozen during overlap [frame 2583]: Fish [1, 2, 3, 4, 5]
  Overlap detected: Fish 1 ↔ Fish 2 [frame 2583] IoU=0.02
  Overlap detected: Fish 2 ↔ Fish 5 [frame 2583] IoU=0.01
  Overlap detected: Fish 3 ↔ Fish 4 [frame 2583] IoU=0.00
  Frozen during overlap [frame 2584]: Fish [1, 2, 3, 4, 5]
  Overlap detected: Fish 1 ↔ Fish 2 [frame 2584] IoU=0.02
  Overlap detected: Fish 2 ↔ Fish 5 [frame 2584] IoU=0.01
  Overlap detected: Fish 3 ↔ Fish 4 [frame 2584] IoU=0.00
  Frozen during overlap [frame 2585]: Fish [1, 2, 3, 4, 5]
  Overlap detected: Fish 1 ↔ Fish 2 [frame 2585] IoU=0.02
  Overlap detected: Fish 2 ↔ Fish 5 [frame 2585] IoU=0.01
  Overlap detected: Fish 3 ↔ Fish 4 [frame 2585] IoU=0.00
  Frozen during overlap [frame 2586]: Fish [1, 2, 3, 4, 5]
  Overlap detected: Fish 1 ↔ Fish 2 [frame 2586] IoU=0.02
  Overlap detected: Fish 2 ↔ Fish 5 [frame 2586] IoU=0.01
  Overlap detected: Fish 3 ↔ Fish 4 [frame 2586] IoU=0.00
  Frozen during overlap [frame 2587]: Fish [1, 2, 3, 4, 5]
  Overlap detected: Fish 1 ↔ Fish 2 [frame 2587] IoU=0.02
  Overlap detected: Fish 2 ↔ Fish 5 [frame 2587] IoU=0.01
  Overlap detected: Fish 3 ↔ Fish 4 [frame 2587] IoU=0.00
  Frozen during overlap [frame 2588]: Fish [1, 2, 3, 4, 5]
  Overlap detected: Fish 1 ↔ Fish 2 [frame 2588] IoU=0.02
  Overlap detected: Fish 2 ↔ Fish 5 [frame 2588] IoU=0.01
  Overlap detected: Fish 3 ↔ Fish 4 [frame 2588] IoU=0.00
  Frozen during overlap [frame 2589]: Fish [1, 2, 3, 4, 5]
  Overlap detected: Fish 1 ↔ Fish 2 [frame 2589] IoU=0.02
  Overlap detected: Fish 2 ↔ Fish 5 [frame 2589] IoU=0.01
  Overlap detected: Fish 3 ↔ Fish 4 [frame 2589] IoU=0.00
  Frozen during overlap [frame 2590]: Fish [1, 2, 3, 4, 5]
  Overlap detected: Fish 1 ↔ Fish 2 [frame 2590] IoU=0.02
  Overlap detected: Fish 2 ↔ Fish 5 [frame 2590] IoU=0.01
  Overlap detected: Fish 3 ↔ Fish 4 [frame 2590] IoU=0.00
  Frozen during overlap [frame 2591]: Fish [1, 2, 3, 4, 5]
  Overlap detected: Fish 1 ↔ Fish 2 [frame 2591] IoU=0.02
  Overlap detected: Fish 2 ↔ Fish 5 [frame 2591] IoU=0.01
  Overlap detected: Fish 3 ↔ Fish 4 [frame 2591] IoU=0.00
  Frozen during overlap [frame 2592]: Fish [1, 2, 3, 4, 5]
  Overlap detected: Fish 1 ↔ Fish 2 [frame 2592] IoU=0.02
  Overlap detected: Fish 2 ↔ Fish 5 [frame 2592] IoU=0.01
  Overlap detected: Fish 3 ↔ Fish 4 [frame 2592] IoU=0.00
  Frozen during overlap [frame 2593]: Fish [1, 2, 3, 4, 5]
  Overlap detected: Fish 1 ↔ Fish 2 [frame 2593] IoU=0.02
  Overlap detected: Fish 2 ↔ Fish 5 [frame 2593] IoU=0.01
  Overlap detected: Fish 3 ↔ Fish 4 [frame 2593] IoU=0.00
  Frozen during overlap [frame 2594]: Fish [1, 2, 3, 4, 5]
  Overlap detected: Fish 1 ↔ Fish 2 [frame 2594] IoU=0.02
  Overlap detected: Fish 2 ↔ Fish 5 [frame 2594] IoU=0.01
  Overlap detected: Fish 3 ↔ Fish 4 [frame 2594] IoU=0.00
  Frozen during overlap [frame 2595]: Fish [1, 2, 3, 4, 5]
  Overlap detected: Fish 1 ↔ Fish 2 [frame 2595] IoU=0.02
  Overlap detected: Fish 2 ↔ Fish 5 [frame 2595] IoU=0.01
  Overlap detected: Fish 3 ↔ Fish 4 [frame 2595] IoU=0.00
  Frozen during overlap [frame 2596]: Fish [1, 2, 3, 4, 5]
  Overlap detected: Fish 1 ↔ Fish 2 [frame 2596] IoU=0.02
  Overlap detected: Fish 2 ↔ Fish 5 [frame 2596] IoU=0.01
  Overlap detected: Fish 3 ↔ Fish 4 [frame 2596] IoU=0.00
  Frozen during overlap [frame 2597]: Fish [1, 2, 3, 4, 5]
  Overlap detected: Fish 1 ↔ Fish 2 [frame 2597] IoU=0.02
  Overlap detected: Fish 2 ↔ Fish 5 [frame 2597] IoU=0.01
  Overlap detected: Fish 3 ↔ Fish 4 [frame 2597] IoU=0.00
  Frozen during overlap [frame 2598]: Fish [1, 2, 3, 4, 5]
  Overlap detected: Fish 1 ↔ Fish 2 [frame 2598] IoU=0.02
  Overlap detected: Fish 2 ↔ Fish 5 [frame 2598] IoU=0.01
  Overlap detected: Fish 3 ↔ Fish 4 [frame 2598] IoU=0.00
  Frozen during overlap [frame 2599]: Fish [1, 2, 3, 4, 5]
  Overlap detected: Fish 1 ↔ Fish 2 [frame 2599] IoU=0.02
  Overlap detected: Fish 2 ↔ Fish 5 [frame 2599] IoU=0.01
  Overlap detected: Fish 3 ↔ Fish 4 [frame 2599] IoU=0.00
  Frozen during overlap [frame 2600]: Fish [1, 2, 3, 4, 5]
  Overlap detected: Fish 1 ↔ Fish 2 [frame 2600] IoU=0.02
  Overlap detected: Fish 2 ↔ Fish 5 [frame 2600] IoU=0.01
  Overlap detected: Fish 3 ↔ Fish 4 [frame 2600] IoU=0.00
  Frozen during overlap [frame 2601]: Fish [1, 2, 3, 4, 5]
  Overlap detected: Fish 1 ↔ Fish 2 [frame 2601] IoU=0.02
  Overlap detected: Fish 2 ↔ Fish 5 [frame 2601] IoU=0.01
  Overlap detected: Fish 3 ↔ Fish 4 [frame 2601] IoU=0.00
  Frozen during overlap [frame 2602]: Fish [1, 2, 3, 4, 5]
  Overlap detected: Fish 1 ↔ Fish 2 [frame 2602] IoU=0.02
  Overlap detected: Fish 2 ↔ Fish 5 [frame 2602] IoU=0.01
  Overlap detected: Fish 3 ↔ Fish 4 [frame 2602] IoU=0.00
  Frozen during overlap [frame 2603]: Fish [1, 2, 3, 4, 5]
  Overlap detected: Fish 1 ↔ Fish 2 [frame 2603] IoU=0.02
  Overlap detected: Fish 2 ↔ Fish 5 [frame 2603] IoU=0.01
  Overlap detected: Fish 3 ↔ Fish 4 [frame 2603] IoU=0.00
  Frozen during overlap [frame 2604]: Fish [1, 2, 3, 4, 5]
  Overlap detected: Fish 1 ↔ Fish 2 [frame 2604] IoU=0.02
  Overlap detected: Fish 2 ↔ Fish 5 [frame 2604] IoU=0.01
  Overlap detected: Fish 3 ↔ Fish 4 [frame 2604] IoU=0.00
  Frozen during overlap [frame 2605]: Fish [1, 2, 3, 4, 5]
  Overlap detected: Fish 1 ↔ Fish 2 [frame 2605] IoU=0.02
  Overlap detected: Fish 2 ↔ Fish 5 [frame 2605] IoU=0.01
  Overlap detected: Fish 3 ↔ Fish 4 [frame 2605] IoU=0.00
  Frozen during overlap [frame 2606]: Fish [1, 2, 3, 4, 5]
  Overlap detected: Fish 1 ↔ Fish 2 [frame 2606] IoU=0.02
  Overlap detected: Fish 2 ↔ Fish 5 [frame 2606] IoU=0.01
  Overlap detected: Fish 3 ↔ Fish 4 [frame 2606] IoU=0.00
  Frozen during overlap [frame 2607]: Fish [1, 2, 3, 4, 5]
  Overlap detected: Fish 1 ↔ Fish 2 [frame 2607] IoU=0.02
  Overlap detected: Fish 2 ↔ Fish 5 [frame 2607] IoU=0.01
  Overlap detected: Fish 3 ↔ Fish 4 [frame 2607] IoU=0.00
  Frozen during overlap [frame 2608]: Fish [1, 2, 3, 4, 5]
  Overlap detected: Fish 1 ↔ Fish 2 [frame 2608] IoU=0.02
  Overlap detected: Fish 2 ↔ Fish 5 [frame 2608] IoU=0.01
  Overlap detected: Fish 3 ↔ Fish 4 [frame 2608] IoU=0.00
  Frozen during overlap [frame 2609]: Fish [1, 2, 3, 4, 5]
  Overlap detected: Fish 1 ↔ Fish 2 [frame 2609] IoU=0.02
  Overlap detected: Fish 2 ↔ Fish 5 [frame 2609] IoU=0.01
  Overlap detected: Fish 3 ↔ Fish 4 [frame 2609] IoU=0.00
  Frozen during overlap [frame 2610]: Fish [1, 2, 3, 4, 5]
  Overlap detected: Fish 1 ↔ Fish 2 [frame 2610] IoU=0.02
  Overlap detected: Fish 2 ↔ Fish 5 [frame 2610] IoU=0.01
  Overlap detected: Fish 3 ↔ Fish 4 [frame 2610] IoU=0.00
  Frame 2610/3600 | second 43
  Frozen during overlap [frame 2611]: Fish [1, 2, 3, 4, 5]
  Overlap detected: Fish 1 ↔ Fish 2 [frame 2611] IoU=0.02
  Overlap detected: Fish 2 ↔ Fish 5 [frame 2611] IoU=0.01
  Overlap detected: Fish 3 ↔ Fish 4 [frame 2611] IoU=0.00
  Frozen during overlap [frame 2612]: Fish [1, 2, 3, 4, 5]
  Overlap detected: Fish 1 ↔ Fish 2 [frame 2612] IoU=0.02
  Overlap detected: Fish 2 ↔ Fish 5 [frame 2612] IoU=0.01
  Overlap detected: Fish 3 ↔ Fish 4 [frame 2612] IoU=0.00
  Frozen during overlap [frame 2613]: Fish [1, 2, 3, 4, 5]
  Overlap detected: Fish 1 ↔ Fish 2 [frame 2613] IoU=0.02
  Overlap detected: Fish 2 ↔ Fish 5 [frame 2613] IoU=0.01
  Overlap detected: Fish 3 ↔ Fish 4 [frame 2613] IoU=0.00
  Frozen during overlap [frame 2614]: Fish [1, 2, 3, 4, 5]
  Overlap detected: Fish 1 ↔ Fish 2 [frame 2614] IoU=0.02
  Overlap detected: Fish 2 ↔ Fish 5 [frame 2614] IoU=0.01
  Overlap detected: Fish 3 ↔ Fish 4 [frame 2614] IoU=0.00
  Frozen during overlap [frame 2615]: Fish [1, 2, 3, 4, 5]
  Overlap detected: Fish 1 ↔ Fish 2 [frame 2615] IoU=0.02
  Overlap detected: Fish 2 ↔ Fish 5 [frame 2615] IoU=0.01
  Overlap detected: Fish 3 ↔ Fish 4 [frame 2615] IoU=0.00
  Frozen during overlap [frame 2616]: Fish [1, 2, 3, 4, 5]
  Overlap detected: Fish 1 ↔ Fish 2 [frame 2616] IoU=0.02
  Overlap detected: Fish 2 ↔ Fish 5 [frame 2616] IoU=0.01
  Overlap detected: Fish 3 ↔ Fish 4 [frame 2616] IoU=0.00
  Frozen during overlap [frame 2617]: Fish [1, 2, 3, 4, 5]
  Overlap detected: Fish 1 ↔ Fish 2 [frame 2617] IoU=0.02
  Overlap detected: Fish 2 ↔ Fish 5 [frame 2617] IoU=0.01
  Overlap detected: Fish 3 ↔ Fish 4 [frame 2617] IoU=0.00
  Frozen during overlap [frame 2618]: Fish [1, 2, 3, 4, 5]
  Overlap detected: Fish 1 ↔ Fish 2 [frame 2618] IoU=0.02
  Overlap detected: Fish 2 ↔ Fish 5 [frame 2618] IoU=0.01
  Overlap detected: Fish 3 ↔ Fish 4 [frame 2618] IoU=0.00
  Frozen during overlap [frame 2619]: Fish [1, 2, 3, 4, 5]
  Overlap detected: Fish 1 ↔ Fish 2 [frame 2619] IoU=0.02
  Overlap detected: Fish 2 ↔ Fish 5 [frame 2619] IoU=0.01
  Overlap detected: Fish 3 ↔ Fish 4 [frame 2619] IoU=0.00
  Frozen during overlap [frame 2620]: Fish [1, 2, 3, 4, 5]
  Overlap detected: Fish 1 ↔ Fish 2 [frame 2620] IoU=0.02
  Overlap detected: Fish 2 ↔ Fish 5 [frame 2620] IoU=0.01
  Overlap detected: Fish 3 ↔ Fish 4 [frame 2620] IoU=0.00
  Frozen during overlap [frame 2621]: Fish [1, 2, 3, 4, 5]
  Overlap detected: Fish 1 ↔ Fish 2 [frame 2621] IoU=0.02
  Overlap detected: Fish 2 ↔ Fish 5 [frame 2621] IoU=0.01
  Overlap detected: Fish 3 ↔ Fish 4 [frame 2621] IoU=0.00
  Frozen during overlap [frame 2622]: Fish [1, 2, 3, 4, 5]
  Overlap detected: Fish 1 ↔ Fish 2 [frame 2622] IoU=0.02
  Overlap detected: Fish 2 ↔ Fish 5 [frame 2622] IoU=0.01
  Overlap detected: Fish 3 ↔ Fish 4 [frame 2622] IoU=0.00
  Frozen during overlap [frame 2623]: Fish [1, 2, 3, 4, 5]
  Overlap detected: Fish 1 ↔ Fish 2 [frame 2623] IoU=0.02
  Overlap detected: Fish 2 ↔ Fish 5 [frame 2623] IoU=0.01
  Overlap detected: Fish 3 ↔ Fish 4 [frame 2623] IoU=0.00
  Frozen during overlap [frame 2624]: Fish [1, 2, 3, 4, 5]
  Overlap detected: Fish 1 ↔ Fish 2 [frame 2624] IoU=0.02
  Overlap detected: Fish 2 ↔ Fish 5 [frame 2624] IoU=0.01
  Overlap detected: Fish 3 ↔ Fish 4 [frame 2624] IoU=0.00
  Frozen during overlap [frame 2625]: Fish [1, 2, 3, 4, 5]
  Overlap detected: Fish 1 ↔ Fish 2 [frame 2625] IoU=0.02
  Overlap detected: Fish 2 ↔ Fish 5 [frame 2625] IoU=0.01
  Overlap detected: Fish 3 ↔ Fish 4 [frame 2625] IoU=0.00
  Frozen during overlap [frame 2626]: Fish [1, 2, 3, 4, 5]
  Overlap detected: Fish 1 ↔ Fish 2 [frame 2626] IoU=0.02
  Overlap detected: Fish 2 ↔ Fish 5 [frame 2626] IoU=0.01
  Overlap detected: Fish 3 ↔ Fish 4 [frame 2626] IoU=0.00
  Frozen during overlap [frame 2627]: Fish [1, 2, 3, 4, 5]
  Overlap detected: Fish 1 ↔ Fish 2 [frame 2627] IoU=0.02
  Overlap detected: Fish 2 ↔ Fish 5 [frame 2627] IoU=0.01
  Overlap detected: Fish 3 ↔ Fish 4 [frame 2627] IoU=0.00
  Frozen during overlap [frame 2628]: Fish [1, 2, 3, 4, 5]
  Overlap detected: Fish 1 ↔ Fish 2 [frame 2628] IoU=0.02
  Overlap detected: Fish 2 ↔ Fish 5 [frame 2628] IoU=0.01
  Overlap detected: Fish 3 ↔ Fish 4 [frame 2628] IoU=0.00
  Frozen during overlap [frame 2629]: Fish [1, 2, 3, 4, 5]
  Overlap detected: Fish 1 ↔ Fish 2 [frame 2629] IoU=0.02
  Overlap detected: Fish 2 ↔ Fish 5 [frame 2629] IoU=0.01
  Overlap detected: Fish 3 ↔ Fish 4 [frame 2629] IoU=0.00
  Frozen during overlap [frame 2630]: Fish [1, 2, 3, 4, 5]
  Overlap detected: Fish 1 ↔ Fish 2 [frame 2630] IoU=0.02
  Overlap detected: Fish 2 ↔ Fish 5 [frame 2630] IoU=0.01
  Overlap detected: Fish 3 ↔ Fish 4 [frame 2630] IoU=0.00
  Frozen during overlap [frame 2631]: Fish [1, 2, 3, 4, 5]
  Overlap detected: Fish 1 ↔ Fish 2 [frame 2631] IoU=0.02
  Overlap detected: Fish 2 ↔ Fish 5 [frame 2631] IoU=0.01
  Overlap detected: Fish 3 ↔ Fish 4 [frame 2631] IoU=0.00
  Frozen during overlap [frame 2632]: Fish [1, 2, 3, 4, 5]
  Overlap detected: Fish 1 ↔ Fish 2 [frame 2632] IoU=0.02
  Overlap detected: Fish 2 ↔ Fish 5 [frame 2632] IoU=0.01
  Overlap detected: Fish 3 ↔ Fish 4 [frame 2632] IoU=0.00
  Frozen during overlap [frame 2633]: Fish [1, 2, 3, 4, 5]
  Overlap detected: Fish 1 ↔ Fish 2 [frame 2633] IoU=0.02
  Overlap detected: Fish 2 ↔ Fish 5 [frame 2633] IoU=0.01
  Overlap detected: Fish 3 ↔ Fish 4 [frame 2633] IoU=0.00
  Frozen during overlap [frame 2634]: Fish [1, 2, 3, 4, 5]
  Overlap detected: Fish 1 ↔ Fish 2 [frame 2634] IoU=0.02
  Overlap detected: Fish 2 ↔ Fish 5 [frame 2634] IoU=0.01
  Overlap detected: Fish 3 ↔ Fish 4 [frame 2634] IoU=0.00
  Frozen during overlap [frame 2635]: Fish [1, 2, 3, 4, 5]
  Overlap detected: Fish 1 ↔ Fish 2 [frame 2635] IoU=0.02
  Overlap detected: Fish 2 ↔ Fish 5 [frame 2635] IoU=0.01
  Overlap detected: Fish 3 ↔ Fish 4 [frame 2635] IoU=0.00
  Frozen during overlap [frame 2636]: Fish [1, 2, 3, 4, 5]
  Overlap detected: Fish 1 ↔ Fish 2 [frame 2636] IoU=0.02
  Overlap detected: Fish 2 ↔ Fish 5 [frame 2636] IoU=0.01
  Overlap detected: Fish 3 ↔ Fish 4 [frame 2636] IoU=0.00
  Frozen during overlap [frame 2637]: Fish [1, 2, 3, 4, 5]
  Overlap detected: Fish 1 ↔ Fish 2 [frame 2637] IoU=0.02
  Overlap detected: Fish 2 ↔ Fish 5 [frame 2637] IoU=0.01
  Overlap detected: Fish 3 ↔ Fish 4 [frame 2637] IoU=0.00
  Frozen during overlap [frame 2638]: Fish [1, 2, 3, 4, 5]
  Overlap detected: Fish 1 ↔ Fish 2 [frame 2638] IoU=0.02
  Overlap detected: Fish 2 ↔ Fish 5 [frame 2638] IoU=0.01
  Overlap detected: Fish 3 ↔ Fish 4 [frame 2638] IoU=0.00
  Frozen during overlap [frame 2639]: Fish [1, 2, 3, 4, 5]
  Overlap detected: Fish 1 ↔ Fish 2 [frame 2639] IoU=0.02
  Overlap detected: Fish 2 ↔ Fish 5 [frame 2639] IoU=0.01
  Overlap detected: Fish 3 ↔ Fish 4 [frame 2639] IoU=0.00
  Frozen during overlap [frame 2640]: Fish [1, 2, 3, 4, 5]
  Overlap detected: Fish 1 ↔ Fish 2 [frame 2640] IoU=0.02
  Overlap detected: Fish 2 ↔ Fish 5 [frame 2640] IoU=0.01
  Overlap detected: Fish 3 ↔ Fish 4 [frame 2640] IoU=0.00
  Frame 2640/3600 | second 44
  Frozen during overlap [frame 2641]: Fish [1, 2, 3, 4, 5]
  Overlap detected: Fish 1 ↔ Fish 2 [frame 2641] IoU=0.02
  Overlap detected: Fish 2 ↔ Fish 5 [frame 2641] IoU=0.01
  Overlap detected: Fish 3 ↔ Fish 4 [frame 2641] IoU=0.00
  Frozen during overlap [frame 2642]: Fish [1, 2, 3, 4, 5]
  Overlap detected: Fish 1 ↔ Fish 2 [frame 2642] IoU=0.02
  Overlap detected: Fish 2 ↔ Fish 5 [frame 2642] IoU=0.01
  Overlap detected: Fish 3 ↔ Fish 4 [frame 2642] IoU=0.00
  Frozen during overlap [frame 2643]: Fish [1, 2, 3, 4, 5]
  Overlap detected: Fish 1 ↔ Fish 2 [frame 2643] IoU=0.02
  Overlap detected: Fish 2 ↔ Fish 5 [frame 2643] IoU=0.01
  Overlap detected: Fish 3 ↔ Fish 4 [frame 2643] IoU=0.00
  Frozen during overlap [frame 2644]: Fish [1, 2, 3, 4, 5]
  Overlap detected: Fish 1 ↔ Fish 2 [frame 2644] IoU=0.02
  Overlap detected: Fish 2 ↔ Fish 5 [frame 2644] IoU=0.01
  Overlap detected: Fish 3 ↔ Fish 4 [frame 2644] IoU=0.00
  Frozen during overlap [frame 2645]: Fish [1, 2, 3, 4, 5]
  Overlap detected: Fish 1 ↔ Fish 2 [frame 2645] IoU=0.02
  Overlap detected: Fish 2 ↔ Fish 5 [frame 2645] IoU=0.01
  Overlap detected: Fish 3 ↔ Fish 4 [frame 2645] IoU=0.00
  Frozen during overlap [frame 2646]: Fish [1, 2, 3, 4, 5]
  Overlap detected: Fish 1 ↔ Fish 2 [frame 2646] IoU=0.02
  Overlap detected: Fish 2 ↔ Fish 5 [frame 2646] IoU=0.01
  Overlap detected: Fish 3 ↔ Fish 4 [frame 2646] IoU=0.00
  Frozen during overlap [frame 2647]: Fish [1, 2, 3, 4, 5]
  Overlap detected: Fish 1 ↔ Fish 2 [frame 2647] IoU=0.02
  Overlap detected: Fish 2 ↔ Fish 5 [frame 2647] IoU=0.01
  Overlap detected: Fish 3 ↔ Fish 4 [frame 2647] IoU=0.00
  Frozen during overlap [frame 2648]: Fish [1, 2, 3, 4, 5]
  Overlap detected: Fish 1 ↔ Fish 2 [frame 2648] IoU=0.02
  Overlap detected: Fish 2 ↔ Fish 5 [frame 2648] IoU=0.01
  Overlap detected: Fish 3 ↔ Fish 4 [frame 2648] IoU=0.00
  Frozen during overlap [frame 2649]: Fish [1, 2, 3, 4, 5]
  Overlap detected: Fish 1 ↔ Fish 2 [frame 2649] IoU=0.02
  Overlap detected: Fish 2 ↔ Fish 5 [frame 2649] IoU=0.01
  Overlap detected: Fish 3 ↔ Fish 4 [frame 2649] IoU=0.00
  Frozen during overlap [frame 2650]: Fish [1, 2, 3, 4, 5]
  Overlap detected: Fish 1 ↔ Fish 2 [frame 2650] IoU=0.02
  Overlap detected: Fish 2 ↔ Fish 5 [frame 2650] IoU=0.01
  Overlap detected: Fish 3 ↔ Fish 4 [frame 2650] IoU=0.00
  Frozen during overlap [frame 2651]: Fish [1, 2, 3, 4, 5]
  Overlap detected: Fish 1 ↔ Fish 2 [frame 2651] IoU=0.02
  Overlap detected: Fish 2 ↔ Fish 5 [frame 2651] IoU=0.01
  Overlap detected: Fish 3 ↔ Fish 4 [frame 2651] IoU=0.00
  Frozen during overlap [frame 2652]: Fish [1, 2, 3, 4, 5]
  Overlap detected: Fish 1 ↔ Fish 2 [frame 2652] IoU=0.02
  Overlap detected: Fish 2 ↔ Fish 5 [frame 2652] IoU=0.01
  Overlap detected: Fish 3 ↔ Fish 4 [frame 2652] IoU=0.00
  Frozen during overlap [frame 2653]: Fish [1, 2, 3, 4, 5]
  Overlap detected: Fish 1 ↔ Fish 2 [frame 2653] IoU=0.02
  Overlap detected: Fish 2 ↔ Fish 5 [frame 2653] IoU=0.01
  Overlap detected: Fish 3 ↔ Fish 4 [frame 2653] IoU=0.00
  Frozen during overlap [frame 2654]: Fish [1, 2, 3, 4, 5]
  Overlap detected: Fish 1 ↔ Fish 2 [frame 2654] IoU=0.02
  Overlap detected: Fish 2 ↔ Fish 5 [frame 2654] IoU=0.01
  Overlap detected: Fish 3 ↔ Fish 4 [frame 2654] IoU=0.00
  Frozen during overlap [frame 2655]: Fish [1, 2, 3, 4, 5]
  Overlap detected: Fish 1 ↔ Fish 2 [frame 2655] IoU=0.02
  Overlap detected: Fish 2 ↔ Fish 5 [frame 2655] IoU=0.01
  Overlap detected: Fish 3 ↔ Fish 4 [frame 2655] IoU=0.00
  Frozen during overlap [frame 2656]: Fish [1, 2, 3, 4, 5]
  Overlap detected: Fish 1 ↔ Fish 2 [frame 2656] IoU=0.02
  Overlap detected: Fish 2 ↔ Fish 5 [frame 2656] IoU=0.01
  Overlap detected: Fish 3 ↔ Fish 4 [frame 2656] IoU=0.00
  Frozen during overlap [frame 2657]: Fish [1, 2, 3, 4, 5]
  Overlap detected: Fish 1 ↔ Fish 2 [frame 2657] IoU=0.02
  Overlap detected: Fish 2 ↔ Fish 5 [frame 2657] IoU=0.01
  Overlap detected: Fish 3 ↔ Fish 4 [frame 2657] IoU=0.00
  Frozen during overlap [frame 2658]: Fish [1, 2, 3, 4, 5]
  Overlap detected: Fish 1 ↔ Fish 2 [frame 2658] IoU=0.02
  Overlap detected: Fish 2 ↔ Fish 5 [frame 2658] IoU=0.01
  Overlap detected: Fish 3 ↔ Fish 4 [frame 2658] IoU=0.00
  Frozen during overlap [frame 2659]: Fish [1, 2, 3, 4, 5]
  Overlap detected: Fish 1 ↔ Fish 2 [frame 2659] IoU=0.02
  Overlap detected: Fish 2 ↔ Fish 5 [frame 2659] IoU=0.01
  Overlap detected: Fish 3 ↔ Fish 4 [frame 2659] IoU=0.00
  Frozen during overlap [frame 2660]: Fish [1, 2, 3, 4, 5]
  Overlap detected: Fish 1 ↔ Fish 2 [frame 2660] IoU=0.02
  Overlap detected: Fish 2 ↔ Fish 5 [frame 2660] IoU=0.01
  Overlap detected: Fish 3 ↔ Fish 4 [frame 2660] IoU=0.00
  Frozen during overlap [frame 2661]: Fish [1, 2, 3, 4, 5]
  Overlap detected: Fish 1 ↔ Fish 2 [frame 2661] IoU=0.02
  Overlap detected: Fish 2 ↔ Fish 5 [frame 2661] IoU=0.01
  Overlap detected: Fish 3 ↔ Fish 4 [frame 2661] IoU=0.00
  Frozen during overlap [frame 2662]: Fish [1, 2, 3, 4, 5]
  Overlap detected: Fish 1 ↔ Fish 2 [frame 2662] IoU=0.02
  Overlap detected: Fish 2 ↔ Fish 5 [frame 2662] IoU=0.01
  Overlap detected: Fish 3 ↔ Fish 4 [frame 2662] IoU=0.00
  Frozen during overlap [frame 2663]: Fish [1, 2, 3, 4, 5]
  Overlap detected: Fish 1 ↔ Fish 2 [frame 2663] IoU=0.02
  Overlap detected: Fish 2 ↔ Fish 5 [frame 2663] IoU=0.01
  Overlap detected: Fish 3 ↔ Fish 4 [frame 2663] IoU=0.00
  Frozen during overlap [frame 2664]: Fish [1, 2, 3, 4, 5]
  Overlap detected: Fish 1 ↔ Fish 2 [frame 2664] IoU=0.02
  Overlap detected: Fish 2 ↔ Fish 5 [frame 2664] IoU=0.01
  Overlap detected: Fish 3 ↔ Fish 4 [frame 2664] IoU=0.00
  Frozen during overlap [frame 2665]: Fish [1, 2, 3, 4, 5]
  Overlap detected: Fish 1 ↔ Fish 2 [frame 2665] IoU=0.02
  Overlap detected: Fish 2 ↔ Fish 5 [frame 2665] IoU=0.01
  Overlap detected: Fish 3 ↔ Fish 4 [frame 2665] IoU=0.00
  Frozen during overlap [frame 2666]: Fish [1, 2, 3, 4, 5]
  Overlap detected: Fish 1 ↔ Fish 2 [frame 2666] IoU=0.02
  Overlap detected: Fish 2 ↔ Fish 5 [frame 2666] IoU=0.01
  Overlap detected: Fish 3 ↔ Fish 4 [frame 2666] IoU=0.00
  Frozen during overlap [frame 2667]: Fish [1, 2, 3, 4, 5]
  Overlap detected: Fish 1 ↔ Fish 2 [frame 2667] IoU=0.02
  Overlap detected: Fish 2 ↔ Fish 5 [frame 2667] IoU=0.01
  Overlap detected: Fish 3 ↔ Fish 4 [frame 2667] IoU=0.00
  Frozen during overlap [frame 2668]: Fish [1, 2, 3, 4, 5]
  Overlap detected: Fish 1 ↔ Fish 2 [frame 2668] IoU=0.02
  Overlap detected: Fish 2 ↔ Fish 5 [frame 2668] IoU=0.01
  Overlap detected: Fish 3 ↔ Fish 4 [frame 2668] IoU=0.00
  Frozen during overlap [frame 2669]: Fish [1, 2, 3, 4, 5]
  Overlap detected: Fish 1 ↔ Fish 2 [frame 2669] IoU=0.02
  Overlap detected: Fish 2 ↔ Fish 5 [frame 2669] IoU=0.01
  Overlap detected: Fish 3 ↔ Fish 4 [frame 2669] IoU=0.00
  Frozen during overlap [frame 2670]: Fish [1, 2, 3, 4, 5]
  Overlap detected: Fish 1 ↔ Fish 2 [frame 2670] IoU=0.02
  Overlap detected: Fish 2 ↔ Fish 5 [frame 2670] IoU=0.01
  Overlap detected: Fish 3 ↔ Fish 4 [frame 2670] IoU=0.00
  Frame 2670/3600 | second 44
  Frozen during overlap [frame 2671]: Fish [1, 2, 3, 4, 5]
  Overlap detected: Fish 1 ↔ Fish 2 [frame 2671] IoU=0.02
  Overlap detected: Fish 2 ↔ Fish 5 [frame 2671] IoU=0.01
  Overlap detected: Fish 3 ↔ Fish 4 [frame 2671] IoU=0.00
  Frozen during overlap [frame 2672]: Fish [1, 2, 3, 4, 5]
  Overlap detected: Fish 1 ↔ Fish 2 [frame 2672] IoU=0.02
  Overlap detected: Fish 2 ↔ Fish 5 [frame 2672] IoU=0.01
  Overlap detected: Fish 3 ↔ Fish 4 [frame 2672] IoU=0.00
  Frozen during overlap [frame 2673]: Fish [1, 2, 3, 4, 5]
  Overlap detected: Fish 1 ↔ Fish 2 [frame 2673] IoU=0.02
  Overlap detected: Fish 2 ↔ Fish 5 [frame 2673] IoU=0.01
  Overlap detected: Fish 3 ↔ Fish 4 [frame 2673] IoU=0.00
  Frozen during overlap [frame 2674]: Fish [1, 2, 3, 4, 5]
  Overlap detected: Fish 1 ↔ Fish 2 [frame 2674] IoU=0.02
  Overlap detected: Fish 2 ↔ Fish 5 [frame 2674] IoU=0.01
  Overlap detected: Fish 3 ↔ Fish 4 [frame 2674] IoU=0.00
  Frozen during overlap [frame 2675]: Fish [1, 2, 3, 4, 5]
  Overlap detected: Fish 1 ↔ Fish 2 [frame 2675] IoU=0.02
  Overlap detected: Fish 2 ↔ Fish 5 [frame 2675] IoU=0.01
  Overlap detected: Fish 3 ↔ Fish 4 [frame 2675] IoU=0.00
  Frozen during overlap [frame 2676]: Fish [1, 2, 3, 4, 5]
  Overlap detected: Fish 1 ↔ Fish 2 [frame 2676] IoU=0.02
  Overlap detected: Fish 2 ↔ Fish 5 [frame 2676] IoU=0.01
  Overlap detected: Fish 3 ↔ Fish 4 [frame 2676] IoU=0.00
  Frozen during overlap [frame 2677]: Fish [1, 2, 3, 4, 5]
  Overlap detected: Fish 1 ↔ Fish 2 [frame 2677] IoU=0.02
  Overlap detected: Fish 2 ↔ Fish 5 [frame 2677] IoU=0.01
  Overlap detected: Fish 3 ↔ Fish 4 [frame 2677] IoU=0.00
  Frozen during overlap [frame 2678]: Fish [1, 2, 3, 4, 5]
  Overlap detected: Fish 1 ↔ Fish 2 [frame 2678] IoU=0.02
  Overlap detected: Fish 2 ↔ Fish 5 [frame 2678] IoU=0.01
  Overlap detected: Fish 3 ↔ Fish 4 [frame 2678] IoU=0.00
  Frozen during overlap [frame 2679]: Fish [1, 2, 3, 4, 5]
  Overlap detected: Fish 1 ↔ Fish 2 [frame 2679] IoU=0.02
  Overlap detected: Fish 2 ↔ Fish 5 [frame 2679] IoU=0.01
  Overlap detected: Fish 3 ↔ Fish 4 [frame 2679] IoU=0.00
  Frozen during overlap [frame 2680]: Fish [1, 2, 3, 4, 5]
  Overlap detected: Fish 1 ↔ Fish 2 [frame 2680] IoU=0.02
  Overlap detected: Fish 2 ↔ Fish 5 [frame 2680] IoU=0.01
  Overlap detected: Fish 3 ↔ Fish 4 [frame 2680] IoU=0.00
  Frozen during overlap [frame 2681]: Fish [1, 2, 3, 4, 5]
  Overlap detected: Fish 1 ↔ Fish 2 [frame 2681] IoU=0.02
  Overlap detected: Fish 2 ↔ Fish 5 [frame 2681] IoU=0.01
  Overlap detected: Fish 3 ↔ Fish 4 [frame 2681] IoU=0.00
  Frozen during overlap [frame 2682]: Fish [1, 2, 3, 4, 5]
  Overlap detected: Fish 1 ↔ Fish 2 [frame 2682] IoU=0.02
  Overlap detected: Fish 2 ↔ Fish 5 [frame 2682] IoU=0.01
  Overlap detected: Fish 3 ↔ Fish 4 [frame 2682] IoU=0.00
  Frozen during overlap [frame 2683]: Fish [1, 2, 3, 4, 5]
  Overlap detected: Fish 1 ↔ Fish 2 [frame 2683] IoU=0.02
  Overlap detected: Fish 2 ↔ Fish 5 [frame 2683] IoU=0.01
  Overlap detected: Fish 3 ↔ Fish 4 [frame 2683] IoU=0.00
  Frozen during overlap [frame 2684]: Fish [1, 2, 3, 4, 5]
  Overlap detected: Fish 1 ↔ Fish 2 [frame 2684] IoU=0.02
  Overlap detected: Fish 2 ↔ Fish 5 [frame 2684] IoU=0.01
  Overlap detected: Fish 3 ↔ Fish 4 [frame 2684] IoU=0.00
  Frozen during overlap [frame 2685]: Fish [1, 2, 3, 4, 5]
  Overlap detected: Fish 1 ↔ Fish 2 [frame 2685] IoU=0.02
  Overlap detected: Fish 2 ↔ Fish 5 [frame 2685] IoU=0.01
  Overlap detected: Fish 3 ↔ Fish 4 [frame 2685] IoU=0.00
  Frozen during overlap [frame 2686]: Fish [1, 2, 3, 4, 5]
  Overlap detected: Fish 1 ↔ Fish 2 [frame 2686] IoU=0.02
  Overlap detected: Fish 2 ↔ Fish 5 [frame 2686] IoU=0.01
  Overlap detected: Fish 3 ↔ Fish 4 [frame 2686] IoU=0.00
  Frozen during overlap [frame 2687]: Fish [1, 2, 3, 4, 5]
  Overlap detected: Fish 1 ↔ Fish 2 [frame 2687] IoU=0.02
  Overlap detected: Fish 2 ↔ Fish 5 [frame 2687] IoU=0.01
  Overlap detected: Fish 3 ↔ Fish 4 [frame 2687] IoU=0.00
  Frozen during overlap [frame 2688]: Fish [1, 2, 3, 4, 5]
  Overlap detected: Fish 1 ↔ Fish 2 [frame 2688] IoU=0.02
  Overlap detected: Fish 2 ↔ Fish 5 [frame 2688] IoU=0.01
  Overlap detected: Fish 3 ↔ Fish 4 [frame 2688] IoU=0.00
  Frozen during overlap [frame 2689]: Fish [1, 2, 3, 4, 5]
  Overlap detected: Fish 1 ↔ Fish 2 [frame 2689] IoU=0.02
  Overlap detected: Fish 2 ↔ Fish 5 [frame 2689] IoU=0.01
  Overlap detected: Fish 3 ↔ Fish 4 [frame 2689] IoU=0.00
  Frozen during overlap [frame 2690]: Fish [1, 2, 3, 4, 5]
  Overlap detected: Fish 1 ↔ Fish 2 [frame 2690] IoU=0.02
  Overlap detected: Fish 2 ↔ Fish 5 [frame 2690] IoU=0.01
  Overlap detected: Fish 3 ↔ Fish 4 [frame 2690] IoU=0.00
  Frozen during overlap [frame 2691]: Fish [1, 2, 3, 4, 5]
  Overlap detected: Fish 1 ↔ Fish 2 [frame 2691] IoU=0.02
  Overlap detected: Fish 2 ↔ Fish 5 [frame 2691] IoU=0.01
  Overlap detected: Fish 3 ↔ Fish 4 [frame 2691] IoU=0.00
  Frozen during overlap [frame 2692]: Fish [1, 2, 3, 4, 5]
  Overlap detected: Fish 1 ↔ Fish 2 [frame 2692] IoU=0.02
  Overlap detected: Fish 2 ↔ Fish 5 [frame 2692] IoU=0.01
  Overlap detected: Fish 3 ↔ Fish 4 [frame 2692] IoU=0.00
  Frozen during overlap [frame 2693]: Fish [1, 2, 3, 4, 5]
  Overlap detected: Fish 1 ↔ Fish 2 [frame 2693] IoU=0.02
  Overlap detected: Fish 2 ↔ Fish 5 [frame 2693] IoU=0.01
  Overlap detected: Fish 3 ↔ Fish 4 [frame 2693] IoU=0.00
  Frozen during overlap [frame 2694]: Fish [1, 2, 3, 4, 5]
  Overlap detected: Fish 1 ↔ Fish 2 [frame 2694] IoU=0.02
  Overlap detected: Fish 2 ↔ Fish 5 [frame 2694] IoU=0.01
  Overlap detected: Fish 3 ↔ Fish 4 [frame 2694] IoU=0.00
  Frozen during overlap [frame 2695]: Fish [1, 2, 3, 4, 5]
  Overlap detected: Fish 1 ↔ Fish 2 [frame 2695] IoU=0.02
  Overlap detected: Fish 2 ↔ Fish 5 [frame 2695] IoU=0.01
  Overlap detected: Fish 3 ↔ Fish 4 [frame 2695] IoU=0.00
  Frozen during overlap [frame 2696]: Fish [1, 2, 3, 4, 5]
  Overlap detected: Fish 1 ↔ Fish 2 [frame 2696] IoU=0.02
  Overlap detected: Fish 2 ↔ Fish 5 [frame 2696] IoU=0.01
  Overlap detected: Fish 3 ↔ Fish 4 [frame 2696] IoU=0.00
  Frozen during overlap [frame 2697]: Fish [1, 2, 3, 4, 5]
  Overlap detected: Fish 1 ↔ Fish 2 [frame 2697] IoU=0.02
  Overlap detected: Fish 2 ↔ Fish 5 [frame 2697] IoU=0.01
  Overlap detected: Fish 3 ↔ Fish 4 [frame 2697] IoU=0.00
  Frozen during overlap [frame 2698]: Fish [1, 2, 3, 4, 5]
  Overlap detected: Fish 1 ↔ Fish 2 [frame 2698] IoU=0.02
  Overlap detected: Fish 2 ↔ Fish 5 [frame 2698] IoU=0.01
  Overlap detected: Fish 3 ↔ Fish 4 [frame 2698] IoU=0.00
  Frozen during overlap [frame 2699]: Fish [1, 2, 3, 4, 5]
  Overlap detected: Fish 1 ↔ Fish 2 [frame 2699] IoU=0.02
  Overlap detected: Fish 2 ↔ Fish 5 [frame 2699] IoU=0.01
  Overlap detected: Fish 3 ↔ Fish 4 [frame 2699] IoU=0.00
  Frozen during overlap [frame 2700]: Fish [1, 2, 3, 4, 5]
  Overlap detected: Fish 1 ↔ Fish 2 [frame 2700] IoU=0.02
  Overlap detected: Fish 2 ↔ Fish 5 [frame 2700] IoU=0.01
  Overlap detected: Fish 3 ↔ Fish 4 [frame 2700] IoU=0.00
  Frame 2700/3600 | second 45
  Frozen during overlap [frame 2701]: Fish [1, 2, 3, 4, 5]
  Overlap detected: Fish 1 ↔ Fish 2 [frame 2701] IoU=0.02
  Overlap detected: Fish 2 ↔ Fish 5 [frame 2701] IoU=0.01
  Overlap detected: Fish 3 ↔ Fish 4 [frame 2701] IoU=0.00
  Frozen during overlap [frame 2702]: Fish [1, 2, 3, 4, 5]
  Overlap detected: Fish 1 ↔ Fish 2 [frame 2702] IoU=0.02
  Overlap detected: Fish 2 ↔ Fish 5 [frame 2702] IoU=0.01
  Overlap detected: Fish 3 ↔ Fish 4 [frame 2702] IoU=0.00
  Frozen during overlap [frame 2703]: Fish [1, 2, 3, 4, 5]
  Overlap detected: Fish 1 ↔ Fish 2 [frame 2703] IoU=0.02
  Overlap detected: Fish 2 ↔ Fish 5 [frame 2703] IoU=0.01
  Overlap detected: Fish 3 ↔ Fish 4 [frame 2703] IoU=0.00
  Frozen during overlap [frame 2704]: Fish [1, 2, 3, 4, 5]
  Overlap detected: Fish 1 ↔ Fish 2 [frame 2704] IoU=0.02
  Overlap detected: Fish 2 ↔ Fish 5 [frame 2704] IoU=0.01
  Overlap detected: Fish 3 ↔ Fish 4 [frame 2704] IoU=0.00
  Frozen during overlap [frame 2705]: Fish [1, 2, 3, 4, 5]
  Overlap detected: Fish 1 ↔ Fish 2 [frame 2705] IoU=0.02
  Overlap detected: Fish 2 ↔ Fish 5 [frame 2705] IoU=0.01
  Overlap detected: Fish 3 ↔ Fish 4 [frame 2705] IoU=0.00
  Frozen during overlap [frame 2706]: Fish [1, 2, 3, 4, 5]
  Overlap detected: Fish 1 ↔ Fish 2 [frame 2706] IoU=0.02
  Overlap detected: Fish 2 ↔ Fish 5 [frame 2706] IoU=0.01
  Overlap detected: Fish 3 ↔ Fish 4 [frame 2706] IoU=0.00
  Frozen during overlap [frame 2707]: Fish [1, 2, 3, 4, 5]
  Overlap detected: Fish 1 ↔ Fish 2 [frame 2707] IoU=0.02
  Overlap detected: Fish 2 ↔ Fish 5 [frame 2707] IoU=0.01
  Overlap detected: Fish 3 ↔ Fish 4 [frame 2707] IoU=0.00
  Frozen during overlap [frame 2708]: Fish [1, 2, 3, 4, 5]
  Overlap detected: Fish 1 ↔ Fish 2 [frame 2708] IoU=0.02
  Overlap detected: Fish 2 ↔ Fish 5 [frame 2708] IoU=0.01
  Overlap detected: Fish 3 ↔ Fish 4 [frame 2708] IoU=0.00
  Frozen during overlap [frame 2709]: Fish [1, 2, 3, 4, 5]
  Overlap detected: Fish 1 ↔ Fish 2 [frame 2709] IoU=0.02
  Overlap detected: Fish 2 ↔ Fish 5 [frame 2709] IoU=0.01
  Overlap detected: Fish 3 ↔ Fish 4 [frame 2709] IoU=0.00
  Frozen during overlap [frame 2710]: Fish [1, 2, 3, 4, 5]
  Overlap detected: Fish 1 ↔ Fish 2 [frame 2710] IoU=0.02
  Overlap detected: Fish 2 ↔ Fish 5 [frame 2710] IoU=0.01
  Overlap detected: Fish 3 ↔ Fish 4 [frame 2710] IoU=0.00
  Frozen during overlap [frame 2711]: Fish [1, 2, 3, 4, 5]
  Overlap detected: Fish 1 ↔ Fish 2 [frame 2711] IoU=0.02
  Overlap detected: Fish 2 ↔ Fish 5 [frame 2711] IoU=0.01
  Overlap detected: Fish 3 ↔ Fish 4 [frame 2711] IoU=0.00
  Frozen during overlap [frame 2712]: Fish [1, 2, 3, 4, 5]
  Overlap detected: Fish 1 ↔ Fish 2 [frame 2712] IoU=0.02
  Overlap detected: Fish 2 ↔ Fish 5 [frame 2712] IoU=0.01
  Overlap detected: Fish 3 ↔ Fish 4 [frame 2712] IoU=0.00
  Frozen during overlap [frame 2713]: Fish [1, 2, 3, 4, 5]
  Overlap detected: Fish 1 ↔ Fish 2 [frame 2713] IoU=0.02
  Overlap detected: Fish 2 ↔ Fish 5 [frame 2713] IoU=0.01
  Overlap detected: Fish 3 ↔ Fish 4 [frame 2713] IoU=0.00
  Frozen during overlap [frame 2714]: Fish [1, 2, 3, 4, 5]
  Overlap detected: Fish 1 ↔ Fish 2 [frame 2714] IoU=0.02
  Overlap detected: Fish 2 ↔ Fish 5 [frame 2714] IoU=0.01
  Overlap detected: Fish 3 ↔ Fish 4 [frame 2714] IoU=0.00
  Frozen during overlap [frame 2715]: Fish [1, 2, 3, 4, 5]
  Overlap detected: Fish 1 ↔ Fish 2 [frame 2715] IoU=0.02
  Overlap detected: Fish 2 ↔ Fish 5 [frame 2715] IoU=0.01
  Overlap detected: Fish 3 ↔ Fish 4 [frame 2715] IoU=0.00
  Frozen during overlap [frame 2716]: Fish [1, 2, 3, 4, 5]
  Overlap detected: Fish 1 ↔ Fish 2 [frame 2716] IoU=0.02
  Overlap detected: Fish 2 ↔ Fish 5 [frame 2716] IoU=0.01
  Overlap detected: Fish 3 ↔ Fish 4 [frame 2716] IoU=0.00
  Frozen during overlap [frame 2717]: Fish [1, 2, 3, 4, 5]
  Overlap detected: Fish 1 ↔ Fish 2 [frame 2717] IoU=0.02
  Overlap detected: Fish 2 ↔ Fish 5 [frame 2717] IoU=0.01
  Overlap detected: Fish 3 ↔ Fish 4 [frame 2717] IoU=0.00
  Frozen during overlap [frame 2718]: Fish [1, 2, 3, 4, 5]
  Overlap detected: Fish 1 ↔ Fish 2 [frame 2718] IoU=0.02
  Overlap detected: Fish 2 ↔ Fish 5 [frame 2718] IoU=0.01
  Overlap detected: Fish 3 ↔ Fish 4 [frame 2718] IoU=0.00
  Frozen during overlap [frame 2719]: Fish [1, 2, 3, 4, 5]
  Overlap detected: Fish 1 ↔ Fish 2 [frame 2719] IoU=0.02
  Overlap detected: Fish 2 ↔ Fish 5 [frame 2719] IoU=0.01
  Overlap detected: Fish 3 ↔ Fish 4 [frame 2719] IoU=0.00
  Frozen during overlap [frame 2720]: Fish [1, 2, 3, 4, 5]
  Overlap detected: Fish 1 ↔ Fish 2 [frame 2720] IoU=0.02
  Overlap detected: Fish 2 ↔ Fish 5 [frame 2720] IoU=0.01
  Overlap detected: Fish 3 ↔ Fish 4 [frame 2720] IoU=0.00
  Frozen during overlap [frame 2721]: Fish [1, 2, 3, 4, 5]
  Overlap detected: Fish 1 ↔ Fish 2 [frame 2721] IoU=0.02
  Overlap detected: Fish 2 ↔ Fish 5 [frame 2721] IoU=0.01
  Overlap detected: Fish 3 ↔ Fish 4 [frame 2721] IoU=0.00
  Frozen during overlap [frame 2722]: Fish [1, 2, 3, 4, 5]
  Overlap detected: Fish 1 ↔ Fish 2 [frame 2722] IoU=0.02
  Overlap detected: Fish 2 ↔ Fish 5 [frame 2722] IoU=0.01
  Overlap detected: Fish 3 ↔ Fish 4 [frame 2722] IoU=0.00
  Frozen during overlap [frame 2723]: Fish [1, 2, 3, 4, 5]
  Overlap detected: Fish 1 ↔ Fish 2 [frame 2723] IoU=0.02
  Overlap detected: Fish 2 ↔ Fish 5 [frame 2723] IoU=0.01
  Overlap detected: Fish 3 ↔ Fish 4 [frame 2723] IoU=0.00
  Frozen during overlap [frame 2724]: Fish [1, 2, 3, 4, 5]
  Overlap detected: Fish 1 ↔ Fish 2 [frame 2724] IoU=0.02
  Overlap detected: Fish 2 ↔ Fish 5 [frame 2724] IoU=0.01
  Overlap detected: Fish 3 ↔ Fish 4 [frame 2724] IoU=0.00
  Frozen during overlap [frame 2725]: Fish [1, 2, 3, 4, 5]
  Overlap detected: Fish 1 ↔ Fish 2 [frame 2725] IoU=0.02
  Overlap detected: Fish 2 ↔ Fish 5 [frame 2725] IoU=0.01
  Overlap detected: Fish 3 ↔ Fish 4 [frame 2725] IoU=0.00
  Frozen during overlap [frame 2726]: Fish [1, 2, 3, 4, 5]
  Overlap detected: Fish 1 ↔ Fish 2 [frame 2726] IoU=0.02
  Overlap detected: Fish 2 ↔ Fish 5 [frame 2726] IoU=0.01
  Overlap detected: Fish 3 ↔ Fish 4 [frame 2726] IoU=0.00
  Frozen during overlap [frame 2727]: Fish [1, 2, 3, 4, 5]
  Overlap detected: Fish 1 ↔ Fish 2 [frame 2727] IoU=0.02
  Overlap detected: Fish 2 ↔ Fish 5 [frame 2727] IoU=0.01
  Overlap detected: Fish 3 ↔ Fish 4 [frame 2727] IoU=0.00
  Frozen during overlap [frame 2728]: Fish [1, 2, 3, 4, 5]
  Overlap detected: Fish 1 ↔ Fish 2 [frame 2728] IoU=0.02
  Overlap detected: Fish 2 ↔ Fish 5 [frame 2728] IoU=0.01
  Overlap detected: Fish 3 ↔ Fish 4 [frame 2728] IoU=0.00
  Frozen during overlap [frame 2729]: Fish [1, 2, 3, 4, 5]
  Overlap detected: Fish 1 ↔ Fish 2 [frame 2729] IoU=0.02
  Overlap detected: Fish 2 ↔ Fish 5 [frame 2729] IoU=0.01
  Overlap detected: Fish 3 ↔ Fish 4 [frame 2729] IoU=0.00
  Frozen during overlap [frame 2730]: Fish [1, 2, 3, 4, 5]
  Overlap detected: Fish 1 ↔ Fish 2 [frame 2730] IoU=0.02
  Overlap detected: Fish 2 ↔ Fish 5 [frame 2730] IoU=0.01
  Overlap detected: Fish 3 ↔ Fish 4 [frame 2730] IoU=0.00
  Frame 2730/3600 | second 45
  Frozen during overlap [frame 2731]: Fish [1, 2, 3, 4, 5]
  Overlap detected: Fish 1 ↔ Fish 2 [frame 2731] IoU=0.02
  Overlap detected: Fish 2 ↔ Fish 5 [frame 2731] IoU=0.01
  Overlap detected: Fish 3 ↔ Fish 4 [frame 2731] IoU=0.00
  Frozen during overlap [frame 2732]: Fish [1, 2, 3, 4, 5]
  Overlap detected: Fish 1 ↔ Fish 2 [frame 2732] IoU=0.02
  Overlap detected: Fish 2 ↔ Fish 5 [frame 2732] IoU=0.01
  Overlap detected: Fish 3 ↔ Fish 4 [frame 2732] IoU=0.00
  Frozen during overlap [frame 2733]: Fish [1, 2, 3, 4, 5]
  Overlap detected: Fish 1 ↔ Fish 2 [frame 2733] IoU=0.02
  Overlap detected: Fish 2 ↔ Fish 5 [frame 2733] IoU=0.01
  Overlap detected: Fish 3 ↔ Fish 4 [frame 2733] IoU=0.00
  Frozen during overlap [frame 2734]: Fish [1, 2, 3, 4, 5]
  Overlap detected: Fish 1 ↔ Fish 2 [frame 2734] IoU=0.02
  Overlap detected: Fish 2 ↔ Fish 5 [frame 2734] IoU=0.01
  Overlap detected: Fish 3 ↔ Fish 4 [frame 2734] IoU=0.00
  Frozen during overlap [frame 2735]: Fish [1, 2, 3, 4, 5]
  Overlap detected: Fish 1 ↔ Fish 2 [frame 2735] IoU=0.02
  Overlap detected: Fish 2 ↔ Fish 5 [frame 2735] IoU=0.01
  Overlap detected: Fish 3 ↔ Fish 4 [frame 2735] IoU=0.00
  Frozen during overlap [frame 2736]: Fish [1, 2, 3, 4, 5]
  Overlap detected: Fish 1 ↔ Fish 2 [frame 2736] IoU=0.02
  Overlap detected: Fish 2 ↔ Fish 5 [frame 2736] IoU=0.01
  Overlap detected: Fish 3 ↔ Fish 4 [frame 2736] IoU=0.00
  Frozen during overlap [frame 2737]: Fish [1, 2, 3, 4, 5]
  Overlap detected: Fish 1 ↔ Fish 2 [frame 2737] IoU=0.02
  Overlap detected: Fish 2 ↔ Fish 5 [frame 2737] IoU=0.01
  Overlap detected: Fish 3 ↔ Fish 4 [frame 2737] IoU=0.00
  Frozen during overlap [frame 2738]: Fish [1, 2, 3, 4, 5]
  Overlap detected: Fish 1 ↔ Fish 2 [frame 2738] IoU=0.02
  Overlap detected: Fish 2 ↔ Fish 5 [frame 2738] IoU=0.01
  Overlap detected: Fish 3 ↔ Fish 4 [frame 2738] IoU=0.00
  Frozen during overlap [frame 2739]: Fish [1, 2, 3, 4, 5]
  Overlap detected: Fish 1 ↔ Fish 2 [frame 2739] IoU=0.02
  Overlap detected: Fish 2 ↔ Fish 5 [frame 2739] IoU=0.01
  Overlap detected: Fish 3 ↔ Fish 4 [frame 2739] IoU=0.00
  Frozen during overlap [frame 2740]: Fish [1, 2, 3, 4, 5]
  Overlap detected: Fish 1 ↔ Fish 2 [frame 2740] IoU=0.02
  Overlap detected: Fish 2 ↔ Fish 5 [frame 2740] IoU=0.01
  Overlap detected: Fish 3 ↔ Fish 4 [frame 2740] IoU=0.00
  Frozen during overlap [frame 2741]: Fish [1, 2, 3, 4, 5]
  Overlap detected: Fish 1 ↔ Fish 2 [frame 2741] IoU=0.02
  Overlap detected: Fish 2 ↔ Fish 5 [frame 2741] IoU=0.01
  Overlap detected: Fish 3 ↔ Fish 4 [frame 2741] IoU=0.00
  Frozen during overlap [frame 2742]: Fish [1, 2, 3, 4, 5]
  Overlap detected: Fish 1 ↔ Fish 2 [frame 2742] IoU=0.02
  Overlap detected: Fish 2 ↔ Fish 5 [frame 2742] IoU=0.01
  Overlap detected: Fish 3 ↔ Fish 4 [frame 2742] IoU=0.00
  Frozen during overlap [frame 2743]: Fish [1, 2, 3, 4, 5]
  Overlap detected: Fish 1 ↔ Fish 2 [frame 2743] IoU=0.02
  Overlap detected: Fish 2 ↔ Fish 5 [frame 2743] IoU=0.01
  Overlap detected: Fish 3 ↔ Fish 4 [frame 2743] IoU=0.00
  Frozen during overlap [frame 2744]: Fish [1, 2, 3, 4, 5]
  Overlap detected: Fish 1 ↔ Fish 2 [frame 2744] IoU=0.02
  Overlap detected: Fish 2 ↔ Fish 5 [frame 2744] IoU=0.01
  Overlap detected: Fish 3 ↔ Fish 4 [frame 2744] IoU=0.00
  Frozen during overlap [frame 2745]: Fish [1, 2, 3, 4, 5]
  Overlap detected: Fish 1 ↔ Fish 2 [frame 2745] IoU=0.02
  Overlap detected: Fish 2 ↔ Fish 5 [frame 2745] IoU=0.01
  Overlap detected: Fish 3 ↔ Fish 4 [frame 2745] IoU=0.00
  Frozen during overlap [frame 2746]: Fish [1, 2, 3, 4, 5]
  Overlap detected: Fish 1 ↔ Fish 2 [frame 2746] IoU=0.02
  Overlap detected: Fish 2 ↔ Fish 5 [frame 2746] IoU=0.01
  Overlap detected: Fish 3 ↔ Fish 4 [frame 2746] IoU=0.00
  Frozen during overlap [frame 2747]: Fish [1, 2, 3, 4, 5]
  Overlap detected: Fish 1 ↔ Fish 2 [frame 2747] IoU=0.02
  Overlap detected: Fish 2 ↔ Fish 5 [frame 2747] IoU=0.01
  Overlap detected: Fish 3 ↔ Fish 4 [frame 2747] IoU=0.00
  Frozen during overlap [frame 2748]: Fish [1, 2, 3, 4, 5]
  Overlap detected: Fish 1 ↔ Fish 2 [frame 2748] IoU=0.02
  Overlap detected: Fish 2 ↔ Fish 5 [frame 2748] IoU=0.01
  Overlap detected: Fish 3 ↔ Fish 4 [frame 2748] IoU=0.00
  Frozen during overlap [frame 2749]: Fish [1, 2, 3, 4, 5]
  Overlap detected: Fish 1 ↔ Fish 2 [frame 2749] IoU=0.02
  Overlap detected: Fish 2 ↔ Fish 5 [frame 2749] IoU=0.01
  Overlap detected: Fish 3 ↔ Fish 4 [frame 2749] IoU=0.00
  Frozen during overlap [frame 2750]: Fish [1, 2, 3, 4, 5]
  Overlap detected: Fish 1 ↔ Fish 2 [frame 2750] IoU=0.02
  Overlap detected: Fish 2 ↔ Fish 5 [frame 2750] IoU=0.01
  Overlap detected: Fish 3 ↔ Fish 4 [frame 2750] IoU=0.00
  Frozen during overlap [frame 2751]: Fish [1, 2, 3, 4, 5]
  Overlap detected: Fish 1 ↔ Fish 2 [frame 2751] IoU=0.02
  Overlap detected: Fish 2 ↔ Fish 5 [frame 2751] IoU=0.01
  Overlap detected: Fish 3 ↔ Fish 4 [frame 2751] IoU=0.00
  Frozen during overlap [frame 2752]: Fish [1, 2, 3, 4, 5]
  Overlap detected: Fish 1 ↔ Fish 2 [frame 2752] IoU=0.02
  Overlap detected: Fish 2 ↔ Fish 5 [frame 2752] IoU=0.01
  Overlap detected: Fish 3 ↔ Fish 4 [frame 2752] IoU=0.00
  Frozen during overlap [frame 2753]: Fish [1, 2, 3, 4, 5]
  Overlap detected: Fish 1 ↔ Fish 2 [frame 2753] IoU=0.02
  Overlap detected: Fish 2 ↔ Fish 5 [frame 2753] IoU=0.01
  Overlap detected: Fish 3 ↔ Fish 4 [frame 2753] IoU=0.00
  Frozen during overlap [frame 2754]: Fish [1, 2, 3, 4, 5]
  Overlap detected: Fish 1 ↔ Fish 2 [frame 2754] IoU=0.02
  Overlap detected: Fish 2 ↔ Fish 5 [frame 2754] IoU=0.01
  Overlap detected: Fish 3 ↔ Fish 4 [frame 2754] IoU=0.00
  Frozen during overlap [frame 2755]: Fish [1, 2, 3, 4, 5]
  Overlap detected: Fish 1 ↔ Fish 2 [frame 2755] IoU=0.02
  Overlap detected: Fish 2 ↔ Fish 5 [frame 2755] IoU=0.01
  Overlap detected: Fish 3 ↔ Fish 4 [frame 2755] IoU=0.00
  Frozen during overlap [frame 2756]: Fish [1, 2, 3, 4, 5]
  Overlap detected: Fish 1 ↔ Fish 2 [frame 2756] IoU=0.02
  Overlap detected: Fish 2 ↔ Fish 5 [frame 2756] IoU=0.01
  Overlap detected: Fish 3 ↔ Fish 4 [frame 2756] IoU=0.00
  Frozen during overlap [frame 2757]: Fish [1, 2, 3, 4, 5]
  Overlap detected: Fish 1 ↔ Fish 2 [frame 2757] IoU=0.02
  Overlap detected: Fish 2 ↔ Fish 5 [frame 2757] IoU=0.01
  Overlap detected: Fish 3 ↔ Fish 4 [frame 2757] IoU=0.00
  Frozen during overlap [frame 2758]: Fish [1, 2, 3, 4, 5]
  Overlap detected: Fish 1 ↔ Fish 2 [frame 2758] IoU=0.02
  Overlap detected: Fish 2 ↔ Fish 5 [frame 2758] IoU=0.01
  Overlap detected: Fish 3 ↔ Fish 4 [frame 2758] IoU=0.00
  Frozen during overlap [frame 2759]: Fish [1, 2, 3, 4, 5]
  Overlap detected: Fish 1 ↔ Fish 2 [frame 2759] IoU=0.02
  Overlap detected: Fish 2 ↔ Fish 5 [frame 2759] IoU=0.01
  Overlap detected: Fish 3 ↔ Fish 4 [frame 2759] IoU=0.00
  Frozen during overlap [frame 2760]: Fish [1, 2, 3, 4, 5]
  Overlap detected: Fish 1 ↔ Fish 2 [frame 2760] IoU=0.02
  Overlap detected: Fish 2 ↔ Fish 5 [frame 2760] IoU=0.01
  Overlap detected: Fish 3 ↔ Fish 4 [frame 2760] IoU=0.00
  Frame 2760/3600 | second 46
  Frozen during overlap [frame 2761]: Fish [1, 2, 3, 4, 5]
  Overlap detected: Fish 1 ↔ Fish 2 [frame 2761] IoU=0.02
  Overlap detected: Fish 2 ↔ Fish 5 [frame 2761] IoU=0.01
  Overlap detected: Fish 3 ↔ Fish 4 [frame 2761] IoU=0.00
  Frozen during overlap [frame 2762]: Fish [1, 2, 3, 4, 5]
  Overlap detected: Fish 1 ↔ Fish 2 [frame 2762] IoU=0.02
  Overlap detected: Fish 2 ↔ Fish 5 [frame 2762] IoU=0.01
  Overlap detected: Fish 3 ↔ Fish 4 [frame 2762] IoU=0.00
  Frozen during overlap [frame 2763]: Fish [1, 2, 3, 4, 5]
  Overlap detected: Fish 1 ↔ Fish 2 [frame 2763] IoU=0.02
  Overlap detected: Fish 2 ↔ Fish 5 [frame 2763] IoU=0.01
  Overlap detected: Fish 3 ↔ Fish 4 [frame 2763] IoU=0.00
  Frozen during overlap [frame 2764]: Fish [1, 2, 3, 4, 5]
  Overlap detected: Fish 1 ↔ Fish 2 [frame 2764] IoU=0.02
  Overlap detected: Fish 2 ↔ Fish 5 [frame 2764] IoU=0.01
  Overlap detected: Fish 3 ↔ Fish 4 [frame 2764] IoU=0.00
  Frozen during overlap [frame 2765]: Fish [1, 2, 3, 4, 5]
  Overlap detected: Fish 1 ↔ Fish 2 [frame 2765] IoU=0.02
  Overlap detected: Fish 2 ↔ Fish 5 [frame 2765] IoU=0.01
  Overlap detected: Fish 3 ↔ Fish 4 [frame 2765] IoU=0.00
  Frozen during overlap [frame 2766]: Fish [1, 2, 3, 4, 5]
  Overlap detected: Fish 1 ↔ Fish 2 [frame 2766] IoU=0.02
  Overlap detected: Fish 2 ↔ Fish 5 [frame 2766] IoU=0.01
  Overlap detected: Fish 3 ↔ Fish 4 [frame 2766] IoU=0.00
  Frozen during overlap [frame 2767]: Fish [1, 2, 3, 4, 5]
  Overlap detected: Fish 1 ↔ Fish 2 [frame 2767] IoU=0.02
  Overlap detected: Fish 2 ↔ Fish 5 [frame 2767] IoU=0.01
  Overlap detected: Fish 3 ↔ Fish 4 [frame 2767] IoU=0.00
  Frozen during overlap [frame 2768]: Fish [1, 2, 3, 4, 5]
  Overlap detected: Fish 1 ↔ Fish 2 [frame 2768] IoU=0.02
  Overlap detected: Fish 2 ↔ Fish 5 [frame 2768] IoU=0.01
  Overlap detected: Fish 3 ↔ Fish 4 [frame 2768] IoU=0.00
  Frozen during overlap [frame 2769]: Fish [1, 2, 3, 4, 5]
  Overlap detected: Fish 1 ↔ Fish 2 [frame 2769] IoU=0.02
  Overlap detected: Fish 2 ↔ Fish 5 [frame 2769] IoU=0.01
  Overlap detected: Fish 3 ↔ Fish 4 [frame 2769] IoU=0.00
  Frozen during overlap [frame 2770]: Fish [1, 2, 3, 4, 5]
  Overlap detected: Fish 1 ↔ Fish 2 [frame 2770] IoU=0.02
  Overlap detected: Fish 2 ↔ Fish 5 [frame 2770] IoU=0.01
  Overlap detected: Fish 3 ↔ Fish 4 [frame 2770] IoU=0.00
  Frozen during overlap [frame 2771]: Fish [1, 2, 3, 4, 5]
  Overlap detected: Fish 1 ↔ Fish 2 [frame 2771] IoU=0.02
  Overlap detected: Fish 2 ↔ Fish 5 [frame 2771] IoU=0.01
  Overlap detected: Fish 3 ↔ Fish 4 [frame 2771] IoU=0.00
  Frozen during overlap [frame 2772]: Fish [1, 2, 3, 4, 5]
  Overlap detected: Fish 1 ↔ Fish 2 [frame 2772] IoU=0.02
  Overlap detected: Fish 2 ↔ Fish 5 [frame 2772] IoU=0.01
  Overlap detected: Fish 3 ↔ Fish 4 [frame 2772] IoU=0.00
  Frozen during overlap [frame 2773]: Fish [1, 2, 3, 4, 5]
  Overlap detected: Fish 1 ↔ Fish 2 [frame 2773] IoU=0.02
  Overlap detected: Fish 2 ↔ Fish 5 [frame 2773] IoU=0.01
  Overlap detected: Fish 3 ↔ Fish 4 [frame 2773] IoU=0.00
  Frozen during overlap [frame 2774]: Fish [1, 2, 3, 4, 5]
  Overlap detected: Fish 1 ↔ Fish 2 [frame 2774] IoU=0.02
  Overlap detected: Fish 2 ↔ Fish 5 [frame 2774] IoU=0.01
  Overlap detected: Fish 3 ↔ Fish 4 [frame 2774] IoU=0.00
  Frozen during overlap [frame 2775]: Fish [1, 2, 3, 4, 5]
  Overlap detected: Fish 1 ↔ Fish 2 [frame 2775] IoU=0.02
  Overlap detected: Fish 2 ↔ Fish 5 [frame 2775] IoU=0.01
  Overlap detected: Fish 3 ↔ Fish 4 [frame 2775] IoU=0.00
  Frozen during overlap [frame 2776]: Fish [1, 2, 3, 4, 5]
  Overlap detected: Fish 1 ↔ Fish 2 [frame 2776] IoU=0.02
  Overlap detected: Fish 2 ↔ Fish 5 [frame 2776] IoU=0.01
  Overlap detected: Fish 3 ↔ Fish 4 [frame 2776] IoU=0.00
  Frozen during overlap [frame 2777]: Fish [1, 2, 3, 4, 5]
  Overlap detected: Fish 1 ↔ Fish 2 [frame 2777] IoU=0.02
  Overlap detected: Fish 2 ↔ Fish 5 [frame 2777] IoU=0.01
  Overlap detected: Fish 3 ↔ Fish 4 [frame 2777] IoU=0.00
  Frozen during overlap [frame 2778]: Fish [1, 2, 3, 4, 5]
  Overlap detected: Fish 1 ↔ Fish 2 [frame 2778] IoU=0.02
  Overlap detected: Fish 2 ↔ Fish 5 [frame 2778] IoU=0.01
  Overlap detected: Fish 3 ↔ Fish 4 [frame 2778] IoU=0.00
  Frozen during overlap [frame 2779]: Fish [1, 2, 3, 4, 5]
  Overlap detected: Fish 1 ↔ Fish 2 [frame 2779] IoU=0.02
  Overlap detected: Fish 2 ↔ Fish 5 [frame 2779] IoU=0.01
  Overlap detected: Fish 3 ↔ Fish 4 [frame 2779] IoU=0.00
  Frozen during overlap [frame 2780]: Fish [1, 2, 3, 4, 5]
  Overlap detected: Fish 1 ↔ Fish 2 [frame 2780] IoU=0.02
  Overlap detected: Fish 2 ↔ Fish 5 [frame 2780] IoU=0.01
  Overlap detected: Fish 3 ↔ Fish 4 [frame 2780] IoU=0.00
  Frozen during overlap [frame 2781]: Fish [1, 2, 3, 4, 5]
  Overlap detected: Fish 1 ↔ Fish 2 [frame 2781] IoU=0.02
  Overlap detected: Fish 2 ↔ Fish 5 [frame 2781] IoU=0.01
  Overlap detected: Fish 3 ↔ Fish 4 [frame 2781] IoU=0.00
  Frozen during overlap [frame 2782]: Fish [1, 2, 3, 4, 5]
  Overlap detected: Fish 1 ↔ Fish 2 [frame 2782] IoU=0.02
  Overlap detected: Fish 2 ↔ Fish 5 [frame 2782] IoU=0.01
  Overlap detected: Fish 3 ↔ Fish 4 [frame 2782] IoU=0.00
  Frozen during overlap [frame 2783]: Fish [1, 2, 3, 4, 5]
  Overlap detected: Fish 1 ↔ Fish 2 [frame 2783] IoU=0.02
  Overlap detected: Fish 2 ↔ Fish 5 [frame 2783] IoU=0.01
  Overlap detected: Fish 3 ↔ Fish 4 [frame 2783] IoU=0.00
  Frozen during overlap [frame 2784]: Fish [1, 2, 3, 4, 5]
  Overlap detected: Fish 1 ↔ Fish 2 [frame 2784] IoU=0.02
  Overlap detected: Fish 2 ↔ Fish 5 [frame 2784] IoU=0.01
  Overlap detected: Fish 3 ↔ Fish 4 [frame 2784] IoU=0.00
  Frozen during overlap [frame 2785]: Fish [1, 2, 3, 4, 5]
  Overlap detected: Fish 1 ↔ Fish 2 [frame 2785] IoU=0.02
  Overlap detected: Fish 2 ↔ Fish 5 [frame 2785] IoU=0.01
  Overlap detected: Fish 3 ↔ Fish 4 [frame 2785] IoU=0.00
  Frozen during overlap [frame 2786]: Fish [1, 2, 3, 4, 5]
  Overlap detected: Fish 1 ↔ Fish 2 [frame 2786] IoU=0.02
  Overlap detected: Fish 2 ↔ Fish 5 [frame 2786] IoU=0.01
  Overlap detected: Fish 3 ↔ Fish 4 [frame 2786] IoU=0.00
  Frozen during overlap [frame 2787]: Fish [1, 2, 3, 4, 5]
  Overlap detected: Fish 1 ↔ Fish 2 [frame 2787] IoU=0.02
  Overlap detected: Fish 2 ↔ Fish 5 [frame 2787] IoU=0.01
  Overlap detected: Fish 3 ↔ Fish 4 [frame 2787] IoU=0.00
  Frozen during overlap [frame 2788]: Fish [1, 2, 3, 4, 5]
  Overlap detected: Fish 1 ↔ Fish 2 [frame 2788] IoU=0.02
  Overlap detected: Fish 2 ↔ Fish 5 [frame 2788] IoU=0.01
  Overlap detected: Fish 3 ↔ Fish 4 [frame 2788] IoU=0.00
  Frozen during overlap [frame 2789]: Fish [1, 2, 3, 4, 5]
  Overlap detected: Fish 1 ↔ Fish 2 [frame 2789] IoU=0.02
  Overlap detected: Fish 2 ↔ Fish 5 [frame 2789] IoU=0.01
  Overlap detected: Fish 3 ↔ Fish 4 [frame 2789] IoU=0.00
  Frozen during overlap [frame 2790]: Fish [1, 2, 3, 4, 5]
  Overlap detected: Fish 1 ↔ Fish 2 [frame 2790] IoU=0.02
  Overlap detected: Fish 2 ↔ Fish 5 [frame 2790] IoU=0.01
  Overlap detected: Fish 3 ↔ Fish 4 [frame 2790] IoU=0.00
  Frame 2790/3600 | second 46
  Frozen during overlap [frame 2791]: Fish [1, 2, 3, 4, 5]
  Overlap detected: Fish 1 ↔ Fish 2 [frame 2791] IoU=0.02
  Overlap detected: Fish 2 ↔ Fish 5 [frame 2791] IoU=0.01
  Overlap detected: Fish 3 ↔ Fish 4 [frame 2791] IoU=0.00
  Frozen during overlap [frame 2792]: Fish [1, 2, 3, 4, 5]
  Overlap detected: Fish 1 ↔ Fish 2 [frame 2792] IoU=0.02
  Overlap detected: Fish 2 ↔ Fish 5 [frame 2792] IoU=0.01
  Overlap detected: Fish 3 ↔ Fish 4 [frame 2792] IoU=0.00
  Frozen during overlap [frame 2793]: Fish [1, 2, 3, 4, 5]
  Overlap detected: Fish 1 ↔ Fish 2 [frame 2793] IoU=0.02
  Overlap detected: Fish 2 ↔ Fish 5 [frame 2793] IoU=0.01
  Overlap detected: Fish 3 ↔ Fish 4 [frame 2793] IoU=0.00
  Frozen during overlap [frame 2794]: Fish [1, 2, 3, 4, 5]
  Overlap detected: Fish 1 ↔ Fish 2 [frame 2794] IoU=0.02
  Overlap detected: Fish 2 ↔ Fish 5 [frame 2794] IoU=0.01
  Overlap detected: Fish 3 ↔ Fish 4 [frame 2794] IoU=0.00
  Frozen during overlap [frame 2795]: Fish [1, 2, 3, 4, 5]
  Overlap detected: Fish 1 ↔ Fish 2 [frame 2795] IoU=0.02
  Overlap detected: Fish 2 ↔ Fish 5 [frame 2795] IoU=0.01
  Overlap detected: Fish 3 ↔ Fish 4 [frame 2795] IoU=0.00
  Frozen during overlap [frame 2796]: Fish [1, 2, 3, 4, 5]
  Overlap detected: Fish 1 ↔ Fish 2 [frame 2796] IoU=0.02
  Overlap detected: Fish 2 ↔ Fish 5 [frame 2796] IoU=0.01
  Overlap detected: Fish 3 ↔ Fish 4 [frame 2796] IoU=0.00
  Frozen during overlap [frame 2797]: Fish [1, 2, 3, 4, 5]
  Overlap detected: Fish 1 ↔ Fish 2 [frame 2797] IoU=0.02
  Overlap detected: Fish 2 ↔ Fish 5 [frame 2797] IoU=0.01
  Overlap detected: Fish 3 ↔ Fish 4 [frame 2797] IoU=0.00
  Frozen during overlap [frame 2798]: Fish [1, 2, 3, 4, 5]
  Overlap detected: Fish 1 ↔ Fish 2 [frame 2798] IoU=0.02
  Overlap detected: Fish 2 ↔ Fish 5 [frame 2798] IoU=0.01
  Overlap detected: Fish 3 ↔ Fish 4 [frame 2798] IoU=0.00
  Frozen during overlap [frame 2799]: Fish [1, 2, 3, 4, 5]
  Overlap detected: Fish 1 ↔ Fish 2 [frame 2799] IoU=0.02
  Overlap detected: Fish 2 ↔ Fish 5 [frame 2799] IoU=0.01
  Overlap detected: Fish 3 ↔ Fish 4 [frame 2799] IoU=0.00
  Frozen during overlap [frame 2800]: Fish [1, 2, 3, 4, 5]
  Overlap detected: Fish 1 ↔ Fish 2 [frame 2800] IoU=0.02
  Overlap detected: Fish 2 ↔ Fish 5 [frame 2800] IoU=0.01
  Overlap detected: Fish 3 ↔ Fish 4 [frame 2800] IoU=0.00
  Frozen during overlap [frame 2801]: Fish [1, 2, 3, 4, 5]
  Overlap detected: Fish 1 ↔ Fish 2 [frame 2801] IoU=0.02
  Overlap detected: Fish 2 ↔ Fish 5 [frame 2801] IoU=0.01
  Overlap detected: Fish 3 ↔ Fish 4 [frame 2801] IoU=0.00
  Frozen during overlap [frame 2802]: Fish [1, 2, 3, 4, 5]
  Overlap detected: Fish 1 ↔ Fish 2 [frame 2802] IoU=0.02
  Overlap detected: Fish 2 ↔ Fish 5 [frame 2802] IoU=0.01
  Overlap detected: Fish 3 ↔ Fish 4 [frame 2802] IoU=0.00
  Frozen during overlap [frame 2803]: Fish [1, 2, 3, 4, 5]
  Overlap detected: Fish 1 ↔ Fish 2 [frame 2803] IoU=0.02
  Overlap detected: Fish 2 ↔ Fish 5 [frame 2803] IoU=0.01
  Overlap detected: Fish 3 ↔ Fish 4 [frame 2803] IoU=0.00
  Frozen during overlap [frame 2804]: Fish [1, 2, 3, 4, 5]
  Overlap detected: Fish 1 ↔ Fish 2 [frame 2804] IoU=0.02
  Overlap detected: Fish 2 ↔ Fish 5 [frame 2804] IoU=0.01
  Overlap detected: Fish 3 ↔ Fish 4 [frame 2804] IoU=0.00
  Frozen during overlap [frame 2805]: Fish [1, 2, 3, 4, 5]
  Overlap detected: Fish 1 ↔ Fish 2 [frame 2805] IoU=0.02
  Overlap detected: Fish 2 ↔ Fish 5 [frame 2805] IoU=0.01
  Overlap detected: Fish 3 ↔ Fish 4 [frame 2805] IoU=0.00
  Frozen during overlap [frame 2806]: Fish [1, 2, 3, 4, 5]
  Overlap detected: Fish 1 ↔ Fish 2 [frame 2806] IoU=0.02
  Overlap detected: Fish 2 ↔ Fish 5 [frame 2806] IoU=0.01
  Overlap detected: Fish 3 ↔ Fish 4 [frame 2806] IoU=0.00
  Frozen during overlap [frame 2807]: Fish [1, 2, 3, 4, 5]
  Overlap detected: Fish 1 ↔ Fish 2 [frame 2807] IoU=0.02
  Overlap detected: Fish 2 ↔ Fish 5 [frame 2807] IoU=0.01
  Overlap detected: Fish 3 ↔ Fish 4 [frame 2807] IoU=0.00
  Frozen during overlap [frame 2808]: Fish [1, 2, 3, 4, 5]
  Overlap detected: Fish 1 ↔ Fish 2 [frame 2808] IoU=0.02
  Overlap detected: Fish 2 ↔ Fish 5 [frame 2808] IoU=0.01
  Overlap detected: Fish 3 ↔ Fish 4 [frame 2808] IoU=0.00
  Frozen during overlap [frame 2809]: Fish [1, 2, 3, 4, 5]
  Overlap detected: Fish 1 ↔ Fish 2 [frame 2809] IoU=0.02
  Overlap detected: Fish 2 ↔ Fish 5 [frame 2809] IoU=0.01
  Overlap detected: Fish 3 ↔ Fish 4 [frame 2809] IoU=0.00
  Frozen during overlap [frame 2810]: Fish [1, 2, 3, 4, 5]
  Overlap detected: Fish 1 ↔ Fish 2 [frame 2810] IoU=0.02
  Overlap detected: Fish 2 ↔ Fish 5 [frame 2810] IoU=0.01
  Overlap detected: Fish 3 ↔ Fish 4 [frame 2810] IoU=0.00
  Frozen during overlap [frame 2811]: Fish [1, 2, 3, 4, 5]
  Overlap detected: Fish 1 ↔ Fish 2 [frame 2811] IoU=0.02
  Overlap detected: Fish 2 ↔ Fish 5 [frame 2811] IoU=0.01
  Overlap detected: Fish 3 ↔ Fish 4 [frame 2811] IoU=0.00
  Frozen during overlap [frame 2812]: Fish [1, 2, 3, 4, 5]
  Overlap detected: Fish 1 ↔ Fish 2 [frame 2812] IoU=0.02
  Overlap detected: Fish 2 ↔ Fish 5 [frame 2812] IoU=0.01
  Overlap detected: Fish 3 ↔ Fish 4 [frame 2812] IoU=0.00
  Frozen during overlap [frame 2813]: Fish [1, 2, 3, 4, 5]
  Overlap detected: Fish 1 ↔ Fish 2 [frame 2813] IoU=0.02
  Overlap detected: Fish 2 ↔ Fish 5 [frame 2813] IoU=0.01
  Overlap detected: Fish 3 ↔ Fish 4 [frame 2813] IoU=0.00
  Frozen during overlap [frame 2814]: Fish [1, 2, 3, 4, 5]
  Overlap detected: Fish 1 ↔ Fish 2 [frame 2814] IoU=0.02
  Overlap detected: Fish 2 ↔ Fish 5 [frame 2814] IoU=0.01
  Overlap detected: Fish 3 ↔ Fish 4 [frame 2814] IoU=0.00
  Frozen during overlap [frame 2815]: Fish [1, 2, 3, 4, 5]
  Overlap detected: Fish 1 ↔ Fish 2 [frame 2815] IoU=0.02
  Overlap detected: Fish 2 ↔ Fish 5 [frame 2815] IoU=0.01
  Overlap detected: Fish 3 ↔ Fish 4 [frame 2815] IoU=0.00
  Frozen during overlap [frame 2816]: Fish [1, 2, 3, 4, 5]
  Overlap detected: Fish 1 ↔ Fish 2 [frame 2816] IoU=0.02
  Overlap detected: Fish 2 ↔ Fish 5 [frame 2816] IoU=0.01
  Overlap detected: Fish 3 ↔ Fish 4 [frame 2816] IoU=0.00
  Frozen during overlap [frame 2817]: Fish [1, 2, 3, 4, 5]
  Overlap detected: Fish 1 ↔ Fish 2 [frame 2817] IoU=0.02
  Overlap detected: Fish 2 ↔ Fish 5 [frame 2817] IoU=0.01
  Overlap detected: Fish 3 ↔ Fish 4 [frame 2817] IoU=0.00
  Frozen during overlap [frame 2818]: Fish [1, 2, 3, 4, 5]
  Overlap detected: Fish 1 ↔ Fish 2 [frame 2818] IoU=0.02
  Overlap detected: Fish 2 ↔ Fish 5 [frame 2818] IoU=0.01
  Overlap detected: Fish 3 ↔ Fish 4 [frame 2818] IoU=0.00
  Frozen during overlap [frame 2819]: Fish [1, 2, 3, 4, 5]
  Overlap detected: Fish 1 ↔ Fish 2 [frame 2819] IoU=0.02
  Overlap detected: Fish 2 ↔ Fish 5 [frame 2819] IoU=0.01
  Overlap detected: Fish 3 ↔ Fish 4 [frame 2819] IoU=0.00
  Frozen during overlap [frame 2820]: Fish [1, 2, 3, 4, 5]
  Overlap detected: Fish 1 ↔ Fish 2 [frame 2820] IoU=0.02
  Overlap detected: Fish 2 ↔ Fish 5 [frame 2820] IoU=0.01
  Overlap detected: Fish 3 ↔ Fish 4 [frame 2820] IoU=0.00
  Frame 2820/3600 | second 47
  Frozen during overlap [frame 2821]: Fish [1, 2, 3, 4, 5]
  Overlap detected: Fish 1 ↔ Fish 2 [frame 2821] IoU=0.02
  Overlap detected: Fish 2 ↔ Fish 5 [frame 2821] IoU=0.01
  Overlap detected: Fish 3 ↔ Fish 4 [frame 2821] IoU=0.00
  Frozen during overlap [frame 2822]: Fish [1, 2, 3, 4, 5]
  Overlap detected: Fish 1 ↔ Fish 2 [frame 2822] IoU=0.02
  Overlap detected: Fish 2 ↔ Fish 5 [frame 2822] IoU=0.01
  Overlap detected: Fish 3 ↔ Fish 4 [frame 2822] IoU=0.00
  Frozen during overlap [frame 2823]: Fish [1, 2, 3, 4, 5]
  Overlap detected: Fish 1 ↔ Fish 2 [frame 2823] IoU=0.02
  Overlap detected: Fish 2 ↔ Fish 5 [frame 2823] IoU=0.01
  Overlap detected: Fish 3 ↔ Fish 4 [frame 2823] IoU=0.00
  Frozen during overlap [frame 2824]: Fish [1, 2, 3, 4, 5]
  Overlap detected: Fish 1 ↔ Fish 2 [frame 2824] IoU=0.02
  Overlap detected: Fish 2 ↔ Fish 5 [frame 2824] IoU=0.01
  Overlap detected: Fish 3 ↔ Fish 4 [frame 2824] IoU=0.00
  Frozen during overlap [frame 2825]: Fish [1, 2, 3, 4, 5]
  Overlap detected: Fish 1 ↔ Fish 2 [frame 2825] IoU=0.02
  Overlap detected: Fish 2 ↔ Fish 5 [frame 2825] IoU=0.01
  Overlap detected: Fish 3 ↔ Fish 4 [frame 2825] IoU=0.00
  Frozen during overlap [frame 2826]: Fish [1, 2, 3, 4, 5]
  Overlap detected: Fish 1 ↔ Fish 2 [frame 2826] IoU=0.02
  Overlap detected: Fish 2 ↔ Fish 5 [frame 2826] IoU=0.01
  Overlap detected: Fish 3 ↔ Fish 4 [frame 2826] IoU=0.00
  Frozen during overlap [frame 2827]: Fish [1, 2, 3, 4, 5]
  Overlap detected: Fish 1 ↔ Fish 2 [frame 2827] IoU=0.02
  Overlap detected: Fish 2 ↔ Fish 5 [frame 2827] IoU=0.01
  Overlap detected: Fish 3 ↔ Fish 4 [frame 2827] IoU=0.00
  Frozen during overlap [frame 2828]: Fish [1, 2, 3, 4, 5]
  Overlap detected: Fish 1 ↔ Fish 2 [frame 2828] IoU=0.02
  Overlap detected: Fish 2 ↔ Fish 5 [frame 2828] IoU=0.01
  Overlap detected: Fish 3 ↔ Fish 4 [frame 2828] IoU=0.00
  Frozen during overlap [frame 2829]: Fish [1, 2, 3, 4, 5]
  Overlap detected: Fish 1 ↔ Fish 2 [frame 2829] IoU=0.02
  Overlap detected: Fish 2 ↔ Fish 5 [frame 2829] IoU=0.01
  Overlap detected: Fish 3 ↔ Fish 4 [frame 2829] IoU=0.00
  Frozen during overlap [frame 2830]: Fish [1, 2, 3, 4, 5]
  Overlap detected: Fish 1 ↔ Fish 2 [frame 2830] IoU=0.02
  Overlap detected: Fish 2 ↔ Fish 5 [frame 2830] IoU=0.01
  Overlap detected: Fish 3 ↔ Fish 4 [frame 2830] IoU=0.00
  Frozen during overlap [frame 2831]: Fish [1, 2, 3, 4, 5]
  Overlap detected: Fish 1 ↔ Fish 2 [frame 2831] IoU=0.02
  Overlap detected: Fish 2 ↔ Fish 5 [frame 2831] IoU=0.01
  Overlap detected: Fish 3 ↔ Fish 4 [frame 2831] IoU=0.00
  Frozen during overlap [frame 2832]: Fish [1, 2, 3, 4, 5]
  Overlap detected: Fish 1 ↔ Fish 2 [frame 2832] IoU=0.02
  Overlap detected: Fish 2 ↔ Fish 5 [frame 2832] IoU=0.01
  Overlap detected: Fish 3 ↔ Fish 4 [frame 2832] IoU=0.00
  Frozen during overlap [frame 2833]: Fish [1, 2, 3, 4, 5]
  Overlap detected: Fish 1 ↔ Fish 2 [frame 2833] IoU=0.02
  Overlap detected: Fish 2 ↔ Fish 5 [frame 2833] IoU=0.01
  Overlap detected: Fish 3 ↔ Fish 4 [frame 2833] IoU=0.00
  Frozen during overlap [frame 2834]: Fish [1, 2, 3, 4, 5]
  Overlap detected: Fish 1 ↔ Fish 2 [frame 2834] IoU=0.02
  Overlap detected: Fish 2 ↔ Fish 5 [frame 2834] IoU=0.01
  Overlap detected: Fish 3 ↔ Fish 4 [frame 2834] IoU=0.00
  Frozen during overlap [frame 2835]: Fish [1, 2, 3, 4, 5]
  Overlap detected: Fish 1 ↔ Fish 2 [frame 2835] IoU=0.02
  Overlap detected: Fish 2 ↔ Fish 5 [frame 2835] IoU=0.01
  Overlap detected: Fish 3 ↔ Fish 4 [frame 2835] IoU=0.00
  Frozen during overlap [frame 2836]: Fish [1, 2, 3, 4, 5]
  Overlap detected: Fish 1 ↔ Fish 2 [frame 2836] IoU=0.02
  Overlap detected: Fish 2 ↔ Fish 5 [frame 2836] IoU=0.01
  Overlap detected: Fish 3 ↔ Fish 4 [frame 2836] IoU=0.00
  Frozen during overlap [frame 2837]: Fish [1, 2, 3, 4, 5]
  Overlap detected: Fish 1 ↔ Fish 2 [frame 2837] IoU=0.02
  Overlap detected: Fish 2 ↔ Fish 5 [frame 2837] IoU=0.01
  Overlap detected: Fish 3 ↔ Fish 4 [frame 2837] IoU=0.00
  Frozen during overlap [frame 2838]: Fish [1, 2, 3, 4, 5]
  Overlap detected: Fish 1 ↔ Fish 2 [frame 2838] IoU=0.02
  Overlap detected: Fish 2 ↔ Fish 5 [frame 2838] IoU=0.01
  Overlap detected: Fish 3 ↔ Fish 4 [frame 2838] IoU=0.00
  Frozen during overlap [frame 2839]: Fish [1, 2, 3, 4, 5]
  Overlap detected: Fish 1 ↔ Fish 2 [frame 2839] IoU=0.02
  Overlap detected: Fish 2 ↔ Fish 5 [frame 2839] IoU=0.01
  Overlap detected: Fish 3 ↔ Fish 4 [frame 2839] IoU=0.00
  Frozen during overlap [frame 2840]: Fish [1, 2, 3, 4, 5]
  Overlap detected: Fish 1 ↔ Fish 2 [frame 2840] IoU=0.02
  Overlap detected: Fish 2 ↔ Fish 5 [frame 2840] IoU=0.01
  Overlap detected: Fish 3 ↔ Fish 4 [frame 2840] IoU=0.00
  Frozen during overlap [frame 2841]: Fish [1, 2, 3, 4, 5]
  Overlap detected: Fish 1 ↔ Fish 2 [frame 2841] IoU=0.02
  Overlap detected: Fish 2 ↔ Fish 5 [frame 2841] IoU=0.01
  Overlap detected: Fish 3 ↔ Fish 4 [frame 2841] IoU=0.00
  Frozen during overlap [frame 2842]: Fish [1, 2, 3, 4, 5]
  Overlap detected: Fish 1 ↔ Fish 2 [frame 2842] IoU=0.02
  Overlap detected: Fish 2 ↔ Fish 5 [frame 2842] IoU=0.01
  Overlap detected: Fish 3 ↔ Fish 4 [frame 2842] IoU=0.00
  Frozen during overlap [frame 2843]: Fish [1, 2, 3, 4, 5]
  Overlap detected: Fish 1 ↔ Fish 2 [frame 2843] IoU=0.02
  Overlap detected: Fish 2 ↔ Fish 5 [frame 2843] IoU=0.01
  Overlap detected: Fish 3 ↔ Fish 4 [frame 2843] IoU=0.00
  Frozen during overlap [frame 2844]: Fish [1, 2, 3, 4, 5]
  Overlap detected: Fish 1 ↔ Fish 2 [frame 2844] IoU=0.02
  Overlap detected: Fish 2 ↔ Fish 5 [frame 2844] IoU=0.01
  Overlap detected: Fish 3 ↔ Fish 4 [frame 2844] IoU=0.00
  Frozen during overlap [frame 2845]: Fish [1, 2, 3, 4, 5]
  Overlap detected: Fish 1 ↔ Fish 2 [frame 2845] IoU=0.02
  Overlap detected: Fish 2 ↔ Fish 5 [frame 2845] IoU=0.01
  Overlap detected: Fish 3 ↔ Fish 4 [frame 2845] IoU=0.00
  Frozen during overlap [frame 2846]: Fish [1, 2, 3, 4, 5]
  Overlap detected: Fish 1 ↔ Fish 2 [frame 2846] IoU=0.02
  Overlap detected: Fish 2 ↔ Fish 5 [frame 2846] IoU=0.01
  Overlap detected: Fish 3 ↔ Fish 4 [frame 2846] IoU=0.00
  Frozen during overlap [frame 2847]: Fish [1, 2, 3, 4, 5]
  Overlap detected: Fish 1 ↔ Fish 2 [frame 2847] IoU=0.02
  Overlap detected: Fish 2 ↔ Fish 5 [frame 2847] IoU=0.01
  Overlap detected: Fish 3 ↔ Fish 4 [frame 2847] IoU=0.00
  Frozen during overlap [frame 2848]: Fish [1, 2, 3, 4, 5]
  Overlap detected: Fish 1 ↔ Fish 2 [frame 2848] IoU=0.02
  Overlap detected: Fish 2 ↔ Fish 5 [frame 2848] IoU=0.01
  Overlap detected: Fish 3 ↔ Fish 4 [frame 2848] IoU=0.00
  Frozen during overlap [frame 2849]: Fish [1, 2, 3, 4, 5]
  Overlap detected: Fish 1 ↔ Fish 2 [frame 2849] IoU=0.02
  Overlap detected: Fish 2 ↔ Fish 5 [frame 2849] IoU=0.01
  Overlap detected: Fish 3 ↔ Fish 4 [frame 2849] IoU=0.00
  Frozen during overlap [frame 2850]: Fish [1, 2, 3, 4, 5]
  Overlap detected: Fish 1 ↔ Fish 2 [frame 2850] IoU=0.02
  Overlap detected: Fish 2 ↔ Fish 5 [frame 2850] IoU=0.01
  Overlap detected: Fish 3 ↔ Fish 4 [frame 2850] IoU=0.00
  Frame 2850/3600 | second 47
  Frozen during overlap [frame 2851]: Fish [1, 2, 3, 4, 5]
  Overlap detected: Fish 1 ↔ Fish 2 [frame 2851] IoU=0.02
  Overlap detected: Fish 2 ↔ Fish 5 [frame 2851] IoU=0.01
  Overlap detected: Fish 3 ↔ Fish 4 [frame 2851] IoU=0.00
  Frozen during overlap [frame 2852]: Fish [1, 2, 3, 4, 5]
  Overlap detected: Fish 1 ↔ Fish 2 [frame 2852] IoU=0.02
  Overlap detected: Fish 2 ↔ Fish 5 [frame 2852] IoU=0.01
  Overlap detected: Fish 3 ↔ Fish 4 [frame 2852] IoU=0.00
  Frozen during overlap [frame 2853]: Fish [1, 2, 3, 4, 5]
  Overlap detected: Fish 1 ↔ Fish 2 [frame 2853] IoU=0.02
  Overlap detected: Fish 2 ↔ Fish 5 [frame 2853] IoU=0.01
  Overlap detected: Fish 3 ↔ Fish 4 [frame 2853] IoU=0.00
  Frozen during overlap [frame 2854]: Fish [1, 2, 3, 4, 5]
  Overlap detected: Fish 1 ↔ Fish 2 [frame 2854] IoU=0.02
  Overlap detected: Fish 2 ↔ Fish 5 [frame 2854] IoU=0.01
  Overlap detected: Fish 3 ↔ Fish 4 [frame 2854] IoU=0.00
  Frozen during overlap [frame 2855]: Fish [1, 2, 3, 4, 5]
  Overlap detected: Fish 1 ↔ Fish 2 [frame 2855] IoU=0.02
  Overlap detected: Fish 2 ↔ Fish 5 [frame 2855] IoU=0.01
  Overlap detected: Fish 3 ↔ Fish 4 [frame 2855] IoU=0.00
  Frozen during overlap [frame 2856]: Fish [1, 2, 3, 4, 5]
  Overlap detected: Fish 1 ↔ Fish 2 [frame 2856] IoU=0.02
  Overlap detected: Fish 2 ↔ Fish 5 [frame 2856] IoU=0.01
  Overlap detected: Fish 3 ↔ Fish 4 [frame 2856] IoU=0.00
  Frozen during overlap [frame 2857]: Fish [1, 2, 3, 4, 5]
  Overlap detected: Fish 1 ↔ Fish 2 [frame 2857] IoU=0.02
  Overlap detected: Fish 2 ↔ Fish 5 [frame 2857] IoU=0.01
  Overlap detected: Fish 3 ↔ Fish 4 [frame 2857] IoU=0.00
  Frozen during overlap [frame 2858]: Fish [1, 2, 3, 4, 5]
  Overlap detected: Fish 1 ↔ Fish 2 [frame 2858] IoU=0.02
  Overlap detected: Fish 2 ↔ Fish 5 [frame 2858] IoU=0.01
  Overlap detected: Fish 3 ↔ Fish 4 [frame 2858] IoU=0.00
  Frozen during overlap [frame 2859]: Fish [1, 2, 3, 4, 5]
  Overlap detected: Fish 1 ↔ Fish 2 [frame 2859] IoU=0.02
  Overlap detected: Fish 2 ↔ Fish 5 [frame 2859] IoU=0.01
  Overlap detected: Fish 3 ↔ Fish 4 [frame 2859] IoU=0.00
  Frozen during overlap [frame 2860]: Fish [1, 2, 3, 4, 5]
  Overlap detected: Fish 1 ↔ Fish 2 [frame 2860] IoU=0.02
  Overlap detected: Fish 2 ↔ Fish 5 [frame 2860] IoU=0.01
  Overlap detected: Fish 3 ↔ Fish 4 [frame 2860] IoU=0.00
  Frozen during overlap [frame 2861]: Fish [1, 2, 3, 4, 5]
  Overlap detected: Fish 1 ↔ Fish 2 [frame 2861] IoU=0.02
  Overlap detected: Fish 2 ↔ Fish 5 [frame 2861] IoU=0.01
  Overlap detected: Fish 3 ↔ Fish 4 [frame 2861] IoU=0.00
  Frozen during overlap [frame 2862]: Fish [1, 2, 3, 4, 5]
  Overlap detected: Fish 1 ↔ Fish 2 [frame 2862] IoU=0.02
  Overlap detected: Fish 2 ↔ Fish 5 [frame 2862] IoU=0.01
  Overlap detected: Fish 3 ↔ Fish 4 [frame 2862] IoU=0.00
  Frozen during overlap [frame 2863]: Fish [1, 2, 3, 4, 5]
  Overlap detected: Fish 1 ↔ Fish 2 [frame 2863] IoU=0.02
  Overlap detected: Fish 2 ↔ Fish 5 [frame 2863] IoU=0.01
  Overlap detected: Fish 3 ↔ Fish 4 [frame 2863] IoU=0.00
  Frozen during overlap [frame 2864]: Fish [1, 2, 3, 4, 5]
  Overlap detected: Fish 1 ↔ Fish 2 [frame 2864] IoU=0.02
  Overlap detected: Fish 2 ↔ Fish 5 [frame 2864] IoU=0.01
  Overlap detected: Fish 3 ↔ Fish 4 [frame 2864] IoU=0.00
  Frozen during overlap [frame 2865]: Fish [1, 2, 3, 4, 5]
  Overlap detected: Fish 1 ↔ Fish 2 [frame 2865] IoU=0.02
  Overlap detected: Fish 2 ↔ Fish 5 [frame 2865] IoU=0.01
  Overlap detected: Fish 3 ↔ Fish 4 [frame 2865] IoU=0.00
  Frozen during overlap [frame 2866]: Fish [1, 2, 3, 4, 5]
  Overlap detected: Fish 1 ↔ Fish 2 [frame 2866] IoU=0.02
  Overlap detected: Fish 2 ↔ Fish 5 [frame 2866] IoU=0.01
  Overlap detected: Fish 3 ↔ Fish 4 [frame 2866] IoU=0.00
  Frozen during overlap [frame 2867]: Fish [1, 2, 3, 4, 5]
  Overlap detected: Fish 1 ↔ Fish 2 [frame 2867] IoU=0.02
  Overlap detected: Fish 2 ↔ Fish 5 [frame 2867] IoU=0.01
  Overlap detected: Fish 3 ↔ Fish 4 [frame 2867] IoU=0.00
  Frozen during overlap [frame 2868]: Fish [1, 2, 3, 4, 5]
  Overlap detected: Fish 1 ↔ Fish 2 [frame 2868] IoU=0.02
  Overlap detected: Fish 2 ↔ Fish 5 [frame 2868] IoU=0.01
  Overlap detected: Fish 3 ↔ Fish 4 [frame 2868] IoU=0.00
  Frozen during overlap [frame 2869]: Fish [1, 2, 3, 4, 5]
  Overlap detected: Fish 1 ↔ Fish 2 [frame 2869] IoU=0.02
  Overlap detected: Fish 2 ↔ Fish 5 [frame 2869] IoU=0.01
  Overlap detected: Fish 3 ↔ Fish 4 [frame 2869] IoU=0.00
  Frozen during overlap [frame 2870]: Fish [1, 2, 3, 4, 5]
  Overlap detected: Fish 1 ↔ Fish 2 [frame 2870] IoU=0.02
  Overlap detected: Fish 2 ↔ Fish 5 [frame 2870] IoU=0.01
  Overlap detected: Fish 3 ↔ Fish 4 [frame 2870] IoU=0.00
  Frozen during overlap [frame 2871]: Fish [1, 2, 3, 4, 5]
  Overlap detected: Fish 1 ↔ Fish 2 [frame 2871] IoU=0.02
  Overlap detected: Fish 2 ↔ Fish 5 [frame 2871] IoU=0.01
  Overlap detected: Fish 3 ↔ Fish 4 [frame 2871] IoU=0.00
  Frozen during overlap [frame 2872]: Fish [1, 2, 3, 4, 5]
  Overlap detected: Fish 1 ↔ Fish 2 [frame 2872] IoU=0.02
  Overlap detected: Fish 2 ↔ Fish 5 [frame 2872] IoU=0.01
  Overlap detected: Fish 3 ↔ Fish 4 [frame 2872] IoU=0.00
  Frozen during overlap [frame 2873]: Fish [1, 2, 3, 4, 5]
  Overlap detected: Fish 1 ↔ Fish 2 [frame 2873] IoU=0.02
  Overlap detected: Fish 2 ↔ Fish 5 [frame 2873] IoU=0.01
  Overlap detected: Fish 3 ↔ Fish 4 [frame 2873] IoU=0.00
  Frozen during overlap [frame 2874]: Fish [1, 2, 3, 4, 5]
  Overlap detected: Fish 1 ↔ Fish 2 [frame 2874] IoU=0.02
  Overlap detected: Fish 2 ↔ Fish 5 [frame 2874] IoU=0.01
  Overlap detected: Fish 3 ↔ Fish 4 [frame 2874] IoU=0.00
  Frozen during overlap [frame 2875]: Fish [1, 2, 3, 4, 5]
  Overlap detected: Fish 1 ↔ Fish 2 [frame 2875] IoU=0.02
  Overlap detected: Fish 2 ↔ Fish 5 [frame 2875] IoU=0.01
  Overlap detected: Fish 3 ↔ Fish 4 [frame 2875] IoU=0.00
  Frozen during overlap [frame 2876]: Fish [1, 2, 3, 4, 5]
  Overlap detected: Fish 1 ↔ Fish 2 [frame 2876] IoU=0.02
  Overlap detected: Fish 2 ↔ Fish 5 [frame 2876] IoU=0.01
  Overlap detected: Fish 3 ↔ Fish 4 [frame 2876] IoU=0.00
  Frozen during overlap [frame 2877]: Fish [1, 2, 3, 4, 5]
  Overlap detected: Fish 1 ↔ Fish 2 [frame 2877] IoU=0.02
  Overlap detected: Fish 2 ↔ Fish 5 [frame 2877] IoU=0.01
  Overlap detected: Fish 3 ↔ Fish 4 [frame 2877] IoU=0.00
  Frozen during overlap [frame 2878]: Fish [1, 2, 3, 4, 5]
  Overlap detected: Fish 1 ↔ Fish 2 [frame 2878] IoU=0.02
  Overlap detected: Fish 2 ↔ Fish 5 [frame 2878] IoU=0.01
  Overlap detected: Fish 3 ↔ Fish 4 [frame 2878] IoU=0.00
  Frozen during overlap [frame 2879]: Fish [1, 2, 3, 4, 5]
  Overlap detected: Fish 1 ↔ Fish 2 [frame 2879] IoU=0.02
  Overlap detected: Fish 2 ↔ Fish 5 [frame 2879] IoU=0.01
  Overlap detected: Fish 3 ↔ Fish 4 [frame 2879] IoU=0.00
  Frozen during overlap [frame 2880]: Fish [1, 2, 3, 4, 5]
  Overlap detected: Fish 1 ↔ Fish 2 [frame 2880] IoU=0.02
  Overlap detected: Fish 2 ↔ Fish 5 [frame 2880] IoU=0.01
  Overlap detected: Fish 3 ↔ Fish 4 [frame 2880] IoU=0.00
  Frame 2880/3600 | second 48
  Frozen during overlap [frame 2881]: Fish [1, 2, 3, 4, 5]
  Overlap detected: Fish 1 ↔ Fish 2 [frame 2881] IoU=0.02
  Overlap detected: Fish 2 ↔ Fish 5 [frame 2881] IoU=0.01
  Overlap detected: Fish 3 ↔ Fish 4 [frame 2881] IoU=0.00
  Frozen during overlap [frame 2882]: Fish [1, 2, 3, 4, 5]
  Overlap detected: Fish 1 ↔ Fish 2 [frame 2882] IoU=0.02
  Overlap detected: Fish 2 ↔ Fish 5 [frame 2882] IoU=0.01
  Overlap detected: Fish 3 ↔ Fish 4 [frame 2882] IoU=0.00
  Frozen during overlap [frame 2883]: Fish [1, 2, 3, 4, 5]
  Overlap detected: Fish 1 ↔ Fish 2 [frame 2883] IoU=0.02
  Overlap detected: Fish 2 ↔ Fish 5 [frame 2883] IoU=0.01
  Overlap detected: Fish 3 ↔ Fish 4 [frame 2883] IoU=0.00
  Frozen during overlap [frame 2884]: Fish [1, 2, 3, 4, 5]
  Overlap detected: Fish 1 ↔ Fish 2 [frame 2884] IoU=0.02
  Overlap detected: Fish 2 ↔ Fish 5 [frame 2884] IoU=0.01
  Overlap detected: Fish 3 ↔ Fish 4 [frame 2884] IoU=0.00
  Frozen during overlap [frame 2885]: Fish [1, 2, 3, 4, 5]
  Overlap detected: Fish 1 ↔ Fish 2 [frame 2885] IoU=0.02
  Overlap detected: Fish 2 ↔ Fish 5 [frame 2885] IoU=0.01
  Overlap detected: Fish 3 ↔ Fish 4 [frame 2885] IoU=0.00
  Frozen during overlap [frame 2886]: Fish [1, 2, 3, 4, 5]
  Overlap detected: Fish 1 ↔ Fish 2 [frame 2886] IoU=0.02
  Overlap detected: Fish 2 ↔ Fish 5 [frame 2886] IoU=0.01
  Overlap detected: Fish 3 ↔ Fish 4 [frame 2886] IoU=0.00
  Frozen during overlap [frame 2887]: Fish [1, 2, 3, 4, 5]
  Overlap detected: Fish 1 ↔ Fish 2 [frame 2887] IoU=0.02
  Overlap detected: Fish 2 ↔ Fish 5 [frame 2887] IoU=0.01
  Overlap detected: Fish 3 ↔ Fish 4 [frame 2887] IoU=0.00
  Frozen during overlap [frame 2888]: Fish [1, 2, 3, 4, 5]
  Overlap detected: Fish 1 ↔ Fish 2 [frame 2888] IoU=0.02
  Overlap detected: Fish 2 ↔ Fish 5 [frame 2888] IoU=0.01
  Overlap detected: Fish 3 ↔ Fish 4 [frame 2888] IoU=0.00
  Frozen during overlap [frame 2889]: Fish [1, 2, 3, 4, 5]
  Overlap detected: Fish 1 ↔ Fish 2 [frame 2889] IoU=0.02
  Overlap detected: Fish 2 ↔ Fish 5 [frame 2889] IoU=0.01
  Overlap detected: Fish 3 ↔ Fish 4 [frame 2889] IoU=0.00
  Frozen during overlap [frame 2890]: Fish [1, 2, 3, 4, 5]
  Overlap detected: Fish 1 ↔ Fish 2 [frame 2890] IoU=0.02
  Overlap detected: Fish 2 ↔ Fish 5 [frame 2890] IoU=0.01
  Overlap detected: Fish 3 ↔ Fish 4 [frame 2890] IoU=0.00
  Frozen during overlap [frame 2891]: Fish [1, 2, 3, 4, 5]
  Overlap detected: Fish 1 ↔ Fish 2 [frame 2891] IoU=0.02
  Overlap detected: Fish 2 ↔ Fish 5 [frame 2891] IoU=0.01
  Overlap detected: Fish 3 ↔ Fish 4 [frame 2891] IoU=0.00
  Frozen during overlap [frame 2892]: Fish [1, 2, 3, 4, 5]
  Overlap detected: Fish 1 ↔ Fish 2 [frame 2892] IoU=0.02
  Overlap detected: Fish 2 ↔ Fish 5 [frame 2892] IoU=0.01
  Overlap detected: Fish 3 ↔ Fish 4 [frame 2892] IoU=0.00
  Frozen during overlap [frame 2893]: Fish [1, 2, 3, 4, 5]
  Overlap detected: Fish 1 ↔ Fish 2 [frame 2893] IoU=0.02
  Overlap detected: Fish 2 ↔ Fish 5 [frame 2893] IoU=0.01
  Overlap detected: Fish 3 ↔ Fish 4 [frame 2893] IoU=0.00
  Frozen during overlap [frame 2894]: Fish [1, 2, 3, 4, 5]
  Overlap detected: Fish 1 ↔ Fish 2 [frame 2894] IoU=0.02
  Overlap detected: Fish 2 ↔ Fish 5 [frame 2894] IoU=0.01
  Overlap detected: Fish 3 ↔ Fish 4 [frame 2894] IoU=0.00
  Frozen during overlap [frame 2895]: Fish [1, 2, 3, 4, 5]
  Overlap detected: Fish 1 ↔ Fish 2 [frame 2895] IoU=0.02
  Overlap detected: Fish 2 ↔ Fish 5 [frame 2895] IoU=0.01
  Overlap detected: Fish 3 ↔ Fish 4 [frame 2895] IoU=0.00
  Frozen during overlap [frame 2896]: Fish [1, 2, 3, 4, 5]
  Overlap detected: Fish 1 ↔ Fish 2 [frame 2896] IoU=0.02
  Overlap detected: Fish 2 ↔ Fish 5 [frame 2896] IoU=0.01
  Overlap detected: Fish 3 ↔ Fish 4 [frame 2896] IoU=0.00
  Frozen during overlap [frame 2897]: Fish [1, 2, 3, 4, 5]
  Overlap detected: Fish 1 ↔ Fish 2 [frame 2897] IoU=0.02
  Overlap detected: Fish 2 ↔ Fish 5 [frame 2897] IoU=0.01
  Overlap detected: Fish 3 ↔ Fish 4 [frame 2897] IoU=0.00
  Frozen during overlap [frame 2898]: Fish [1, 2, 3, 4, 5]
  Overlap detected: Fish 1 ↔ Fish 2 [frame 2898] IoU=0.02
  Overlap detected: Fish 2 ↔ Fish 5 [frame 2898] IoU=0.01
  Overlap detected: Fish 3 ↔ Fish 4 [frame 2898] IoU=0.00
  Frozen during overlap [frame 2899]: Fish [1, 2, 3, 4, 5]
  Overlap detected: Fish 1 ↔ Fish 2 [frame 2899] IoU=0.02
  Overlap detected: Fish 2 ↔ Fish 5 [frame 2899] IoU=0.01
  Overlap detected: Fish 3 ↔ Fish 4 [frame 2899] IoU=0.00
  Frozen during overlap [frame 2900]: Fish [1, 2, 3, 4, 5]
  Overlap detected: Fish 1 ↔ Fish 2 [frame 2900] IoU=0.02
  Overlap detected: Fish 2 ↔ Fish 5 [frame 2900] IoU=0.01
  Overlap detected: Fish 3 ↔ Fish 4 [frame 2900] IoU=0.00
  Frozen during overlap [frame 2901]: Fish [1, 2, 3, 4, 5]
  Overlap detected: Fish 1 ↔ Fish 2 [frame 2901] IoU=0.02
  Overlap detected: Fish 2 ↔ Fish 5 [frame 2901] IoU=0.01
  Overlap detected: Fish 3 ↔ Fish 4 [frame 2901] IoU=0.00
  Frozen during overlap [frame 2902]: Fish [1, 2, 3, 4, 5]
  Overlap detected: Fish 1 ↔ Fish 2 [frame 2902] IoU=0.02
  Overlap detected: Fish 2 ↔ Fish 5 [frame 2902] IoU=0.01
  Overlap detected: Fish 3 ↔ Fish 4 [frame 2902] IoU=0.00
  Frozen during overlap [frame 2903]: Fish [1, 2, 3, 4, 5]
  Overlap detected: Fish 1 ↔ Fish 2 [frame 2903] IoU=0.02
  Overlap detected: Fish 2 ↔ Fish 5 [frame 2903] IoU=0.01
  Overlap detected: Fish 3 ↔ Fish 4 [frame 2903] IoU=0.00
  Frozen during overlap [frame 2904]: Fish [1, 2, 3, 4, 5]
  Overlap detected: Fish 1 ↔ Fish 2 [frame 2904] IoU=0.02
  Overlap detected: Fish 2 ↔ Fish 5 [frame 2904] IoU=0.01
  Overlap detected: Fish 3 ↔ Fish 4 [frame 2904] IoU=0.00
  Frozen during overlap [frame 2905]: Fish [1, 2, 3, 4, 5]
  Overlap detected: Fish 1 ↔ Fish 2 [frame 2905] IoU=0.02
  Overlap detected: Fish 2 ↔ Fish 5 [frame 2905] IoU=0.01
  Overlap detected: Fish 3 ↔ Fish 4 [frame 2905] IoU=0.00
  Frozen during overlap [frame 2906]: Fish [1, 2, 3, 4, 5]
  Overlap detected: Fish 1 ↔ Fish 2 [frame 2906] IoU=0.02
  Overlap detected: Fish 2 ↔ Fish 5 [frame 2906] IoU=0.01
  Overlap detected: Fish 3 ↔ Fish 4 [frame 2906] IoU=0.00
  Frozen during overlap [frame 2907]: Fish [1, 2, 3, 4, 5]
  Overlap detected: Fish 1 ↔ Fish 2 [frame 2907] IoU=0.02
  Overlap detected: Fish 2 ↔ Fish 5 [frame 2907] IoU=0.01
  Overlap detected: Fish 3 ↔ Fish 4 [frame 2907] IoU=0.00
  Frozen during overlap [frame 2908]: Fish [1, 2, 3, 4, 5]
  Overlap detected: Fish 1 ↔ Fish 2 [frame 2908] IoU=0.02
  Overlap detected: Fish 2 ↔ Fish 5 [frame 2908] IoU=0.01
  Overlap detected: Fish 3 ↔ Fish 4 [frame 2908] IoU=0.00
  Frozen during overlap [frame 2909]: Fish [1, 2, 3, 4, 5]
  Overlap detected: Fish 1 ↔ Fish 2 [frame 2909] IoU=0.02
  Overlap detected: Fish 2 ↔ Fish 5 [frame 2909] IoU=0.01
  Overlap detected: Fish 3 ↔ Fish 4 [frame 2909] IoU=0.00
  Frozen during overlap [frame 2910]: Fish [1, 2, 3, 4, 5]
  Overlap detected: Fish 1 ↔ Fish 2 [frame 2910] IoU=0.02
  Overlap detected: Fish 2 ↔ Fish 5 [frame 2910] IoU=0.01
  Overlap detected: Fish 3 ↔ Fish 4 [frame 2910] IoU=0.00
  Frame 2910/3600 | second 48
  Frozen during overlap [frame 2911]: Fish [1, 2, 3, 4, 5]
  Overlap detected: Fish 1 ↔ Fish 2 [frame 2911] IoU=0.02
  Overlap detected: Fish 2 ↔ Fish 5 [frame 2911] IoU=0.01
  Overlap detected: Fish 3 ↔ Fish 4 [frame 2911] IoU=0.00
  Frozen during overlap [frame 2912]: Fish [1, 2, 3, 4, 5]
  Overlap detected: Fish 1 ↔ Fish 2 [frame 2912] IoU=0.02
  Overlap detected: Fish 2 ↔ Fish 5 [frame 2912] IoU=0.01
  Overlap detected: Fish 3 ↔ Fish 4 [frame 2912] IoU=0.00
  Frozen during overlap [frame 2913]: Fish [1, 2, 3, 4, 5]
  Overlap detected: Fish 1 ↔ Fish 2 [frame 2913] IoU=0.02
  Overlap detected: Fish 2 ↔ Fish 5 [frame 2913] IoU=0.01
  Overlap detected: Fish 3 ↔ Fish 4 [frame 2913] IoU=0.00
  Frozen during overlap [frame 2914]: Fish [1, 2, 3, 4, 5]
  Overlap detected: Fish 1 ↔ Fish 2 [frame 2914] IoU=0.02
  Overlap detected: Fish 2 ↔ Fish 5 [frame 2914] IoU=0.01
  Overlap detected: Fish 3 ↔ Fish 4 [frame 2914] IoU=0.00
  Frozen during overlap [frame 2915]: Fish [1, 2, 3, 4, 5]
  Overlap detected: Fish 1 ↔ Fish 2 [frame 2915] IoU=0.02
  Overlap detected: Fish 2 ↔ Fish 5 [frame 2915] IoU=0.01
  Overlap detected: Fish 3 ↔ Fish 4 [frame 2915] IoU=0.00
  Frozen during overlap [frame 2916]: Fish [1, 2, 3, 4, 5]
  Overlap detected: Fish 1 ↔ Fish 2 [frame 2916] IoU=0.02
  Overlap detected: Fish 2 ↔ Fish 5 [frame 2916] IoU=0.01
  Overlap detected: Fish 3 ↔ Fish 4 [frame 2916] IoU=0.00
  Frozen during overlap [frame 2917]: Fish [1, 2, 3, 4, 5]
  Overlap detected: Fish 1 ↔ Fish 2 [frame 2917] IoU=0.02
  Overlap detected: Fish 2 ↔ Fish 5 [frame 2917] IoU=0.01
  Overlap detected: Fish 3 ↔ Fish 4 [frame 2917] IoU=0.00
  Frozen during overlap [frame 2918]: Fish [1, 2, 3, 4, 5]
  Overlap detected: Fish 1 ↔ Fish 2 [frame 2918] IoU=0.02
  Overlap detected: Fish 2 ↔ Fish 5 [frame 2918] IoU=0.01
  Overlap detected: Fish 3 ↔ Fish 4 [frame 2918] IoU=0.00
  Frozen during overlap [frame 2919]: Fish [1, 2, 3, 4, 5]
  Overlap detected: Fish 1 ↔ Fish 2 [frame 2919] IoU=0.02
  Overlap detected: Fish 2 ↔ Fish 5 [frame 2919] IoU=0.01
  Overlap detected: Fish 3 ↔ Fish 4 [frame 2919] IoU=0.00
  Frozen during overlap [frame 2920]: Fish [1, 2, 3, 4, 5]
  Overlap detected: Fish 1 ↔ Fish 2 [frame 2920] IoU=0.02
  Overlap detected: Fish 2 ↔ Fish 5 [frame 2920] IoU=0.01
  Overlap detected: Fish 3 ↔ Fish 4 [frame 2920] IoU=0.00
  Frozen during overlap [frame 2921]: Fish [1, 2, 3, 4, 5]
  Overlap detected: Fish 1 ↔ Fish 2 [frame 2921] IoU=0.02
  Overlap detected: Fish 2 ↔ Fish 5 [frame 2921] IoU=0.01
  Overlap detected: Fish 3 ↔ Fish 4 [frame 2921] IoU=0.00
  Frozen during overlap [frame 2922]: Fish [1, 2, 3, 4, 5]
  Overlap detected: Fish 1 ↔ Fish 2 [frame 2922] IoU=0.02
  Overlap detected: Fish 2 ↔ Fish 5 [frame 2922] IoU=0.01
  Overlap detected: Fish 3 ↔ Fish 4 [frame 2922] IoU=0.00
  Frozen during overlap [frame 2923]: Fish [1, 2, 3, 4, 5]
  Overlap detected: Fish 1 ↔ Fish 2 [frame 2923] IoU=0.02
  Overlap detected: Fish 2 ↔ Fish 5 [frame 2923] IoU=0.01
  Overlap detected: Fish 3 ↔ Fish 4 [frame 2923] IoU=0.00
  Frozen during overlap [frame 2924]: Fish [1, 2, 3, 4, 5]
  Overlap detected: Fish 1 ↔ Fish 2 [frame 2924] IoU=0.02
  Overlap detected: Fish 2 ↔ Fish 5 [frame 2924] IoU=0.01
  Overlap detected: Fish 3 ↔ Fish 4 [frame 2924] IoU=0.00
  Frozen during overlap [frame 2925]: Fish [1, 2, 3, 4, 5]
  Overlap detected: Fish 1 ↔ Fish 2 [frame 2925] IoU=0.02
  Overlap detected: Fish 2 ↔ Fish 5 [frame 2925] IoU=0.01
  Overlap detected: Fish 3 ↔ Fish 4 [frame 2925] IoU=0.00
  Frozen during overlap [frame 2926]: Fish [1, 2, 3, 4, 5]
  Overlap detected: Fish 1 ↔ Fish 2 [frame 2926] IoU=0.02
  Overlap detected: Fish 2 ↔ Fish 5 [frame 2926] IoU=0.01
  Overlap detected: Fish 3 ↔ Fish 4 [frame 2926] IoU=0.00
  Frozen during overlap [frame 2927]: Fish [1, 2, 3, 4, 5]
  Overlap detected: Fish 1 ↔ Fish 2 [frame 2927] IoU=0.02
  Overlap detected: Fish 2 ↔ Fish 5 [frame 2927] IoU=0.01
  Overlap detected: Fish 3 ↔ Fish 4 [frame 2927] IoU=0.00
  Frozen during overlap [frame 2928]: Fish [1, 2, 3, 4, 5]
  Overlap detected: Fish 1 ↔ Fish 2 [frame 2928] IoU=0.02
  Overlap detected: Fish 2 ↔ Fish 5 [frame 2928] IoU=0.01
  Overlap detected: Fish 3 ↔ Fish 4 [frame 2928] IoU=0.00
  Frozen during overlap [frame 2929]: Fish [1, 2, 3, 4, 5]
  Overlap detected: Fish 1 ↔ Fish 2 [frame 2929] IoU=0.02
  Overlap detected: Fish 2 ↔ Fish 5 [frame 2929] IoU=0.01
  Overlap detected: Fish 3 ↔ Fish 4 [frame 2929] IoU=0.00
  Frozen during overlap [frame 2930]: Fish [1, 2, 3, 4, 5]
  Overlap detected: Fish 1 ↔ Fish 2 [frame 2930] IoU=0.02
  Overlap detected: Fish 2 ↔ Fish 5 [frame 2930] IoU=0.01
  Overlap detected: Fish 3 ↔ Fish 4 [frame 2930] IoU=0.00
  Frozen during overlap [frame 2931]: Fish [1, 2, 3, 4, 5]
  Overlap detected: Fish 1 ↔ Fish 2 [frame 2931] IoU=0.02
  Overlap detected: Fish 2 ↔ Fish 5 [frame 2931] IoU=0.01
  Overlap detected: Fish 3 ↔ Fish 4 [frame 2931] IoU=0.00
  Frozen during overlap [frame 2932]: Fish [1, 2, 3, 4, 5]
  Overlap detected: Fish 1 ↔ Fish 2 [frame 2932] IoU=0.02
  Overlap detected: Fish 2 ↔ Fish 5 [frame 2932] IoU=0.01
  Overlap detected: Fish 3 ↔ Fish 4 [frame 2932] IoU=0.00
  Frozen during overlap [frame 2933]: Fish [1, 2, 3, 4, 5]
  Overlap detected: Fish 1 ↔ Fish 2 [frame 2933] IoU=0.02
  Overlap detected: Fish 2 ↔ Fish 5 [frame 2933] IoU=0.01
  Overlap detected: Fish 3 ↔ Fish 4 [frame 2933] IoU=0.00
  Frozen during overlap [frame 2934]: Fish [1, 2, 3, 4, 5]
  Overlap detected: Fish 1 ↔ Fish 2 [frame 2934] IoU=0.02
  Overlap detected: Fish 2 ↔ Fish 5 [frame 2934] IoU=0.01
  Overlap detected: Fish 3 ↔ Fish 4 [frame 2934] IoU=0.00
  Frozen during overlap [frame 2935]: Fish [1, 2, 3, 4, 5]
  Overlap detected: Fish 1 ↔ Fish 2 [frame 2935] IoU=0.02
  Overlap detected: Fish 2 ↔ Fish 5 [frame 2935] IoU=0.01
  Overlap detected: Fish 3 ↔ Fish 4 [frame 2935] IoU=0.00
  Frozen during overlap [frame 2936]: Fish [1, 2, 3, 4, 5]
  Overlap detected: Fish 1 ↔ Fish 2 [frame 2936] IoU=0.02
  Overlap detected: Fish 2 ↔ Fish 5 [frame 2936] IoU=0.01
  Overlap detected: Fish 3 ↔ Fish 4 [frame 2936] IoU=0.00
  Frozen during overlap [frame 2937]: Fish [1, 2, 3, 4, 5]
  Overlap detected: Fish 1 ↔ Fish 2 [frame 2937] IoU=0.02
  Overlap detected: Fish 2 ↔ Fish 5 [frame 2937] IoU=0.01
  Overlap detected: Fish 3 ↔ Fish 4 [frame 2937] IoU=0.00
  Frozen during overlap [frame 2938]: Fish [1, 2, 3, 4, 5]
  Overlap detected: Fish 1 ↔ Fish 2 [frame 2938] IoU=0.02
  Overlap detected: Fish 2 ↔ Fish 5 [frame 2938] IoU=0.01
  Overlap detected: Fish 3 ↔ Fish 4 [frame 2938] IoU=0.00
  Frozen during overlap [frame 2939]: Fish [1, 2, 3, 4, 5]
  Overlap detected: Fish 1 ↔ Fish 2 [frame 2939] IoU=0.02
  Overlap detected: Fish 2 ↔ Fish 5 [frame 2939] IoU=0.01
  Overlap detected: Fish 3 ↔ Fish 4 [frame 2939] IoU=0.00
  Frozen during overlap [frame 2940]: Fish [1, 2, 3, 4, 5]
  Overlap detected: Fish 1 ↔ Fish 2 [frame 2940] IoU=0.02
  Overlap detected: Fish 2 ↔ Fish 5 [frame 2940] IoU=0.01
  Overlap detected: Fish 3 ↔ Fish 4 [frame 2940] IoU=0.00
  Frame 2940/3600 | second 49
  Frozen during overlap [frame 2941]: Fish [1, 2, 3, 4, 5]
  Overlap detected: Fish 1 ↔ Fish 2 [frame 2941] IoU=0.02
  Overlap detected: Fish 2 ↔ Fish 5 [frame 2941] IoU=0.01
  Overlap detected: Fish 3 ↔ Fish 4 [frame 2941] IoU=0.00
  Frozen during overlap [frame 2942]: Fish [1, 2, 3, 4, 5]
  Overlap detected: Fish 1 ↔ Fish 2 [frame 2942] IoU=0.02
  Overlap detected: Fish 2 ↔ Fish 5 [frame 2942] IoU=0.01
  Overlap detected: Fish 3 ↔ Fish 4 [frame 2942] IoU=0.00
  Frozen during overlap [frame 2943]: Fish [1, 2, 3, 4, 5]
  Overlap detected: Fish 1 ↔ Fish 2 [frame 2943] IoU=0.02
  Overlap detected: Fish 2 ↔ Fish 5 [frame 2943] IoU=0.01
  Overlap detected: Fish 3 ↔ Fish 4 [frame 2943] IoU=0.00
  Frozen during overlap [frame 2944]: Fish [1, 2, 3, 4, 5]
  Overlap detected: Fish 1 ↔ Fish 2 [frame 2944] IoU=0.02
  Overlap detected: Fish 2 ↔ Fish 5 [frame 2944] IoU=0.01
  Overlap detected: Fish 3 ↔ Fish 4 [frame 2944] IoU=0.00
  Frozen during overlap [frame 2945]: Fish [1, 2, 3, 4, 5]
  Overlap detected: Fish 1 ↔ Fish 2 [frame 2945] IoU=0.02
  Overlap detected: Fish 2 ↔ Fish 5 [frame 2945] IoU=0.01
  Overlap detected: Fish 3 ↔ Fish 4 [frame 2945] IoU=0.00
  Frozen during overlap [frame 2946]: Fish [1, 2, 3, 4, 5]
  Overlap detected: Fish 1 ↔ Fish 2 [frame 2946] IoU=0.02
  Overlap detected: Fish 2 ↔ Fish 5 [frame 2946] IoU=0.01
  Overlap detected: Fish 3 ↔ Fish 4 [frame 2946] IoU=0.00
  Frozen during overlap [frame 2947]: Fish [1, 2, 3, 4, 5]
  Overlap detected: Fish 1 ↔ Fish 2 [frame 2947] IoU=0.02
  Overlap detected: Fish 2 ↔ Fish 5 [frame 2947] IoU=0.01
  Overlap detected: Fish 3 ↔ Fish 4 [frame 2947] IoU=0.00
  Frozen during overlap [frame 2948]: Fish [1, 2, 3, 4, 5]
  Overlap detected: Fish 1 ↔ Fish 2 [frame 2948] IoU=0.02
  Overlap detected: Fish 2 ↔ Fish 5 [frame 2948] IoU=0.01
  Overlap detected: Fish 3 ↔ Fish 4 [frame 2948] IoU=0.00
  Frozen during overlap [frame 2949]: Fish [1, 2, 3, 4, 5]
  Overlap detected: Fish 1 ↔ Fish 2 [frame 2949] IoU=0.02
  Overlap detected: Fish 2 ↔ Fish 5 [frame 2949] IoU=0.01
  Overlap detected: Fish 3 ↔ Fish 4 [frame 2949] IoU=0.00
  Frozen during overlap [frame 2950]: Fish [1, 2, 3, 4, 5]
  Overlap detected: Fish 1 ↔ Fish 2 [frame 2950] IoU=0.02
  Overlap detected: Fish 2 ↔ Fish 5 [frame 2950] IoU=0.01
  Overlap detected: Fish 3 ↔ Fish 4 [frame 2950] IoU=0.00
  Frozen during overlap [frame 2951]: Fish [1, 2, 3, 4, 5]
  Overlap detected: Fish 1 ↔ Fish 2 [frame 2951] IoU=0.02
  Overlap detected: Fish 2 ↔ Fish 5 [frame 2951] IoU=0.01
  Overlap detected: Fish 3 ↔ Fish 4 [frame 2951] IoU=0.00
  Frozen during overlap [frame 2952]: Fish [1, 2, 3, 4, 5]
  Overlap detected: Fish 1 ↔ Fish 2 [frame 2952] IoU=0.02
  Overlap detected: Fish 2 ↔ Fish 5 [frame 2952] IoU=0.01
  Overlap detected: Fish 3 ↔ Fish 4 [frame 2952] IoU=0.00
  Frozen during overlap [frame 2953]: Fish [1, 2, 3, 4, 5]
  Overlap detected: Fish 1 ↔ Fish 2 [frame 2953] IoU=0.02
  Overlap detected: Fish 2 ↔ Fish 5 [frame 2953] IoU=0.01
  Overlap detected: Fish 3 ↔ Fish 4 [frame 2953] IoU=0.00
  Frozen during overlap [frame 2954]: Fish [1, 2, 3, 4, 5]
  Overlap detected: Fish 1 ↔ Fish 2 [frame 2954] IoU=0.02
  Overlap detected: Fish 2 ↔ Fish 5 [frame 2954] IoU=0.01
  Overlap detected: Fish 3 ↔ Fish 4 [frame 2954] IoU=0.00
  Frozen during overlap [frame 2955]: Fish [1, 2, 3, 4, 5]
  Overlap detected: Fish 1 ↔ Fish 2 [frame 2955] IoU=0.02
  Overlap detected: Fish 2 ↔ Fish 5 [frame 2955] IoU=0.01
  Overlap detected: Fish 3 ↔ Fish 4 [frame 2955] IoU=0.00
  Frozen during overlap [frame 2956]: Fish [1, 2, 3, 4, 5]
  Overlap detected: Fish 1 ↔ Fish 2 [frame 2956] IoU=0.02
  Overlap detected: Fish 2 ↔ Fish 5 [frame 2956] IoU=0.01
  Overlap detected: Fish 3 ↔ Fish 4 [frame 2956] IoU=0.00
  Frozen during overlap [frame 2957]: Fish [1, 2, 3, 4, 5]
  Overlap detected: Fish 1 ↔ Fish 2 [frame 2957] IoU=0.02
  Overlap detected: Fish 2 ↔ Fish 5 [frame 2957] IoU=0.01
  Overlap detected: Fish 3 ↔ Fish 4 [frame 2957] IoU=0.00
  Frozen during overlap [frame 2958]: Fish [1, 2, 3, 4, 5]
  Overlap detected: Fish 1 ↔ Fish 2 [frame 2958] IoU=0.02
  Overlap detected: Fish 2 ↔ Fish 5 [frame 2958] IoU=0.01
  Overlap detected: Fish 3 ↔ Fish 4 [frame 2958] IoU=0.00
  Frozen during overlap [frame 2959]: Fish [1, 2, 3, 4, 5]
  Overlap detected: Fish 1 ↔ Fish 2 [frame 2959] IoU=0.02
  Overlap detected: Fish 2 ↔ Fish 5 [frame 2959] IoU=0.01
  Overlap detected: Fish 3 ↔ Fish 4 [frame 2959] IoU=0.00
  Frozen during overlap [frame 2960]: Fish [1, 2, 3, 4, 5]
  Overlap detected: Fish 1 ↔ Fish 2 [frame 2960] IoU=0.02
  Overlap detected: Fish 2 ↔ Fish 5 [frame 2960] IoU=0.01
  Overlap detected: Fish 3 ↔ Fish 4 [frame 2960] IoU=0.00
  Frozen during overlap [frame 2961]: Fish [1, 2, 3, 4, 5]
  Overlap detected: Fish 1 ↔ Fish 2 [frame 2961] IoU=0.02
  Overlap detected: Fish 2 ↔ Fish 5 [frame 2961] IoU=0.01
  Overlap detected: Fish 3 ↔ Fish 4 [frame 2961] IoU=0.00
  Frozen during overlap [frame 2962]: Fish [1, 2, 3, 4, 5]
  Overlap detected: Fish 1 ↔ Fish 2 [frame 2962] IoU=0.02
  Overlap detected: Fish 2 ↔ Fish 5 [frame 2962] IoU=0.01
  Overlap detected: Fish 3 ↔ Fish 4 [frame 2962] IoU=0.00
  Frozen during overlap [frame 2963]: Fish [1, 2, 3, 4, 5]
  Overlap detected: Fish 1 ↔ Fish 2 [frame 2963] IoU=0.02
  Overlap detected: Fish 2 ↔ Fish 5 [frame 2963] IoU=0.01
  Overlap detected: Fish 3 ↔ Fish 4 [frame 2963] IoU=0.00
  Frozen during overlap [frame 2964]: Fish [1, 2, 3, 4, 5]
  Overlap detected: Fish 1 ↔ Fish 2 [frame 2964] IoU=0.02
  Overlap detected: Fish 2 ↔ Fish 5 [frame 2964] IoU=0.01
  Overlap detected: Fish 3 ↔ Fish 4 [frame 2964] IoU=0.00
  Frozen during overlap [frame 2965]: Fish [1, 2, 3, 4, 5]
  Overlap detected: Fish 1 ↔ Fish 2 [frame 2965] IoU=0.02
  Overlap detected: Fish 2 ↔ Fish 5 [frame 2965] IoU=0.01
  Overlap detected: Fish 3 ↔ Fish 4 [frame 2965] IoU=0.00
  Frozen during overlap [frame 2966]: Fish [1, 2, 3, 4, 5]
  Overlap detected: Fish 1 ↔ Fish 2 [frame 2966] IoU=0.02
  Overlap detected: Fish 2 ↔ Fish 5 [frame 2966] IoU=0.01
  Overlap detected: Fish 3 ↔ Fish 4 [frame 2966] IoU=0.00
  Frozen during overlap [frame 2967]: Fish [1, 2, 3, 4, 5]
  Overlap detected: Fish 1 ↔ Fish 2 [frame 2967] IoU=0.02
  Overlap detected: Fish 2 ↔ Fish 5 [frame 2967] IoU=0.01
  Overlap detected: Fish 3 ↔ Fish 4 [frame 2967] IoU=0.00
  Frozen during overlap [frame 2968]: Fish [1, 2, 3, 4, 5]
  Overlap detected: Fish 1 ↔ Fish 2 [frame 2968] IoU=0.02
  Overlap detected: Fish 2 ↔ Fish 5 [frame 2968] IoU=0.01
  Overlap detected: Fish 3 ↔ Fish 4 [frame 2968] IoU=0.00
  Frozen during overlap [frame 2969]: Fish [1, 2, 3, 4, 5]
  Overlap detected: Fish 1 ↔ Fish 2 [frame 2969] IoU=0.02
  Overlap detected: Fish 2 ↔ Fish 5 [frame 2969] IoU=0.01
  Overlap detected: Fish 3 ↔ Fish 4 [frame 2969] IoU=0.00
  Frozen during overlap [frame 2970]: Fish [1, 2, 3, 4, 5]
  Overlap detected: Fish 1 ↔ Fish 2 [frame 2970] IoU=0.02
  Overlap detected: Fish 2 ↔ Fish 5 [frame 2970] IoU=0.01
  Overlap detected: Fish 3 ↔ Fish 4 [frame 2970] IoU=0.00
  Frame 2970/3600 | second 49
  Frozen during overlap [frame 2971]: Fish [1, 2, 3, 4, 5]
  Overlap detected: Fish 1 ↔ Fish 2 [frame 2971] IoU=0.02
  Overlap detected: Fish 2 ↔ Fish 5 [frame 2971] IoU=0.01
  Overlap detected: Fish 3 ↔ Fish 4 [frame 2971] IoU=0.00
  Frozen during overlap [frame 2972]: Fish [1, 2, 3, 4, 5]
  Overlap detected: Fish 1 ↔ Fish 2 [frame 2972] IoU=0.02
  Overlap detected: Fish 2 ↔ Fish 5 [frame 2972] IoU=0.01
  Overlap detected: Fish 3 ↔ Fish 4 [frame 2972] IoU=0.00
  Frozen during overlap [frame 2973]: Fish [1, 2, 3, 4, 5]
  Overlap detected: Fish 1 ↔ Fish 2 [frame 2973] IoU=0.02
  Overlap detected: Fish 2 ↔ Fish 5 [frame 2973] IoU=0.01
  Overlap detected: Fish 3 ↔ Fish 4 [frame 2973] IoU=0.00
  Frozen during overlap [frame 2974]: Fish [1, 2, 3, 4, 5]
  Overlap detected: Fish 1 ↔ Fish 2 [frame 2974] IoU=0.02
  Overlap detected: Fish 2 ↔ Fish 5 [frame 2974] IoU=0.01
  Overlap detected: Fish 3 ↔ Fish 4 [frame 2974] IoU=0.00
  Frozen during overlap [frame 2975]: Fish [1, 2, 3, 4, 5]
  Overlap detected: Fish 1 ↔ Fish 2 [frame 2975] IoU=0.02
  Overlap detected: Fish 2 ↔ Fish 5 [frame 2975] IoU=0.01
  Overlap detected: Fish 3 ↔ Fish 4 [frame 2975] IoU=0.00
  Frozen during overlap [frame 2976]: Fish [1, 2, 3, 4, 5]
  Overlap detected: Fish 1 ↔ Fish 2 [frame 2976] IoU=0.02
  Overlap detected: Fish 2 ↔ Fish 5 [frame 2976] IoU=0.01
  Overlap detected: Fish 3 ↔ Fish 4 [frame 2976] IoU=0.00
  Frozen during overlap [frame 2977]: Fish [1, 2, 3, 4, 5]
  Overlap detected: Fish 1 ↔ Fish 2 [frame 2977] IoU=0.02
  Overlap detected: Fish 2 ↔ Fish 5 [frame 2977] IoU=0.01
  Overlap detected: Fish 3 ↔ Fish 4 [frame 2977] IoU=0.00
  Frozen during overlap [frame 2978]: Fish [1, 2, 3, 4, 5]
  Overlap detected: Fish 1 ↔ Fish 2 [frame 2978] IoU=0.02
  Overlap detected: Fish 2 ↔ Fish 5 [frame 2978] IoU=0.01
  Overlap detected: Fish 3 ↔ Fish 4 [frame 2978] IoU=0.00
  Frozen during overlap [frame 2979]: Fish [1, 2, 3, 4, 5]
  Overlap detected: Fish 1 ↔ Fish 2 [frame 2979] IoU=0.02
  Overlap detected: Fish 2 ↔ Fish 5 [frame 2979] IoU=0.01
  Overlap detected: Fish 3 ↔ Fish 4 [frame 2979] IoU=0.00
  Frozen during overlap [frame 2980]: Fish [1, 2, 3, 4, 5]
  Overlap detected: Fish 1 ↔ Fish 2 [frame 2980] IoU=0.02
  Overlap detected: Fish 2 ↔ Fish 5 [frame 2980] IoU=0.01
  Overlap detected: Fish 3 ↔ Fish 4 [frame 2980] IoU=0.00
  Frozen during overlap [frame 2981]: Fish [1, 2, 3, 4, 5]
  Overlap detected: Fish 1 ↔ Fish 2 [frame 2981] IoU=0.02
  Overlap detected: Fish 2 ↔ Fish 5 [frame 2981] IoU=0.01
  Overlap detected: Fish 3 ↔ Fish 4 [frame 2981] IoU=0.00
  Frozen during overlap [frame 2982]: Fish [1, 2, 3, 4, 5]
  Overlap detected: Fish 1 ↔ Fish 2 [frame 2982] IoU=0.02
  Overlap detected: Fish 2 ↔ Fish 5 [frame 2982] IoU=0.01
  Overlap detected: Fish 3 ↔ Fish 4 [frame 2982] IoU=0.00
  Frozen during overlap [frame 2983]: Fish [1, 2, 3, 4, 5]
  Overlap detected: Fish 1 ↔ Fish 2 [frame 2983] IoU=0.02
  Overlap detected: Fish 2 ↔ Fish 5 [frame 2983] IoU=0.01
  Overlap detected: Fish 3 ↔ Fish 4 [frame 2983] IoU=0.00
  Frozen during overlap [frame 2984]: Fish [1, 2, 3, 4, 5]
  Overlap detected: Fish 1 ↔ Fish 2 [frame 2984] IoU=0.02
  Overlap detected: Fish 2 ↔ Fish 5 [frame 2984] IoU=0.01
  Overlap detected: Fish 3 ↔ Fish 4 [frame 2984] IoU=0.00
  Frozen during overlap [frame 2985]: Fish [1, 2, 3, 4, 5]
  Overlap detected: Fish 1 ↔ Fish 2 [frame 2985] IoU=0.02
  Overlap detected: Fish 2 ↔ Fish 5 [frame 2985] IoU=0.01
  Overlap detected: Fish 3 ↔ Fish 4 [frame 2985] IoU=0.00
  Frozen during overlap [frame 2986]: Fish [1, 2, 3, 4, 5]
  Overlap detected: Fish 1 ↔ Fish 2 [frame 2986] IoU=0.02
  Overlap detected: Fish 2 ↔ Fish 5 [frame 2986] IoU=0.01
  Overlap detected: Fish 3 ↔ Fish 4 [frame 2986] IoU=0.00
  Frozen during overlap [frame 2987]: Fish [1, 2, 3, 4, 5]
  Overlap detected: Fish 1 ↔ Fish 2 [frame 2987] IoU=0.02
  Overlap detected: Fish 2 ↔ Fish 5 [frame 2987] IoU=0.01
  Overlap detected: Fish 3 ↔ Fish 4 [frame 2987] IoU=0.00
  Frozen during overlap [frame 2988]: Fish [1, 2, 3, 4, 5]
  Overlap detected: Fish 1 ↔ Fish 2 [frame 2988] IoU=0.02
  Overlap detected: Fish 2 ↔ Fish 5 [frame 2988] IoU=0.01
  Overlap detected: Fish 3 ↔ Fish 4 [frame 2988] IoU=0.00
  Frozen during overlap [frame 2989]: Fish [1, 2, 3, 4, 5]
  Overlap detected: Fish 1 ↔ Fish 2 [frame 2989] IoU=0.02
  Overlap detected: Fish 2 ↔ Fish 5 [frame 2989] IoU=0.01
  Overlap detected: Fish 3 ↔ Fish 4 [frame 2989] IoU=0.00
  Frozen during overlap [frame 2990]: Fish [1, 2, 3, 4, 5]
  Overlap detected: Fish 1 ↔ Fish 2 [frame 2990] IoU=0.02
  Overlap detected: Fish 2 ↔ Fish 5 [frame 2990] IoU=0.01
  Overlap detected: Fish 3 ↔ Fish 4 [frame 2990] IoU=0.00
  Frozen during overlap [frame 2991]: Fish [1, 2, 3, 4, 5]
  Overlap detected: Fish 1 ↔ Fish 2 [frame 2991] IoU=0.02
  Overlap detected: Fish 2 ↔ Fish 5 [frame 2991] IoU=0.01
  Overlap detected: Fish 3 ↔ Fish 4 [frame 2991] IoU=0.00
  Frozen during overlap [frame 2992]: Fish [1, 2, 3, 4, 5]
  Overlap detected: Fish 1 ↔ Fish 2 [frame 2992] IoU=0.02
  Overlap detected: Fish 2 ↔ Fish 5 [frame 2992] IoU=0.01
  Overlap detected: Fish 3 ↔ Fish 4 [frame 2992] IoU=0.00
  Frozen during overlap [frame 2993]: Fish [1, 2, 3, 4, 5]
  Overlap detected: Fish 1 ↔ Fish 2 [frame 2993] IoU=0.02
  Overlap detected: Fish 2 ↔ Fish 5 [frame 2993] IoU=0.01
  Overlap detected: Fish 3 ↔ Fish 4 [frame 2993] IoU=0.00
  Frozen during overlap [frame 2994]: Fish [1, 2, 3, 4, 5]
  Overlap detected: Fish 1 ↔ Fish 2 [frame 2994] IoU=0.02
  Overlap detected: Fish 2 ↔ Fish 5 [frame 2994] IoU=0.01
  Overlap detected: Fish 3 ↔ Fish 4 [frame 2994] IoU=0.00
  Frozen during overlap [frame 2995]: Fish [1, 2, 3, 4, 5]
  Overlap detected: Fish 1 ↔ Fish 2 [frame 2995] IoU=0.02
  Overlap detected: Fish 2 ↔ Fish 5 [frame 2995] IoU=0.01
  Overlap detected: Fish 3 ↔ Fish 4 [frame 2995] IoU=0.00
  Frozen during overlap [frame 2996]: Fish [1, 2, 3, 4, 5]
  Overlap detected: Fish 1 ↔ Fish 2 [frame 2996] IoU=0.02
  Overlap detected: Fish 2 ↔ Fish 5 [frame 2996] IoU=0.01
  Overlap detected: Fish 3 ↔ Fish 4 [frame 2996] IoU=0.00
  Frozen during overlap [frame 2997]: Fish [1, 2, 3, 4, 5]
  Overlap detected: Fish 1 ↔ Fish 2 [frame 2997] IoU=0.02
  Overlap detected: Fish 2 ↔ Fish 5 [frame 2997] IoU=0.01
  Overlap detected: Fish 3 ↔ Fish 4 [frame 2997] IoU=0.00
  Frozen during overlap [frame 2998]: Fish [1, 2, 3, 4, 5]
  Overlap detected: Fish 1 ↔ Fish 2 [frame 2998] IoU=0.02
  Overlap detected: Fish 2 ↔ Fish 5 [frame 2998] IoU=0.01
  Overlap detected: Fish 3 ↔ Fish 4 [frame 2998] IoU=0.00
  Frozen during overlap [frame 2999]: Fish [1, 2, 3, 4, 5]
  Overlap detected: Fish 1 ↔ Fish 2 [frame 2999] IoU=0.02
  Overlap detected: Fish 2 ↔ Fish 5 [frame 2999] IoU=0.01
  Overlap detected: Fish 3 ↔ Fish 4 [frame 2999] IoU=0.00
  Frozen during overlap [frame 3000]: Fish [1, 2, 3, 4, 5]
  Overlap detected: Fish 1 ↔ Fish 2 [frame 3000] IoU=0.02
  Overlap detected: Fish 2 ↔ Fish 5 [frame 3000] IoU=0.01
  Overlap detected: Fish 3 ↔ Fish 4 [frame 3000] IoU=0.00
  Frame 3000/3600 | second 50
  Frozen during overlap [frame 3001]: Fish [1, 2, 3, 4, 5]
  Overlap detected: Fish 1 ↔ Fish 2 [frame 3001] IoU=0.02
  Overlap detected: Fish 2 ↔ Fish 5 [frame 3001] IoU=0.01
  Overlap detected: Fish 3 ↔ Fish 4 [frame 3001] IoU=0.00
  Frozen during overlap [frame 3002]: Fish [1, 2, 3, 4, 5]
  Overlap detected: Fish 1 ↔ Fish 2 [frame 3002] IoU=0.02
  Overlap detected: Fish 2 ↔ Fish 5 [frame 3002] IoU=0.01
  Overlap detected: Fish 3 ↔ Fish 4 [frame 3002] IoU=0.00
  Frozen during overlap [frame 3003]: Fish [1, 2, 3, 4, 5]
  Overlap detected: Fish 1 ↔ Fish 2 [frame 3003] IoU=0.02
  Overlap detected: Fish 2 ↔ Fish 5 [frame 3003] IoU=0.01
  Overlap detected: Fish 3 ↔ Fish 4 [frame 3003] IoU=0.00
  Frozen during overlap [frame 3004]: Fish [1, 2, 3, 4, 5]
  Overlap detected: Fish 1 ↔ Fish 2 [frame 3004] IoU=0.02
  Overlap detected: Fish 2 ↔ Fish 5 [frame 3004] IoU=0.01
  Overlap detected: Fish 3 ↔ Fish 4 [frame 3004] IoU=0.00
  Frozen during overlap [frame 3005]: Fish [1, 2, 3, 4, 5]
  Overlap detected: Fish 1 ↔ Fish 2 [frame 3005] IoU=0.02
  Overlap detected: Fish 2 ↔ Fish 5 [frame 3005] IoU=0.01
  Overlap detected: Fish 3 ↔ Fish 4 [frame 3005] IoU=0.00
  Frozen during overlap [frame 3006]: Fish [1, 2, 3, 4, 5]
  Overlap detected: Fish 1 ↔ Fish 2 [frame 3006] IoU=0.02
  Overlap detected: Fish 2 ↔ Fish 5 [frame 3006] IoU=0.01
  Overlap detected: Fish 3 ↔ Fish 4 [frame 3006] IoU=0.00
  Frozen during overlap [frame 3007]: Fish [1, 2, 3, 4, 5]
  Overlap detected: Fish 1 ↔ Fish 2 [frame 3007] IoU=0.02
  Overlap detected: Fish 2 ↔ Fish 5 [frame 3007] IoU=0.01
  Overlap detected: Fish 3 ↔ Fish 4 [frame 3007] IoU=0.00
  Frozen during overlap [frame 3008]: Fish [1, 2, 3, 4, 5]
  Overlap detected: Fish 1 ↔ Fish 2 [frame 3008] IoU=0.02
  Overlap detected: Fish 2 ↔ Fish 5 [frame 3008] IoU=0.01
  Overlap detected: Fish 3 ↔ Fish 4 [frame 3008] IoU=0.00
  Frozen during overlap [frame 3009]: Fish [1, 2, 3, 4, 5]
  Overlap detected: Fish 1 ↔ Fish 2 [frame 3009] IoU=0.02
  Overlap detected: Fish 2 ↔ Fish 5 [frame 3009] IoU=0.01
  Overlap detected: Fish 3 ↔ Fish 4 [frame 3009] IoU=0.00
  Frozen during overlap [frame 3010]: Fish [1, 2, 3, 4, 5]
  Overlap detected: Fish 1 ↔ Fish 2 [frame 3010] IoU=0.02
  Overlap detected: Fish 2 ↔ Fish 5 [frame 3010] IoU=0.01
  Overlap detected: Fish 3 ↔ Fish 4 [frame 3010] IoU=0.00
  Frozen during overlap [frame 3011]: Fish [1, 2, 3, 4, 5]
  Overlap detected: Fish 1 ↔ Fish 2 [frame 3011] IoU=0.02
  Overlap detected: Fish 2 ↔ Fish 5 [frame 3011] IoU=0.01
  Overlap detected: Fish 3 ↔ Fish 4 [frame 3011] IoU=0.00
  Frozen during overlap [frame 3012]: Fish [1, 2, 3, 4, 5]
  Overlap detected: Fish 1 ↔ Fish 2 [frame 3012] IoU=0.02
  Overlap detected: Fish 2 ↔ Fish 5 [frame 3012] IoU=0.01
  Overlap detected: Fish 3 ↔ Fish 4 [frame 3012] IoU=0.00
  Frozen during overlap [frame 3013]: Fish [1, 2, 3, 4, 5]
  Overlap detected: Fish 1 ↔ Fish 2 [frame 3013] IoU=0.02
  Overlap detected: Fish 2 ↔ Fish 5 [frame 3013] IoU=0.01
  Overlap detected: Fish 3 ↔ Fish 4 [frame 3013] IoU=0.00
  Frozen during overlap [frame 3014]: Fish [1, 2, 3, 4, 5]
  Overlap detected: Fish 1 ↔ Fish 2 [frame 3014] IoU=0.02
  Overlap detected: Fish 2 ↔ Fish 5 [frame 3014] IoU=0.01
  Overlap detected: Fish 3 ↔ Fish 4 [frame 3014] IoU=0.00
  Frozen during overlap [frame 3015]: Fish [1, 2, 3, 4, 5]
  Overlap detected: Fish 1 ↔ Fish 2 [frame 3015] IoU=0.02
  Overlap detected: Fish 2 ↔ Fish 5 [frame 3015] IoU=0.01
  Overlap detected: Fish 3 ↔ Fish 4 [frame 3015] IoU=0.00
  Frozen during overlap [frame 3016]: Fish [1, 2, 3, 4, 5]
  Overlap detected: Fish 1 ↔ Fish 2 [frame 3016] IoU=0.02
  Overlap detected: Fish 2 ↔ Fish 5 [frame 3016] IoU=0.01
  Overlap detected: Fish 3 ↔ Fish 4 [frame 3016] IoU=0.00
  Frozen during overlap [frame 3017]: Fish [1, 2, 3, 4, 5]
  Overlap detected: Fish 1 ↔ Fish 2 [frame 3017] IoU=0.02
  Overlap detected: Fish 2 ↔ Fish 5 [frame 3017] IoU=0.01
  Overlap detected: Fish 3 ↔ Fish 4 [frame 3017] IoU=0.00
  Frozen during overlap [frame 3018]: Fish [1, 2, 3, 4, 5]
  Overlap detected: Fish 1 ↔ Fish 2 [frame 3018] IoU=0.02
  Overlap detected: Fish 2 ↔ Fish 5 [frame 3018] IoU=0.01
  Overlap detected: Fish 3 ↔ Fish 4 [frame 3018] IoU=0.00
  Frozen during overlap [frame 3019]: Fish [1, 2, 3, 4, 5]
  Overlap detected: Fish 1 ↔ Fish 2 [frame 3019] IoU=0.02
  Overlap detected: Fish 2 ↔ Fish 5 [frame 3019] IoU=0.01
  Overlap detected: Fish 3 ↔ Fish 4 [frame 3019] IoU=0.00
  Frozen during overlap [frame 3020]: Fish [1, 2, 3, 4, 5]
  Overlap detected: Fish 1 ↔ Fish 2 [frame 3020] IoU=0.02
  Overlap detected: Fish 2 ↔ Fish 5 [frame 3020] IoU=0.01
  Overlap detected: Fish 3 ↔ Fish 4 [frame 3020] IoU=0.00
  Frozen during overlap [frame 3021]: Fish [1, 2, 3, 4, 5]
  Overlap detected: Fish 1 ↔ Fish 2 [frame 3021] IoU=0.02
  Overlap detected: Fish 2 ↔ Fish 5 [frame 3021] IoU=0.01
  Overlap detected: Fish 3 ↔ Fish 4 [frame 3021] IoU=0.00
  Frozen during overlap [frame 3022]: Fish [1, 2, 3, 4, 5]
  Overlap detected: Fish 1 ↔ Fish 2 [frame 3022] IoU=0.02
  Overlap detected: Fish 2 ↔ Fish 5 [frame 3022] IoU=0.01
  Overlap detected: Fish 3 ↔ Fish 4 [frame 3022] IoU=0.00
  Frozen during overlap [frame 3023]: Fish [1, 2, 3, 4, 5]
  Overlap detected: Fish 1 ↔ Fish 2 [frame 3023] IoU=0.02
  Overlap detected: Fish 2 ↔ Fish 5 [frame 3023] IoU=0.01
  Overlap detected: Fish 3 ↔ Fish 4 [frame 3023] IoU=0.00
  Frozen during overlap [frame 3024]: Fish [1, 2, 3, 4, 5]
  Overlap detected: Fish 1 ↔ Fish 2 [frame 3024] IoU=0.02
  Overlap detected: Fish 2 ↔ Fish 5 [frame 3024] IoU=0.01
  Overlap detected: Fish 3 ↔ Fish 4 [frame 3024] IoU=0.00
  Frozen during overlap [frame 3025]: Fish [1, 2, 3, 4, 5]
  Overlap detected: Fish 1 ↔ Fish 2 [frame 3025] IoU=0.02
  Overlap detected: Fish 2 ↔ Fish 5 [frame 3025] IoU=0.01
  Overlap detected: Fish 3 ↔ Fish 4 [frame 3025] IoU=0.00
  Frozen during overlap [frame 3026]: Fish [1, 2, 3, 4, 5]
  Overlap detected: Fish 1 ↔ Fish 2 [frame 3026] IoU=0.02
  Overlap detected: Fish 2 ↔ Fish 5 [frame 3026] IoU=0.01
  Overlap detected: Fish 3 ↔ Fish 4 [frame 3026] IoU=0.00
  Frozen during overlap [frame 3027]: Fish [1, 2, 3, 4, 5]
  Overlap detected: Fish 1 ↔ Fish 2 [frame 3027] IoU=0.02
  Overlap detected: Fish 2 ↔ Fish 5 [frame 3027] IoU=0.01
  Overlap detected: Fish 3 ↔ Fish 4 [frame 3027] IoU=0.00
  Frozen during overlap [frame 3028]: Fish [1, 2, 3, 4, 5]
  Overlap detected: Fish 1 ↔ Fish 2 [frame 3028] IoU=0.02
  Overlap detected: Fish 2 ↔ Fish 5 [frame 3028] IoU=0.01
  Overlap detected: Fish 3 ↔ Fish 4 [frame 3028] IoU=0.00
  Frozen during overlap [frame 3029]: Fish [1, 2, 3, 4, 5]
  Overlap detected: Fish 1 ↔ Fish 2 [frame 3029] IoU=0.02
  Overlap detected: Fish 2 ↔ Fish 5 [frame 3029] IoU=0.01
  Overlap detected: Fish 3 ↔ Fish 4 [frame 3029] IoU=0.00
  Frozen during overlap [frame 3030]: Fish [1, 2, 3, 4, 5]
  Overlap detected: Fish 1 ↔ Fish 2 [frame 3030] IoU=0.02
  Overlap detected: Fish 2 ↔ Fish 5 [frame 3030] IoU=0.01
  Overlap detected: Fish 3 ↔ Fish 4 [frame 3030] IoU=0.00
  Frame 3030/3600 | second 50
  Frozen during overlap [frame 3031]: Fish [1, 2, 3, 4, 5]
  Overlap detected: Fish 1 ↔ Fish 2 [frame 3031] IoU=0.02
  Overlap detected: Fish 2 ↔ Fish 5 [frame 3031] IoU=0.01
  Overlap detected: Fish 3 ↔ Fish 4 [frame 3031] IoU=0.00
  Frozen during overlap [frame 3032]: Fish [1, 2, 3, 4, 5]
  Overlap detected: Fish 1 ↔ Fish 2 [frame 3032] IoU=0.02
  Overlap detected: Fish 2 ↔ Fish 5 [frame 3032] IoU=0.01
  Overlap detected: Fish 3 ↔ Fish 4 [frame 3032] IoU=0.00
  Frozen during overlap [frame 3033]: Fish [1, 2, 3, 4, 5]
  Overlap detected: Fish 1 ↔ Fish 2 [frame 3033] IoU=0.02
  Overlap detected: Fish 2 ↔ Fish 5 [frame 3033] IoU=0.01
  Overlap detected: Fish 3 ↔ Fish 4 [frame 3033] IoU=0.00
  Frozen during overlap [frame 3034]: Fish [1, 2, 3, 4, 5]
  Overlap detected: Fish 1 ↔ Fish 2 [frame 3034] IoU=0.02
  Overlap detected: Fish 2 ↔ Fish 5 [frame 3034] IoU=0.01
  Overlap detected: Fish 3 ↔ Fish 4 [frame 3034] IoU=0.00
  Frozen during overlap [frame 3035]: Fish [1, 2, 3, 4, 5]
  Overlap detected: Fish 1 ↔ Fish 2 [frame 3035] IoU=0.02
  Overlap detected: Fish 2 ↔ Fish 5 [frame 3035] IoU=0.01
  Overlap detected: Fish 3 ↔ Fish 4 [frame 3035] IoU=0.00
  Frozen during overlap [frame 3036]: Fish [1, 2, 3, 4, 5]
  Overlap detected: Fish 1 ↔ Fish 2 [frame 3036] IoU=0.02
  Overlap detected: Fish 2 ↔ Fish 5 [frame 3036] IoU=0.01
  Overlap detected: Fish 3 ↔ Fish 4 [frame 3036] IoU=0.00
  Frozen during overlap [frame 3037]: Fish [1, 2, 3, 4, 5]
  Overlap detected: Fish 1 ↔ Fish 2 [frame 3037] IoU=0.02
  Overlap detected: Fish 2 ↔ Fish 5 [frame 3037] IoU=0.01
  Overlap detected: Fish 3 ↔ Fish 4 [frame 3037] IoU=0.00
  Frozen during overlap [frame 3038]: Fish [1, 2, 3, 4, 5]
  Overlap detected: Fish 1 ↔ Fish 2 [frame 3038] IoU=0.02
  Overlap detected: Fish 2 ↔ Fish 5 [frame 3038] IoU=0.01
  Overlap detected: Fish 3 ↔ Fish 4 [frame 3038] IoU=0.00
  Frozen during overlap [frame 3039]: Fish [1, 2, 3, 4, 5]
  Overlap detected: Fish 1 ↔ Fish 2 [frame 3039] IoU=0.02
  Overlap detected: Fish 2 ↔ Fish 5 [frame 3039] IoU=0.01
  Overlap detected: Fish 3 ↔ Fish 4 [frame 3039] IoU=0.00
  Frozen during overlap [frame 3040]: Fish [1, 2, 3, 4, 5]
  Overlap detected: Fish 1 ↔ Fish 2 [frame 3040] IoU=0.02
  Overlap detected: Fish 2 ↔ Fish 5 [frame 3040] IoU=0.01
  Overlap detected: Fish 3 ↔ Fish 4 [frame 3040] IoU=0.00
  Frozen during overlap [frame 3041]: Fish [1, 2, 3, 4, 5]
  Overlap detected: Fish 1 ↔ Fish 2 [frame 3041] IoU=0.02
  Overlap detected: Fish 2 ↔ Fish 5 [frame 3041] IoU=0.01
  Overlap detected: Fish 3 ↔ Fish 4 [frame 3041] IoU=0.00
  Frozen during overlap [frame 3042]: Fish [1, 2, 3, 4, 5]
  Overlap detected: Fish 1 ↔ Fish 2 [frame 3042] IoU=0.02
  Overlap detected: Fish 2 ↔ Fish 5 [frame 3042] IoU=0.01
  Overlap detected: Fish 3 ↔ Fish 4 [frame 3042] IoU=0.00
  Frozen during overlap [frame 3043]: Fish [1, 2, 3, 4, 5]
  Overlap detected: Fish 1 ↔ Fish 2 [frame 3043] IoU=0.02
  Overlap detected: Fish 2 ↔ Fish 5 [frame 3043] IoU=0.01
  Overlap detected: Fish 3 ↔ Fish 4 [frame 3043] IoU=0.00
  Frozen during overlap [frame 3044]: Fish [1, 2, 3, 4, 5]
  Overlap detected: Fish 1 ↔ Fish 2 [frame 3044] IoU=0.02
  Overlap detected: Fish 2 ↔ Fish 5 [frame 3044] IoU=0.01
  Overlap detected: Fish 3 ↔ Fish 4 [frame 3044] IoU=0.00
  Frozen during overlap [frame 3045]: Fish [1, 2, 3, 4, 5]
  Overlap detected: Fish 1 ↔ Fish 2 [frame 3045] IoU=0.02
  Overlap detected: Fish 2 ↔ Fish 5 [frame 3045] IoU=0.01
  Overlap detected: Fish 3 ↔ Fish 4 [frame 3045] IoU=0.00
  Frozen during overlap [frame 3046]: Fish [1, 2, 3, 4, 5]
  Overlap detected: Fish 1 ↔ Fish 2 [frame 3046] IoU=0.02
  Overlap detected: Fish 2 ↔ Fish 5 [frame 3046] IoU=0.01
  Overlap detected: Fish 3 ↔ Fish 4 [frame 3046] IoU=0.00
  Frozen during overlap [frame 3047]: Fish [1, 2, 3, 4, 5]
  Overlap detected: Fish 1 ↔ Fish 2 [frame 3047] IoU=0.02
  Overlap detected: Fish 2 ↔ Fish 5 [frame 3047] IoU=0.01
  Overlap detected: Fish 3 ↔ Fish 4 [frame 3047] IoU=0.00
  Frozen during overlap [frame 3048]: Fish [1, 2, 3, 4, 5]
  Overlap detected: Fish 1 ↔ Fish 2 [frame 3048] IoU=0.02
  Overlap detected: Fish 2 ↔ Fish 5 [frame 3048] IoU=0.01
  Overlap detected: Fish 3 ↔ Fish 4 [frame 3048] IoU=0.00
  Frozen during overlap [frame 3049]: Fish [1, 2, 3, 4, 5]
  Overlap detected: Fish 1 ↔ Fish 2 [frame 3049] IoU=0.02
  Overlap detected: Fish 2 ↔ Fish 5 [frame 3049] IoU=0.01
  Overlap detected: Fish 3 ↔ Fish 4 [frame 3049] IoU=0.00
  Frozen during overlap [frame 3050]: Fish [1, 2, 3, 4, 5]
  Overlap detected: Fish 1 ↔ Fish 2 [frame 3050] IoU=0.02
  Overlap detected: Fish 2 ↔ Fish 5 [frame 3050] IoU=0.01
  Overlap detected: Fish 3 ↔ Fish 4 [frame 3050] IoU=0.00
  Frozen during overlap [frame 3051]: Fish [1, 2, 3, 4, 5]
  Overlap detected: Fish 1 ↔ Fish 2 [frame 3051] IoU=0.02
  Overlap detected: Fish 2 ↔ Fish 5 [frame 3051] IoU=0.01
  Overlap detected: Fish 3 ↔ Fish 4 [frame 3051] IoU=0.00
  Frozen during overlap [frame 3052]: Fish [1, 2, 3, 4, 5]
  Overlap detected: Fish 1 ↔ Fish 2 [frame 3052] IoU=0.02
  Overlap detected: Fish 2 ↔ Fish 5 [frame 3052] IoU=0.01
  Overlap detected: Fish 3 ↔ Fish 4 [frame 3052] IoU=0.00
  Frozen during overlap [frame 3053]: Fish [1, 2, 3, 4, 5]
  Overlap detected: Fish 1 ↔ Fish 2 [frame 3053] IoU=0.02
  Overlap detected: Fish 2 ↔ Fish 5 [frame 3053] IoU=0.01
  Overlap detected: Fish 3 ↔ Fish 4 [frame 3053] IoU=0.00
  Frozen during overlap [frame 3054]: Fish [1, 2, 3, 4, 5]
  Overlap detected: Fish 1 ↔ Fish 2 [frame 3054] IoU=0.02
  Overlap detected: Fish 2 ↔ Fish 5 [frame 3054] IoU=0.01
  Overlap detected: Fish 3 ↔ Fish 4 [frame 3054] IoU=0.00
  Frozen during overlap [frame 3055]: Fish [1, 2, 3, 4, 5]
  Overlap detected: Fish 1 ↔ Fish 2 [frame 3055] IoU=0.02
  Overlap detected: Fish 2 ↔ Fish 5 [frame 3055] IoU=0.01
  Overlap detected: Fish 3 ↔ Fish 4 [frame 3055] IoU=0.00
  Frozen during overlap [frame 3056]: Fish [1, 2, 3, 4, 5]
  Overlap detected: Fish 1 ↔ Fish 2 [frame 3056] IoU=0.02
  Overlap detected: Fish 2 ↔ Fish 5 [frame 3056] IoU=0.01
  Overlap detected: Fish 3 ↔ Fish 4 [frame 3056] IoU=0.00
  Frozen during overlap [frame 3057]: Fish [1, 2, 3, 4, 5]
  Overlap detected: Fish 1 ↔ Fish 2 [frame 3057] IoU=0.02
  Overlap detected: Fish 2 ↔ Fish 5 [frame 3057] IoU=0.01
  Overlap detected: Fish 3 ↔ Fish 4 [frame 3057] IoU=0.00
  Frozen during overlap [frame 3058]: Fish [1, 2, 3, 4, 5]
  Overlap detected: Fish 1 ↔ Fish 2 [frame 3058] IoU=0.02
  Overlap detected: Fish 2 ↔ Fish 5 [frame 3058] IoU=0.01
  Overlap detected: Fish 3 ↔ Fish 4 [frame 3058] IoU=0.00
  Frozen during overlap [frame 3059]: Fish [1, 2, 3, 4, 5]
  Overlap detected: Fish 1 ↔ Fish 2 [frame 3059] IoU=0.02
  Overlap detected: Fish 2 ↔ Fish 5 [frame 3059] IoU=0.01
  Overlap detected: Fish 3 ↔ Fish 4 [frame 3059] IoU=0.00
  Frozen during overlap [frame 3060]: Fish [1, 2, 3, 4, 5]
  Overlap detected: Fish 1 ↔ Fish 2 [frame 3060] IoU=0.02
  Overlap detected: Fish 2 ↔ Fish 5 [frame 3060] IoU=0.01
  Overlap detected: Fish 3 ↔ Fish 4 [frame 3060] IoU=0.00
  Frame 3060/3600 | second 51
  Frozen during overlap [frame 3061]: Fish [1, 2, 3, 4, 5]
  Overlap detected: Fish 1 ↔ Fish 2 [frame 3061] IoU=0.02
  Overlap detected: Fish 2 ↔ Fish 5 [frame 3061] IoU=0.01
  Overlap detected: Fish 3 ↔ Fish 4 [frame 3061] IoU=0.00
  Frozen during overlap [frame 3062]: Fish [1, 2, 3, 4, 5]
  Overlap detected: Fish 1 ↔ Fish 2 [frame 3062] IoU=0.02
  Overlap detected: Fish 2 ↔ Fish 5 [frame 3062] IoU=0.01
  Overlap detected: Fish 3 ↔ Fish 4 [frame 3062] IoU=0.00
  Frozen during overlap [frame 3063]: Fish [1, 2, 3, 4, 5]
  Overlap detected: Fish 1 ↔ Fish 2 [frame 3063] IoU=0.02
  Overlap detected: Fish 2 ↔ Fish 5 [frame 3063] IoU=0.01
  Overlap detected: Fish 3 ↔ Fish 4 [frame 3063] IoU=0.00
  Frozen during overlap [frame 3064]: Fish [1, 2, 3, 4, 5]
  Overlap detected: Fish 1 ↔ Fish 2 [frame 3064] IoU=0.02
  Overlap detected: Fish 2 ↔ Fish 5 [frame 3064] IoU=0.01
  Overlap detected: Fish 3 ↔ Fish 4 [frame 3064] IoU=0.00
  Frozen during overlap [frame 3065]: Fish [1, 2, 3, 4, 5]
  Overlap detected: Fish 1 ↔ Fish 2 [frame 3065] IoU=0.02
  Overlap detected: Fish 2 ↔ Fish 5 [frame 3065] IoU=0.01
  Overlap detected: Fish 3 ↔ Fish 4 [frame 3065] IoU=0.00
  Frozen during overlap [frame 3066]: Fish [1, 2, 3, 4, 5]
  Overlap detected: Fish 1 ↔ Fish 2 [frame 3066] IoU=0.02
  Overlap detected: Fish 2 ↔ Fish 5 [frame 3066] IoU=0.01
  Overlap detected: Fish 3 ↔ Fish 4 [frame 3066] IoU=0.00
  Frozen during overlap [frame 3067]: Fish [1, 2, 3, 4, 5]
  Overlap detected: Fish 1 ↔ Fish 2 [frame 3067] IoU=0.02
  Overlap detected: Fish 2 ↔ Fish 5 [frame 3067] IoU=0.01
  Overlap detected: Fish 3 ↔ Fish 4 [frame 3067] IoU=0.00
  Frozen during overlap [frame 3068]: Fish [1, 2, 3, 4, 5]
  Overlap detected: Fish 1 ↔ Fish 2 [frame 3068] IoU=0.02
  Overlap detected: Fish 2 ↔ Fish 5 [frame 3068] IoU=0.01
  Overlap detected: Fish 3 ↔ Fish 4 [frame 3068] IoU=0.00
  Frozen during overlap [frame 3069]: Fish [1, 2, 3, 4, 5]
  Overlap detected: Fish 1 ↔ Fish 2 [frame 3069] IoU=0.02
  Overlap detected: Fish 2 ↔ Fish 5 [frame 3069] IoU=0.01
  Overlap detected: Fish 3 ↔ Fish 4 [frame 3069] IoU=0.00
  Frozen during overlap [frame 3070]: Fish [1, 2, 3, 4, 5]
  Overlap detected: Fish 1 ↔ Fish 2 [frame 3070] IoU=0.02
  Overlap detected: Fish 2 ↔ Fish 5 [frame 3070] IoU=0.01
  Overlap detected: Fish 3 ↔ Fish 4 [frame 3070] IoU=0.00
  Frozen during overlap [frame 3071]: Fish [1, 2, 3, 4, 5]
  Overlap detected: Fish 1 ↔ Fish 2 [frame 3071] IoU=0.02
  Overlap detected: Fish 2 ↔ Fish 5 [frame 3071] IoU=0.01
  Overlap detected: Fish 3 ↔ Fish 4 [frame 3071] IoU=0.00
  Frozen during overlap [frame 3072]: Fish [1, 2, 3, 4, 5]
  Overlap detected: Fish 1 ↔ Fish 2 [frame 3072] IoU=0.02
  Overlap detected: Fish 2 ↔ Fish 5 [frame 3072] IoU=0.01
  Overlap detected: Fish 3 ↔ Fish 4 [frame 3072] IoU=0.00
  Frozen during overlap [frame 3073]: Fish [1, 2, 3, 4, 5]
  Overlap detected: Fish 1 ↔ Fish 2 [frame 3073] IoU=0.02
  Overlap detected: Fish 2 ↔ Fish 5 [frame 3073] IoU=0.01
  Overlap detected: Fish 3 ↔ Fish 4 [frame 3073] IoU=0.00
  Frozen during overlap [frame 3074]: Fish [1, 2, 3, 4, 5]
  Overlap detected: Fish 1 ↔ Fish 2 [frame 3074] IoU=0.02
  Overlap detected: Fish 2 ↔ Fish 5 [frame 3074] IoU=0.01
  Overlap detected: Fish 3 ↔ Fish 4 [frame 3074] IoU=0.00
  Frozen during overlap [frame 3075]: Fish [1, 2, 3, 4, 5]
  Overlap detected: Fish 1 ↔ Fish 2 [frame 3075] IoU=0.02
  Overlap detected: Fish 2 ↔ Fish 5 [frame 3075] IoU=0.01
  Overlap detected: Fish 3 ↔ Fish 4 [frame 3075] IoU=0.00
  Frozen during overlap [frame 3076]: Fish [1, 2, 3, 4, 5]
  Overlap detected: Fish 1 ↔ Fish 2 [frame 3076] IoU=0.02
  Overlap detected: Fish 2 ↔ Fish 5 [frame 3076] IoU=0.01
  Overlap detected: Fish 3 ↔ Fish 4 [frame 3076] IoU=0.00
  Frozen during overlap [frame 3077]: Fish [1, 2, 3, 4, 5]
  Overlap detected: Fish 1 ↔ Fish 2 [frame 3077] IoU=0.02
  Overlap detected: Fish 2 ↔ Fish 5 [frame 3077] IoU=0.01
  Overlap detected: Fish 3 ↔ Fish 4 [frame 3077] IoU=0.00
  Frozen during overlap [frame 3078]: Fish [1, 2, 3, 4, 5]
  Overlap detected: Fish 1 ↔ Fish 2 [frame 3078] IoU=0.02
  Overlap detected: Fish 2 ↔ Fish 5 [frame 3078] IoU=0.01
  Overlap detected: Fish 3 ↔ Fish 4 [frame 3078] IoU=0.00
  Frozen during overlap [frame 3079]: Fish [1, 2, 3, 4, 5]
  Overlap detected: Fish 1 ↔ Fish 2 [frame 3079] IoU=0.02
  Overlap detected: Fish 2 ↔ Fish 5 [frame 3079] IoU=0.01
  Overlap detected: Fish 3 ↔ Fish 4 [frame 3079] IoU=0.00
  Frozen during overlap [frame 3080]: Fish [1, 2, 3, 4, 5]
  Overlap detected: Fish 1 ↔ Fish 2 [frame 3080] IoU=0.02
  Overlap detected: Fish 2 ↔ Fish 5 [frame 3080] IoU=0.01
  Overlap detected: Fish 3 ↔ Fish 4 [frame 3080] IoU=0.00
  Frozen during overlap [frame 3081]: Fish [1, 2, 3, 4, 5]
  Overlap detected: Fish 1 ↔ Fish 2 [frame 3081] IoU=0.02
  Overlap detected: Fish 2 ↔ Fish 5 [frame 3081] IoU=0.01
  Overlap detected: Fish 3 ↔ Fish 4 [frame 3081] IoU=0.00
  Frozen during overlap [frame 3082]: Fish [1, 2, 3, 4, 5]
  Overlap detected: Fish 1 ↔ Fish 2 [frame 3082] IoU=0.02
  Overlap detected: Fish 2 ↔ Fish 5 [frame 3082] IoU=0.01
  Overlap detected: Fish 3 ↔ Fish 4 [frame 3082] IoU=0.00
  Frozen during overlap [frame 3083]: Fish [1, 2, 3, 4, 5]
  Overlap detected: Fish 1 ↔ Fish 2 [frame 3083] IoU=0.02
  Overlap detected: Fish 2 ↔ Fish 5 [frame 3083] IoU=0.01
  Overlap detected: Fish 3 ↔ Fish 4 [frame 3083] IoU=0.00
  Frozen during overlap [frame 3084]: Fish [1, 2, 3, 4, 5]
  Overlap detected: Fish 1 ↔ Fish 2 [frame 3084] IoU=0.02
  Overlap detected: Fish 2 ↔ Fish 5 [frame 3084] IoU=0.01
  Overlap detected: Fish 3 ↔ Fish 4 [frame 3084] IoU=0.00
  Frozen during overlap [frame 3085]: Fish [1, 2, 3, 4, 5]
  Overlap detected: Fish 1 ↔ Fish 2 [frame 3085] IoU=0.02
  Overlap detected: Fish 2 ↔ Fish 5 [frame 3085] IoU=0.01
  Overlap detected: Fish 3 ↔ Fish 4 [frame 3085] IoU=0.00
  Frozen during overlap [frame 3086]: Fish [1, 2, 3, 4, 5]
  Overlap detected: Fish 1 ↔ Fish 2 [frame 3086] IoU=0.02
  Overlap detected: Fish 2 ↔ Fish 5 [frame 3086] IoU=0.01
  Overlap detected: Fish 3 ↔ Fish 4 [frame 3086] IoU=0.00
  Frozen during overlap [frame 3087]: Fish [1, 2, 3, 4, 5]
  Overlap detected: Fish 1 ↔ Fish 2 [frame 3087] IoU=0.02
  Overlap detected: Fish 2 ↔ Fish 5 [frame 3087] IoU=0.01
  Overlap detected: Fish 3 ↔ Fish 4 [frame 3087] IoU=0.00
  Frozen during overlap [frame 3088]: Fish [1, 2, 3, 4, 5]
  Overlap detected: Fish 1 ↔ Fish 2 [frame 3088] IoU=0.02
  Overlap detected: Fish 2 ↔ Fish 5 [frame 3088] IoU=0.01
  Overlap detected: Fish 3 ↔ Fish 4 [frame 3088] IoU=0.00
  Frozen during overlap [frame 3089]: Fish [1, 2, 3, 4, 5]
  Overlap detected: Fish 1 ↔ Fish 2 [frame 3089] IoU=0.02
  Overlap detected: Fish 2 ↔ Fish 5 [frame 3089] IoU=0.01
  Overlap detected: Fish 3 ↔ Fish 4 [frame 3089] IoU=0.00
  Frozen during overlap [frame 3090]: Fish [1, 2, 3, 4, 5]
  Overlap detected: Fish 1 ↔ Fish 2 [frame 3090] IoU=0.02
  Overlap detected: Fish 2 ↔ Fish 5 [frame 3090] IoU=0.01
  Overlap detected: Fish 3 ↔ Fish 4 [frame 3090] IoU=0.00
  Frame 3090/3600 | second 51
  Frozen during overlap [frame 3091]: Fish [1, 2, 3, 4, 5]
  Overlap detected: Fish 1 ↔ Fish 2 [frame 3091] IoU=0.02
  Overlap detected: Fish 2 ↔ Fish 5 [frame 3091] IoU=0.01
  Overlap detected: Fish 3 ↔ Fish 4 [frame 3091] IoU=0.00
  Frozen during overlap [frame 3092]: Fish [1, 2, 3, 4, 5]
  Overlap detected: Fish 1 ↔ Fish 2 [frame 3092] IoU=0.02
  Overlap detected: Fish 2 ↔ Fish 5 [frame 3092] IoU=0.01
  Overlap detected: Fish 3 ↔ Fish 4 [frame 3092] IoU=0.00
  Frozen during overlap [frame 3093]: Fish [1, 2, 3, 4, 5]
  Overlap detected: Fish 1 ↔ Fish 2 [frame 3093] IoU=0.02
  Overlap detected: Fish 2 ↔ Fish 5 [frame 3093] IoU=0.01
  Overlap detected: Fish 3 ↔ Fish 4 [frame 3093] IoU=0.00
  Frozen during overlap [frame 3094]: Fish [1, 2, 3, 4, 5]
  Overlap detected: Fish 1 ↔ Fish 2 [frame 3094] IoU=0.02
  Overlap detected: Fish 2 ↔ Fish 5 [frame 3094] IoU=0.01
  Overlap detected: Fish 3 ↔ Fish 4 [frame 3094] IoU=0.00
  Frozen during overlap [frame 3095]: Fish [1, 2, 3, 4, 5]
  Overlap detected: Fish 1 ↔ Fish 2 [frame 3095] IoU=0.02
  Overlap detected: Fish 2 ↔ Fish 5 [frame 3095] IoU=0.01
  Overlap detected: Fish 3 ↔ Fish 4 [frame 3095] IoU=0.00
  Frozen during overlap [frame 3096]: Fish [1, 2, 3, 4, 5]
  Overlap detected: Fish 1 ↔ Fish 2 [frame 3096] IoU=0.02
  Overlap detected: Fish 2 ↔ Fish 5 [frame 3096] IoU=0.01
  Overlap detected: Fish 3 ↔ Fish 4 [frame 3096] IoU=0.00
  Frozen during overlap [frame 3097]: Fish [1, 2, 3, 4, 5]
  Overlap detected: Fish 1 ↔ Fish 2 [frame 3097] IoU=0.02
  Overlap detected: Fish 2 ↔ Fish 5 [frame 3097] IoU=0.01
  Overlap detected: Fish 3 ↔ Fish 4 [frame 3097] IoU=0.00
  Frozen during overlap [frame 3098]: Fish [1, 2, 3, 4, 5]
  Overlap detected: Fish 1 ↔ Fish 2 [frame 3098] IoU=0.02
  Overlap detected: Fish 2 ↔ Fish 5 [frame 3098] IoU=0.01
  Overlap detected: Fish 3 ↔ Fish 4 [frame 3098] IoU=0.00
  Frozen during overlap [frame 3099]: Fish [1, 2, 3, 4, 5]
  Overlap detected: Fish 1 ↔ Fish 2 [frame 3099] IoU=0.02
  Overlap detected: Fish 2 ↔ Fish 5 [frame 3099] IoU=0.01
  Overlap detected: Fish 3 ↔ Fish 4 [frame 3099] IoU=0.00
  Frozen during overlap [frame 3100]: Fish [1, 2, 3, 4, 5]
  Overlap detected: Fish 1 ↔ Fish 2 [frame 3100] IoU=0.02
  Overlap detected: Fish 2 ↔ Fish 5 [frame 3100] IoU=0.01
  Overlap detected: Fish 3 ↔ Fish 4 [frame 3100] IoU=0.00
  Frozen during overlap [frame 3101]: Fish [1, 2, 3, 4, 5]
  Overlap detected: Fish 1 ↔ Fish 2 [frame 3101] IoU=0.02
  Overlap detected: Fish 2 ↔ Fish 5 [frame 3101] IoU=0.01
  Overlap detected: Fish 3 ↔ Fish 4 [frame 3101] IoU=0.00
  Frozen during overlap [frame 3102]: Fish [1, 2, 3, 4, 5]
  Overlap detected: Fish 1 ↔ Fish 2 [frame 3102] IoU=0.02
  Overlap detected: Fish 2 ↔ Fish 5 [frame 3102] IoU=0.01
  Overlap detected: Fish 3 ↔ Fish 4 [frame 3102] IoU=0.00
  Frozen during overlap [frame 3103]: Fish [1, 2, 3, 4, 5]
  Overlap detected: Fish 1 ↔ Fish 2 [frame 3103] IoU=0.02
  Overlap detected: Fish 2 ↔ Fish 5 [frame 3103] IoU=0.01
  Overlap detected: Fish 3 ↔ Fish 4 [frame 3103] IoU=0.00
  Frozen during overlap [frame 3104]: Fish [1, 2, 3, 4, 5]
  Overlap detected: Fish 1 ↔ Fish 2 [frame 3104] IoU=0.02
  Overlap detected: Fish 2 ↔ Fish 5 [frame 3104] IoU=0.01
  Overlap detected: Fish 3 ↔ Fish 4 [frame 3104] IoU=0.00
  Frozen during overlap [frame 3105]: Fish [1, 2, 3, 4, 5]
  Overlap detected: Fish 1 ↔ Fish 2 [frame 3105] IoU=0.02
  Overlap detected: Fish 2 ↔ Fish 5 [frame 3105] IoU=0.01
  Overlap detected: Fish 3 ↔ Fish 4 [frame 3105] IoU=0.00
  Frozen during overlap [frame 3106]: Fish [1, 2, 3, 4, 5]
  Overlap detected: Fish 1 ↔ Fish 2 [frame 3106] IoU=0.02
  Overlap detected: Fish 2 ↔ Fish 5 [frame 3106] IoU=0.01
  Overlap detected: Fish 3 ↔ Fish 4 [frame 3106] IoU=0.00
  Frozen during overlap [frame 3107]: Fish [1, 2, 3, 4, 5]
  Overlap detected: Fish 1 ↔ Fish 2 [frame 3107] IoU=0.02
  Overlap detected: Fish 2 ↔ Fish 5 [frame 3107] IoU=0.01
  Overlap detected: Fish 3 ↔ Fish 4 [frame 3107] IoU=0.00
  Frozen during overlap [frame 3108]: Fish [1, 2, 3, 4, 5]
  Overlap detected: Fish 1 ↔ Fish 2 [frame 3108] IoU=0.02
  Overlap detected: Fish 2 ↔ Fish 5 [frame 3108] IoU=0.01
  Overlap detected: Fish 3 ↔ Fish 4 [frame 3108] IoU=0.00
  Frozen during overlap [frame 3109]: Fish [1, 2, 3, 4, 5]
  Overlap detected: Fish 1 ↔ Fish 2 [frame 3109] IoU=0.02
  Overlap detected: Fish 2 ↔ Fish 5 [frame 3109] IoU=0.01
  Overlap detected: Fish 3 ↔ Fish 4 [frame 3109] IoU=0.00
  Frozen during overlap [frame 3110]: Fish [1, 2, 3, 4, 5]
  Overlap detected: Fish 1 ↔ Fish 2 [frame 3110] IoU=0.02
  Overlap detected: Fish 2 ↔ Fish 5 [frame 3110] IoU=0.01
  Overlap detected: Fish 3 ↔ Fish 4 [frame 3110] IoU=0.00
  Frozen during overlap [frame 3111]: Fish [1, 2, 3, 4, 5]
  Overlap detected: Fish 1 ↔ Fish 2 [frame 3111] IoU=0.02
  Overlap detected: Fish 2 ↔ Fish 5 [frame 3111] IoU=0.01
  Overlap detected: Fish 3 ↔ Fish 4 [frame 3111] IoU=0.00
  Frozen during overlap [frame 3112]: Fish [1, 2, 3, 4, 5]
  Overlap detected: Fish 1 ↔ Fish 2 [frame 3112] IoU=0.02
  Overlap detected: Fish 2 ↔ Fish 5 [frame 3112] IoU=0.01
  Overlap detected: Fish 3 ↔ Fish 4 [frame 3112] IoU=0.00
  Frozen during overlap [frame 3113]: Fish [1, 2, 3, 4, 5]
  Overlap detected: Fish 1 ↔ Fish 2 [frame 3113] IoU=0.02
  Overlap detected: Fish 2 ↔ Fish 5 [frame 3113] IoU=0.01
  Overlap detected: Fish 3 ↔ Fish 4 [frame 3113] IoU=0.00
  Frozen during overlap [frame 3114]: Fish [1, 2, 3, 4, 5]
  Overlap detected: Fish 1 ↔ Fish 2 [frame 3114] IoU=0.02
  Overlap detected: Fish 2 ↔ Fish 5 [frame 3114] IoU=0.01
  Overlap detected: Fish 3 ↔ Fish 4 [frame 3114] IoU=0.00
  Frozen during overlap [frame 3115]: Fish [1, 2, 3, 4, 5]
  Overlap detected: Fish 1 ↔ Fish 2 [frame 3115] IoU=0.02
  Overlap detected: Fish 2 ↔ Fish 5 [frame 3115] IoU=0.01
  Overlap detected: Fish 3 ↔ Fish 4 [frame 3115] IoU=0.00
  Frozen during overlap [frame 3116]: Fish [1, 2, 3, 4, 5]
  Overlap detected: Fish 1 ↔ Fish 2 [frame 3116] IoU=0.02
  Overlap detected: Fish 2 ↔ Fish 5 [frame 3116] IoU=0.01
  Overlap detected: Fish 3 ↔ Fish 4 [frame 3116] IoU=0.00
  Frozen during overlap [frame 3117]: Fish [1, 2, 3, 4, 5]
  Overlap detected: Fish 1 ↔ Fish 2 [frame 3117] IoU=0.02
  Overlap detected: Fish 2 ↔ Fish 5 [frame 3117] IoU=0.01
  Overlap detected: Fish 3 ↔ Fish 4 [frame 3117] IoU=0.00
  Frozen during overlap [frame 3118]: Fish [1, 2, 3, 4, 5]
  Overlap detected: Fish 1 ↔ Fish 2 [frame 3118] IoU=0.02
  Overlap detected: Fish 2 ↔ Fish 5 [frame 3118] IoU=0.01
  Overlap detected: Fish 3 ↔ Fish 4 [frame 3118] IoU=0.00
  Frozen during overlap [frame 3119]: Fish [1, 2, 3, 4, 5]
  Overlap detected: Fish 1 ↔ Fish 2 [frame 3119] IoU=0.02
  Overlap detected: Fish 2 ↔ Fish 5 [frame 3119] IoU=0.01
  Overlap detected: Fish 3 ↔ Fish 4 [frame 3119] IoU=0.00
  Frozen during overlap [frame 3120]: Fish [1, 2, 3, 4, 5]
  Overlap detected: Fish 1 ↔ Fish 2 [frame 3120] IoU=0.02
  Overlap detected: Fish 2 ↔ Fish 5 [frame 3120] IoU=0.01
  Overlap detected: Fish 3 ↔ Fish 4 [frame 3120] IoU=0.00
  Frame 3120/3600 | second 52
  Frozen during overlap [frame 3121]: Fish [1, 2, 3, 4, 5]
  Overlap detected: Fish 1 ↔ Fish 2 [frame 3121] IoU=0.02
  Overlap detected: Fish 2 ↔ Fish 5 [frame 3121] IoU=0.01
  Overlap detected: Fish 3 ↔ Fish 4 [frame 3121] IoU=0.00
  Frozen during overlap [frame 3122]: Fish [1, 2, 3, 4, 5]
  Overlap detected: Fish 1 ↔ Fish 2 [frame 3122] IoU=0.02
  Overlap detected: Fish 2 ↔ Fish 5 [frame 3122] IoU=0.01
  Overlap detected: Fish 3 ↔ Fish 4 [frame 3122] IoU=0.00
  Frozen during overlap [frame 3123]: Fish [1, 2, 3, 4, 5]
  Overlap detected: Fish 1 ↔ Fish 2 [frame 3123] IoU=0.02
  Overlap detected: Fish 2 ↔ Fish 5 [frame 3123] IoU=0.01
  Overlap detected: Fish 3 ↔ Fish 4 [frame 3123] IoU=0.00
  Frozen during overlap [frame 3124]: Fish [1, 2, 3, 4, 5]
  Overlap detected: Fish 1 ↔ Fish 2 [frame 3124] IoU=0.02
  Overlap detected: Fish 2 ↔ Fish 5 [frame 3124] IoU=0.01
  Overlap detected: Fish 3 ↔ Fish 4 [frame 3124] IoU=0.00
  Frozen during overlap [frame 3125]: Fish [1, 2, 3, 4, 5]
  Overlap detected: Fish 1 ↔ Fish 2 [frame 3125] IoU=0.02
  Overlap detected: Fish 2 ↔ Fish 5 [frame 3125] IoU=0.01
  Overlap detected: Fish 3 ↔ Fish 4 [frame 3125] IoU=0.00
  Frozen during overlap [frame 3126]: Fish [1, 2, 3, 4, 5]
  Overlap detected: Fish 1 ↔ Fish 2 [frame 3126] IoU=0.02
  Overlap detected: Fish 2 ↔ Fish 5 [frame 3126] IoU=0.01
  Overlap detected: Fish 3 ↔ Fish 4 [frame 3126] IoU=0.00
  Frozen during overlap [frame 3127]: Fish [1, 2, 3, 4, 5]
  Overlap detected: Fish 1 ↔ Fish 2 [frame 3127] IoU=0.02
  Overlap detected: Fish 2 ↔ Fish 5 [frame 3127] IoU=0.01
  Overlap detected: Fish 3 ↔ Fish 4 [frame 3127] IoU=0.00
  Frozen during overlap [frame 3128]: Fish [1, 2, 3, 4, 5]
  Overlap detected: Fish 1 ↔ Fish 2 [frame 3128] IoU=0.02
  Overlap detected: Fish 2 ↔ Fish 5 [frame 3128] IoU=0.01
  Overlap detected: Fish 3 ↔ Fish 4 [frame 3128] IoU=0.00
  Frozen during overlap [frame 3129]: Fish [1, 2, 3, 4, 5]
  Overlap detected: Fish 1 ↔ Fish 2 [frame 3129] IoU=0.02
  Overlap detected: Fish 2 ↔ Fish 5 [frame 3129] IoU=0.01
  Overlap detected: Fish 3 ↔ Fish 4 [frame 3129] IoU=0.00
  Frozen during overlap [frame 3130]: Fish [1, 2, 3, 4, 5]
  Overlap detected: Fish 1 ↔ Fish 2 [frame 3130] IoU=0.02
  Overlap detected: Fish 2 ↔ Fish 5 [frame 3130] IoU=0.01
  Overlap detected: Fish 3 ↔ Fish 4 [frame 3130] IoU=0.00
  Frozen during overlap [frame 3131]: Fish [1, 2, 3, 4, 5]
  Overlap detected: Fish 1 ↔ Fish 2 [frame 3131] IoU=0.02
  Overlap detected: Fish 2 ↔ Fish 5 [frame 3131] IoU=0.01
  Overlap detected: Fish 3 ↔ Fish 4 [frame 3131] IoU=0.00
  Frozen during overlap [frame 3132]: Fish [1, 2, 3, 4, 5]
  Overlap detected: Fish 1 ↔ Fish 2 [frame 3132] IoU=0.02
  Overlap detected: Fish 2 ↔ Fish 5 [frame 3132] IoU=0.01
  Overlap detected: Fish 3 ↔ Fish 4 [frame 3132] IoU=0.00
  Frozen during overlap [frame 3133]: Fish [1, 2, 3, 4, 5]
  Overlap detected: Fish 1 ↔ Fish 2 [frame 3133] IoU=0.02
  Overlap detected: Fish 2 ↔ Fish 5 [frame 3133] IoU=0.01
  Overlap detected: Fish 3 ↔ Fish 4 [frame 3133] IoU=0.00
  Frozen during overlap [frame 3134]: Fish [1, 2, 3, 4, 5]
  Overlap detected: Fish 1 ↔ Fish 2 [frame 3134] IoU=0.02
  Overlap detected: Fish 2 ↔ Fish 5 [frame 3134] IoU=0.01
  Overlap detected: Fish 3 ↔ Fish 4 [frame 3134] IoU=0.00
  Frozen during overlap [frame 3135]: Fish [1, 2, 3, 4, 5]
  Overlap detected: Fish 1 ↔ Fish 2 [frame 3135] IoU=0.02
  Overlap detected: Fish 2 ↔ Fish 5 [frame 3135] IoU=0.01
  Overlap detected: Fish 3 ↔ Fish 4 [frame 3135] IoU=0.00
  Frozen during overlap [frame 3136]: Fish [1, 2, 3, 4, 5]
  Overlap detected: Fish 1 ↔ Fish 2 [frame 3136] IoU=0.02
  Overlap detected: Fish 2 ↔ Fish 5 [frame 3136] IoU=0.01
  Overlap detected: Fish 3 ↔ Fish 4 [frame 3136] IoU=0.00
  Frozen during overlap [frame 3137]: Fish [1, 2, 3, 4, 5]
  Overlap detected: Fish 1 ↔ Fish 2 [frame 3137] IoU=0.02
  Overlap detected: Fish 2 ↔ Fish 5 [frame 3137] IoU=0.01
  Overlap detected: Fish 3 ↔ Fish 4 [frame 3137] IoU=0.00
  Frozen during overlap [frame 3138]: Fish [1, 2, 3, 4, 5]
  Overlap detected: Fish 1 ↔ Fish 2 [frame 3138] IoU=0.02
  Overlap detected: Fish 2 ↔ Fish 5 [frame 3138] IoU=0.01
  Overlap detected: Fish 3 ↔ Fish 4 [frame 3138] IoU=0.00
  Frozen during overlap [frame 3139]: Fish [1, 2, 3, 4, 5]
  Overlap detected: Fish 1 ↔ Fish 2 [frame 3139] IoU=0.02
  Overlap detected: Fish 2 ↔ Fish 5 [frame 3139] IoU=0.01
  Overlap detected: Fish 3 ↔ Fish 4 [frame 3139] IoU=0.00
  Frozen during overlap [frame 3140]: Fish [1, 2, 3, 4, 5]
  Overlap detected: Fish 1 ↔ Fish 2 [frame 3140] IoU=0.02
  Overlap detected: Fish 2 ↔ Fish 5 [frame 3140] IoU=0.01
  Overlap detected: Fish 3 ↔ Fish 4 [frame 3140] IoU=0.00
  Frozen during overlap [frame 3141]: Fish [1, 2, 3, 4, 5]
  Overlap detected: Fish 1 ↔ Fish 2 [frame 3141] IoU=0.02
  Overlap detected: Fish 2 ↔ Fish 5 [frame 3141] IoU=0.01
  Overlap detected: Fish 3 ↔ Fish 4 [frame 3141] IoU=0.00
  Frozen during overlap [frame 3142]: Fish [1, 2, 3, 4, 5]
  Overlap detected: Fish 1 ↔ Fish 2 [frame 3142] IoU=0.02
  Overlap detected: Fish 2 ↔ Fish 5 [frame 3142] IoU=0.01
  Overlap detected: Fish 3 ↔ Fish 4 [frame 3142] IoU=0.00
  Frozen during overlap [frame 3143]: Fish [1, 2, 3, 4, 5]
  Overlap detected: Fish 1 ↔ Fish 2 [frame 3143] IoU=0.02
  Overlap detected: Fish 2 ↔ Fish 5 [frame 3143] IoU=0.01
  Overlap detected: Fish 3 ↔ Fish 4 [frame 3143] IoU=0.00
  Frozen during overlap [frame 3144]: Fish [1, 2, 3, 4, 5]
  Overlap detected: Fish 1 ↔ Fish 2 [frame 3144] IoU=0.02
  Overlap detected: Fish 2 ↔ Fish 5 [frame 3144] IoU=0.01
  Overlap detected: Fish 3 ↔ Fish 4 [frame 3144] IoU=0.00
  Frozen during overlap [frame 3145]: Fish [1, 2, 3, 4, 5]
  Overlap detected: Fish 1 ↔ Fish 2 [frame 3145] IoU=0.02
  Overlap detected: Fish 2 ↔ Fish 5 [frame 3145] IoU=0.01
  Overlap detected: Fish 3 ↔ Fish 4 [frame 3145] IoU=0.00
  Frozen during overlap [frame 3146]: Fish [1, 2, 3, 4, 5]
  Overlap detected: Fish 1 ↔ Fish 2 [frame 3146] IoU=0.02
  Overlap detected: Fish 2 ↔ Fish 5 [frame 3146] IoU=0.01
  Overlap detected: Fish 3 ↔ Fish 4 [frame 3146] IoU=0.00
  Frozen during overlap [frame 3147]: Fish [1, 2, 3, 4, 5]
  Overlap detected: Fish 1 ↔ Fish 2 [frame 3147] IoU=0.02
  Overlap detected: Fish 2 ↔ Fish 5 [frame 3147] IoU=0.01
  Overlap detected: Fish 3 ↔ Fish 4 [frame 3147] IoU=0.00
  Frozen during overlap [frame 3148]: Fish [1, 2, 3, 4, 5]
  Overlap detected: Fish 1 ↔ Fish 2 [frame 3148] IoU=0.02
  Overlap detected: Fish 2 ↔ Fish 5 [frame 3148] IoU=0.01
  Overlap detected: Fish 3 ↔ Fish 4 [frame 3148] IoU=0.00
  Frozen during overlap [frame 3149]: Fish [1, 2, 3, 4, 5]
  Overlap detected: Fish 1 ↔ Fish 2 [frame 3149] IoU=0.02
  Overlap detected: Fish 2 ↔ Fish 5 [frame 3149] IoU=0.01
  Overlap detected: Fish 3 ↔ Fish 4 [frame 3149] IoU=0.00
  Frozen during overlap [frame 3150]: Fish [1, 2, 3, 4, 5]
  Overlap detected: Fish 1 ↔ Fish 2 [frame 3150] IoU=0.02
  Overlap detected: Fish 2 ↔ Fish 5 [frame 3150] IoU=0.01
  Overlap detected: Fish 3 ↔ Fish 4 [frame 3150] IoU=0.00
  Frame 3150/3600 | second 52
  Frozen during overlap [frame 3151]: Fish [1, 2, 3, 4, 5]
  Overlap detected: Fish 1 ↔ Fish 2 [frame 3151] IoU=0.02
  Overlap detected: Fish 2 ↔ Fish 5 [frame 3151] IoU=0.01
  Overlap detected: Fish 3 ↔ Fish 4 [frame 3151] IoU=0.00
  Frozen during overlap [frame 3152]: Fish [1, 2, 3, 4, 5]
  Overlap detected: Fish 1 ↔ Fish 2 [frame 3152] IoU=0.02
  Overlap detected: Fish 2 ↔ Fish 5 [frame 3152] IoU=0.01
  Overlap detected: Fish 3 ↔ Fish 4 [frame 3152] IoU=0.00
  Frozen during overlap [frame 3153]: Fish [1, 2, 3, 4, 5]
  Overlap detected: Fish 1 ↔ Fish 2 [frame 3153] IoU=0.02
  Overlap detected: Fish 2 ↔ Fish 5 [frame 3153] IoU=0.01
  Overlap detected: Fish 3 ↔ Fish 4 [frame 3153] IoU=0.00
  Frozen during overlap [frame 3154]: Fish [1, 2, 3, 4, 5]
  Overlap detected: Fish 1 ↔ Fish 2 [frame 3154] IoU=0.02
  Overlap detected: Fish 2 ↔ Fish 5 [frame 3154] IoU=0.01
  Overlap detected: Fish 3 ↔ Fish 4 [frame 3154] IoU=0.00
  Frozen during overlap [frame 3155]: Fish [1, 2, 3, 4, 5]
  Overlap detected: Fish 1 ↔ Fish 2 [frame 3155] IoU=0.02
  Overlap detected: Fish 2 ↔ Fish 5 [frame 3155] IoU=0.01
  Overlap detected: Fish 3 ↔ Fish 4 [frame 3155] IoU=0.00
  Frozen during overlap [frame 3156]: Fish [1, 2, 3, 4, 5]
  Overlap detected: Fish 1 ↔ Fish 2 [frame 3156] IoU=0.02
  Overlap detected: Fish 2 ↔ Fish 5 [frame 3156] IoU=0.01
  Overlap detected: Fish 3 ↔ Fish 4 [frame 3156] IoU=0.00
  Frozen during overlap [frame 3157]: Fish [1, 2, 3, 4, 5]
  Overlap detected: Fish 1 ↔ Fish 2 [frame 3157] IoU=0.02
  Overlap detected: Fish 2 ↔ Fish 5 [frame 3157] IoU=0.01
  Overlap detected: Fish 3 ↔ Fish 4 [frame 3157] IoU=0.00
  Frozen during overlap [frame 3158]: Fish [1, 2, 3, 4, 5]
  Overlap detected: Fish 1 ↔ Fish 2 [frame 3158] IoU=0.02
  Overlap detected: Fish 2 ↔ Fish 5 [frame 3158] IoU=0.01
  Overlap detected: Fish 3 ↔ Fish 4 [frame 3158] IoU=0.00
  Frozen during overlap [frame 3159]: Fish [1, 2, 3, 4, 5]
  Overlap detected: Fish 1 ↔ Fish 2 [frame 3159] IoU=0.02
  Overlap detected: Fish 2 ↔ Fish 5 [frame 3159] IoU=0.01
  Overlap detected: Fish 3 ↔ Fish 4 [frame 3159] IoU=0.00
  Frozen during overlap [frame 3160]: Fish [1, 2, 3, 4, 5]
  Overlap detected: Fish 1 ↔ Fish 2 [frame 3160] IoU=0.02
  Overlap detected: Fish 2 ↔ Fish 5 [frame 3160] IoU=0.01
  Overlap detected: Fish 3 ↔ Fish 4 [frame 3160] IoU=0.00
  Frozen during overlap [frame 3161]: Fish [1, 2, 3, 4, 5]
  Overlap detected: Fish 1 ↔ Fish 2 [frame 3161] IoU=0.02
  Overlap detected: Fish 2 ↔ Fish 5 [frame 3161] IoU=0.01
  Overlap detected: Fish 3 ↔ Fish 4 [frame 3161] IoU=0.00
  Frozen during overlap [frame 3162]: Fish [1, 2, 3, 4, 5]
  Overlap detected: Fish 1 ↔ Fish 2 [frame 3162] IoU=0.02
  Overlap detected: Fish 2 ↔ Fish 5 [frame 3162] IoU=0.01
  Overlap detected: Fish 3 ↔ Fish 4 [frame 3162] IoU=0.00
  Frozen during overlap [frame 3163]: Fish [1, 2, 3, 4, 5]
  Overlap detected: Fish 1 ↔ Fish 2 [frame 3163] IoU=0.02
  Overlap detected: Fish 2 ↔ Fish 5 [frame 3163] IoU=0.01
  Overlap detected: Fish 3 ↔ Fish 4 [frame 3163] IoU=0.00
  Frozen during overlap [frame 3164]: Fish [1, 2, 3, 4, 5]
  Overlap detected: Fish 1 ↔ Fish 2 [frame 3164] IoU=0.02
  Overlap detected: Fish 2 ↔ Fish 5 [frame 3164] IoU=0.01
  Overlap detected: Fish 3 ↔ Fish 4 [frame 3164] IoU=0.00
  Frozen during overlap [frame 3165]: Fish [1, 2, 3, 4, 5]
  Overlap detected: Fish 1 ↔ Fish 2 [frame 3165] IoU=0.02
  Overlap detected: Fish 2 ↔ Fish 5 [frame 3165] IoU=0.01
  Overlap detected: Fish 3 ↔ Fish 4 [frame 3165] IoU=0.00
  Frozen during overlap [frame 3166]: Fish [1, 2, 3, 4, 5]
  Overlap detected: Fish 1 ↔ Fish 2 [frame 3166] IoU=0.02
  Overlap detected: Fish 2 ↔ Fish 5 [frame 3166] IoU=0.01
  Overlap detected: Fish 3 ↔ Fish 4 [frame 3166] IoU=0.00
  Frozen during overlap [frame 3167]: Fish [1, 2, 3, 4, 5]
  Overlap detected: Fish 1 ↔ Fish 2 [frame 3167] IoU=0.02
  Overlap detected: Fish 2 ↔ Fish 5 [frame 3167] IoU=0.01
  Overlap detected: Fish 3 ↔ Fish 4 [frame 3167] IoU=0.00
  Frozen during overlap [frame 3168]: Fish [1, 2, 3, 4, 5]
  Overlap detected: Fish 1 ↔ Fish 2 [frame 3168] IoU=0.02
  Overlap detected: Fish 2 ↔ Fish 5 [frame 3168] IoU=0.01
  Overlap detected: Fish 3 ↔ Fish 4 [frame 3168] IoU=0.00
  Frozen during overlap [frame 3169]: Fish [1, 2, 3, 4, 5]
  Overlap detected: Fish 1 ↔ Fish 2 [frame 3169] IoU=0.02
  Overlap detected: Fish 2 ↔ Fish 5 [frame 3169] IoU=0.01
  Overlap detected: Fish 3 ↔ Fish 4 [frame 3169] IoU=0.00
  Frozen during overlap [frame 3170]: Fish [1, 2, 3, 4, 5]
  Overlap detected: Fish 1 ↔ Fish 2 [frame 3170] IoU=0.02
  Overlap detected: Fish 2 ↔ Fish 5 [frame 3170] IoU=0.01
  Overlap detected: Fish 3 ↔ Fish 4 [frame 3170] IoU=0.00
  Frozen during overlap [frame 3171]: Fish [1, 2, 3, 4, 5]
  Overlap detected: Fish 1 ↔ Fish 2 [frame 3171] IoU=0.02
  Overlap detected: Fish 2 ↔ Fish 5 [frame 3171] IoU=0.01
  Overlap detected: Fish 3 ↔ Fish 4 [frame 3171] IoU=0.00
  Frozen during overlap [frame 3172]: Fish [1, 2, 3, 4, 5]
  Overlap detected: Fish 1 ↔ Fish 2 [frame 3172] IoU=0.02
  Overlap detected: Fish 2 ↔ Fish 5 [frame 3172] IoU=0.01
  Overlap detected: Fish 3 ↔ Fish 4 [frame 3172] IoU=0.00
  Frozen during overlap [frame 3173]: Fish [1, 2, 3, 4, 5]
  Overlap detected: Fish 1 ↔ Fish 2 [frame 3173] IoU=0.02
  Overlap detected: Fish 2 ↔ Fish 5 [frame 3173] IoU=0.01
  Overlap detected: Fish 3 ↔ Fish 4 [frame 3173] IoU=0.00
  Frozen during overlap [frame 3174]: Fish [1, 2, 3, 4, 5]
  Overlap detected: Fish 1 ↔ Fish 2 [frame 3174] IoU=0.02
  Overlap detected: Fish 2 ↔ Fish 5 [frame 3174] IoU=0.01
  Overlap detected: Fish 3 ↔ Fish 4 [frame 3174] IoU=0.00
  Frozen during overlap [frame 3175]: Fish [1, 2, 3, 4, 5]
  Overlap detected: Fish 1 ↔ Fish 2 [frame 3175] IoU=0.02
  Overlap detected: Fish 2 ↔ Fish 5 [frame 3175] IoU=0.01
  Overlap detected: Fish 3 ↔ Fish 4 [frame 3175] IoU=0.00
  Frozen during overlap [frame 3176]: Fish [1, 2, 3, 4, 5]
  Overlap detected: Fish 1 ↔ Fish 2 [frame 3176] IoU=0.02
  Overlap detected: Fish 2 ↔ Fish 5 [frame 3176] IoU=0.01
  Overlap detected: Fish 3 ↔ Fish 4 [frame 3176] IoU=0.00
  Frozen during overlap [frame 3177]: Fish [1, 2, 3, 4, 5]
  Overlap detected: Fish 1 ↔ Fish 2 [frame 3177] IoU=0.02
  Overlap detected: Fish 2 ↔ Fish 5 [frame 3177] IoU=0.01
  Overlap detected: Fish 3 ↔ Fish 4 [frame 3177] IoU=0.00
  Frozen during overlap [frame 3178]: Fish [1, 2, 3, 4, 5]
  Overlap detected: Fish 1 ↔ Fish 2 [frame 3178] IoU=0.02
  Overlap detected: Fish 2 ↔ Fish 5 [frame 3178] IoU=0.01
  Overlap detected: Fish 3 ↔ Fish 4 [frame 3178] IoU=0.00
  Frozen during overlap [frame 3179]: Fish [1, 2, 3, 4, 5]
  Overlap detected: Fish 1 ↔ Fish 2 [frame 3179] IoU=0.02
  Overlap detected: Fish 2 ↔ Fish 5 [frame 3179] IoU=0.01
  Overlap detected: Fish 3 ↔ Fish 4 [frame 3179] IoU=0.00
  Frozen during overlap [frame 3180]: Fish [1, 2, 3, 4, 5]
  Overlap detected: Fish 1 ↔ Fish 2 [frame 3180] IoU=0.02
  Overlap detected: Fish 2 ↔ Fish 5 [frame 3180] IoU=0.01
  Overlap detected: Fish 3 ↔ Fish 4 [frame 3180] IoU=0.00
  Frame 3180/3600 | second 53
  Frozen during overlap [frame 3181]: Fish [1, 2, 3, 4, 5]
  Overlap detected: Fish 1 ↔ Fish 2 [frame 3181] IoU=0.02
  Overlap detected: Fish 2 ↔ Fish 5 [frame 3181] IoU=0.01
  Overlap detected: Fish 3 ↔ Fish 4 [frame 3181] IoU=0.00
  Frozen during overlap [frame 3182]: Fish [1, 2, 3, 4, 5]
  Overlap detected: Fish 1 ↔ Fish 2 [frame 3182] IoU=0.02
  Overlap detected: Fish 2 ↔ Fish 5 [frame 3182] IoU=0.01
  Overlap detected: Fish 3 ↔ Fish 4 [frame 3182] IoU=0.00
  Frozen during overlap [frame 3183]: Fish [1, 2, 3, 4, 5]
  Overlap detected: Fish 1 ↔ Fish 2 [frame 3183] IoU=0.02
  Overlap detected: Fish 2 ↔ Fish 5 [frame 3183] IoU=0.01
  Overlap detected: Fish 3 ↔ Fish 4 [frame 3183] IoU=0.00
  Frozen during overlap [frame 3184]: Fish [1, 2, 3, 4, 5]
  Overlap detected: Fish 1 ↔ Fish 2 [frame 3184] IoU=0.02
  Overlap detected: Fish 2 ↔ Fish 5 [frame 3184] IoU=0.01
  Overlap detected: Fish 3 ↔ Fish 4 [frame 3184] IoU=0.00
  Frozen during overlap [frame 3185]: Fish [1, 2, 3, 4, 5]
  Overlap detected: Fish 1 ↔ Fish 2 [frame 3185] IoU=0.02
  Overlap detected: Fish 2 ↔ Fish 5 [frame 3185] IoU=0.01
  Overlap detected: Fish 3 ↔ Fish 4 [frame 3185] IoU=0.00
  Frozen during overlap [frame 3186]: Fish [1, 2, 3, 4, 5]
  Overlap detected: Fish 1 ↔ Fish 2 [frame 3186] IoU=0.02
  Overlap detected: Fish 2 ↔ Fish 5 [frame 3186] IoU=0.01
  Overlap detected: Fish 3 ↔ Fish 4 [frame 3186] IoU=0.00
  Frozen during overlap [frame 3187]: Fish [1, 2, 3, 4, 5]
  Overlap detected: Fish 1 ↔ Fish 2 [frame 3187] IoU=0.02
  Overlap detected: Fish 2 ↔ Fish 5 [frame 3187] IoU=0.01
  Overlap detected: Fish 3 ↔ Fish 4 [frame 3187] IoU=0.00
  Frozen during overlap [frame 3188]: Fish [1, 2, 3, 4, 5]
  Overlap detected: Fish 1 ↔ Fish 2 [frame 3188] IoU=0.02
  Overlap detected: Fish 2 ↔ Fish 5 [frame 3188] IoU=0.01
  Overlap detected: Fish 3 ↔ Fish 4 [frame 3188] IoU=0.00
  Frozen during overlap [frame 3189]: Fish [1, 2, 3, 4, 5]
  Overlap detected: Fish 1 ↔ Fish 2 [frame 3189] IoU=0.02
  Overlap detected: Fish 2 ↔ Fish 5 [frame 3189] IoU=0.01
  Overlap detected: Fish 3 ↔ Fish 4 [frame 3189] IoU=0.00
  Frozen during overlap [frame 3190]: Fish [1, 2, 3, 4, 5]
  Overlap detected: Fish 1 ↔ Fish 2 [frame 3190] IoU=0.02
  Overlap detected: Fish 2 ↔ Fish 5 [frame 3190] IoU=0.01
  Overlap detected: Fish 3 ↔ Fish 4 [frame 3190] IoU=0.00
  Frozen during overlap [frame 3191]: Fish [1, 2, 3, 4, 5]
  Overlap detected: Fish 1 ↔ Fish 2 [frame 3191] IoU=0.02
  Overlap detected: Fish 2 ↔ Fish 5 [frame 3191] IoU=0.01
  Overlap detected: Fish 3 ↔ Fish 4 [frame 3191] IoU=0.00
  Frozen during overlap [frame 3192]: Fish [1, 2, 3, 4, 5]
  Overlap detected: Fish 1 ↔ Fish 2 [frame 3192] IoU=0.02
  Overlap detected: Fish 2 ↔ Fish 5 [frame 3192] IoU=0.01
  Overlap detected: Fish 3 ↔ Fish 4 [frame 3192] IoU=0.00
  Frozen during overlap [frame 3193]: Fish [1, 2, 3, 4, 5]
  Overlap detected: Fish 1 ↔ Fish 2 [frame 3193] IoU=0.02
  Overlap detected: Fish 2 ↔ Fish 5 [frame 3193] IoU=0.01
  Overlap detected: Fish 3 ↔ Fish 4 [frame 3193] IoU=0.00
  Frozen during overlap [frame 3194]: Fish [1, 2, 3, 4, 5]
  Overlap detected: Fish 1 ↔ Fish 2 [frame 3194] IoU=0.02
  Overlap detected: Fish 2 ↔ Fish 5 [frame 3194] IoU=0.01
  Overlap detected: Fish 3 ↔ Fish 4 [frame 3194] IoU=0.00
  Frozen during overlap [frame 3195]: Fish [1, 2, 3, 4, 5]
  Overlap detected: Fish 1 ↔ Fish 2 [frame 3195] IoU=0.02
  Overlap detected: Fish 2 ↔ Fish 5 [frame 3195] IoU=0.01
  Overlap detected: Fish 3 ↔ Fish 4 [frame 3195] IoU=0.00
  Frozen during overlap [frame 3196]: Fish [1, 2, 3, 4, 5]
  Overlap detected: Fish 1 ↔ Fish 2 [frame 3196] IoU=0.02
  Overlap detected: Fish 2 ↔ Fish 5 [frame 3196] IoU=0.01
  Overlap detected: Fish 3 ↔ Fish 4 [frame 3196] IoU=0.00
  Frozen during overlap [frame 3197]: Fish [1, 2, 3, 4, 5]
  Overlap detected: Fish 1 ↔ Fish 2 [frame 3197] IoU=0.02
  Overlap detected: Fish 2 ↔ Fish 5 [frame 3197] IoU=0.01
  Overlap detected: Fish 3 ↔ Fish 4 [frame 3197] IoU=0.00
  Frozen during overlap [frame 3198]: Fish [1, 2, 3, 4, 5]
  Overlap detected: Fish 1 ↔ Fish 2 [frame 3198] IoU=0.02
  Overlap detected: Fish 2 ↔ Fish 5 [frame 3198] IoU=0.01
  Overlap detected: Fish 3 ↔ Fish 4 [frame 3198] IoU=0.00
  Frozen during overlap [frame 3199]: Fish [1, 2, 3, 4, 5]
  Overlap detected: Fish 1 ↔ Fish 2 [frame 3199] IoU=0.02
  Overlap detected: Fish 2 ↔ Fish 5 [frame 3199] IoU=0.01
  Overlap detected: Fish 3 ↔ Fish 4 [frame 3199] IoU=0.00
  Frozen during overlap [frame 3200]: Fish [1, 2, 3, 4, 5]
  Overlap detected: Fish 1 ↔ Fish 2 [frame 3200] IoU=0.02
  Overlap detected: Fish 2 ↔ Fish 5 [frame 3200] IoU=0.01
  Overlap detected: Fish 3 ↔ Fish 4 [frame 3200] IoU=0.00
  Frozen during overlap [frame 3201]: Fish [1, 2, 3, 4, 5]
  Overlap detected: Fish 1 ↔ Fish 2 [frame 3201] IoU=0.02
  Overlap detected: Fish 2 ↔ Fish 5 [frame 3201] IoU=0.01
  Overlap detected: Fish 3 ↔ Fish 4 [frame 3201] IoU=0.00
  Frozen during overlap [frame 3202]: Fish [1, 2, 3, 4, 5]
  Overlap detected: Fish 1 ↔ Fish 2 [frame 3202] IoU=0.02
  Overlap detected: Fish 2 ↔ Fish 5 [frame 3202] IoU=0.01
  Overlap detected: Fish 3 ↔ Fish 4 [frame 3202] IoU=0.00
  Frozen during overlap [frame 3203]: Fish [1, 2, 3, 4, 5]
  Overlap detected: Fish 1 ↔ Fish 2 [frame 3203] IoU=0.02
  Overlap detected: Fish 2 ↔ Fish 5 [frame 3203] IoU=0.01
  Overlap detected: Fish 3 ↔ Fish 4 [frame 3203] IoU=0.00
  Frozen during overlap [frame 3204]: Fish [1, 2, 3, 4, 5]
  Overlap detected: Fish 1 ↔ Fish 2 [frame 3204] IoU=0.02
  Overlap detected: Fish 2 ↔ Fish 5 [frame 3204] IoU=0.01
  Overlap detected: Fish 3 ↔ Fish 4 [frame 3204] IoU=0.00
  Frozen during overlap [frame 3205]: Fish [1, 2, 3, 4, 5]
  Overlap detected: Fish 1 ↔ Fish 2 [frame 3205] IoU=0.02
  Overlap detected: Fish 2 ↔ Fish 5 [frame 3205] IoU=0.01
  Overlap detected: Fish 3 ↔ Fish 4 [frame 3205] IoU=0.00
  Frozen during overlap [frame 3206]: Fish [1, 2, 3, 4, 5]
  Overlap detected: Fish 1 ↔ Fish 2 [frame 3206] IoU=0.02
  Overlap detected: Fish 2 ↔ Fish 5 [frame 3206] IoU=0.01
  Overlap detected: Fish 3 ↔ Fish 4 [frame 3206] IoU=0.00
  Frozen during overlap [frame 3207]: Fish [1, 2, 3, 4, 5]
  Overlap detected: Fish 1 ↔ Fish 2 [frame 3207] IoU=0.02
  Overlap detected: Fish 2 ↔ Fish 5 [frame 3207] IoU=0.01
  Overlap detected: Fish 3 ↔ Fish 4 [frame 3207] IoU=0.00
  Frozen during overlap [frame 3208]: Fish [1, 2, 3, 4, 5]
  Overlap detected: Fish 1 ↔ Fish 2 [frame 3208] IoU=0.02
  Overlap detected: Fish 2 ↔ Fish 5 [frame 3208] IoU=0.01
  Overlap detected: Fish 3 ↔ Fish 4 [frame 3208] IoU=0.00
  Frozen during overlap [frame 3209]: Fish [1, 2, 3, 4, 5]
  Overlap detected: Fish 1 ↔ Fish 2 [frame 3209] IoU=0.02
  Overlap detected: Fish 2 ↔ Fish 5 [frame 3209] IoU=0.01
  Overlap detected: Fish 3 ↔ Fish 4 [frame 3209] IoU=0.00
  Frozen during overlap [frame 3210]: Fish [1, 2, 3, 4, 5]
  Overlap detected: Fish 1 ↔ Fish 2 [frame 3210] IoU=0.02
  Overlap detected: Fish 2 ↔ Fish 5 [frame 3210] IoU=0.01
  Overlap detected: Fish 3 ↔ Fish 4 [frame 3210] IoU=0.00
  Frame 3210/3600 | second 53
  Frozen during overlap [frame 3211]: Fish [1, 2, 3, 4, 5]
  Overlap detected: Fish 1 ↔ Fish 2 [frame 3211] IoU=0.02
  Overlap detected: Fish 2 ↔ Fish 5 [frame 3211] IoU=0.01
  Overlap detected: Fish 3 ↔ Fish 4 [frame 3211] IoU=0.00
  Frozen during overlap [frame 3212]: Fish [1, 2, 3, 4, 5]
  Overlap detected: Fish 1 ↔ Fish 2 [frame 3212] IoU=0.02
  Overlap detected: Fish 2 ↔ Fish 5 [frame 3212] IoU=0.01
  Overlap detected: Fish 3 ↔ Fish 4 [frame 3212] IoU=0.00
  Frozen during overlap [frame 3213]: Fish [1, 2, 3, 4, 5]
  Overlap detected: Fish 1 ↔ Fish 2 [frame 3213] IoU=0.02
  Overlap detected: Fish 2 ↔ Fish 5 [frame 3213] IoU=0.01
  Overlap detected: Fish 3 ↔ Fish 4 [frame 3213] IoU=0.00
  Frozen during overlap [frame 3214]: Fish [1, 2, 3, 4, 5]
  Overlap detected: Fish 1 ↔ Fish 2 [frame 3214] IoU=0.02
  Overlap detected: Fish 2 ↔ Fish 5 [frame 3214] IoU=0.01
  Overlap detected: Fish 3 ↔ Fish 4 [frame 3214] IoU=0.00
  Frozen during overlap [frame 3215]: Fish [1, 2, 3, 4, 5]
  Overlap detected: Fish 1 ↔ Fish 2 [frame 3215] IoU=0.02
  Overlap detected: Fish 2 ↔ Fish 5 [frame 3215] IoU=0.01
  Overlap detected: Fish 3 ↔ Fish 4 [frame 3215] IoU=0.00
  Frozen during overlap [frame 3216]: Fish [1, 2, 3, 4, 5]
  Overlap detected: Fish 1 ↔ Fish 2 [frame 3216] IoU=0.02
  Overlap detected: Fish 2 ↔ Fish 5 [frame 3216] IoU=0.01
  Overlap detected: Fish 3 ↔ Fish 4 [frame 3216] IoU=0.00
  Frozen during overlap [frame 3217]: Fish [1, 2, 3, 4, 5]
  Overlap detected: Fish 1 ↔ Fish 2 [frame 3217] IoU=0.02
  Overlap detected: Fish 2 ↔ Fish 5 [frame 3217] IoU=0.01
  Overlap detected: Fish 3 ↔ Fish 4 [frame 3217] IoU=0.00
  Frozen during overlap [frame 3218]: Fish [1, 2, 3, 4, 5]
  Overlap detected: Fish 1 ↔ Fish 2 [frame 3218] IoU=0.02
  Overlap detected: Fish 2 ↔ Fish 5 [frame 3218] IoU=0.01
  Overlap detected: Fish 3 ↔ Fish 4 [frame 3218] IoU=0.00
  Frozen during overlap [frame 3219]: Fish [1, 2, 3, 4, 5]
  Overlap detected: Fish 1 ↔ Fish 2 [frame 3219] IoU=0.02
  Overlap detected: Fish 2 ↔ Fish 5 [frame 3219] IoU=0.01
  Overlap detected: Fish 3 ↔ Fish 4 [frame 3219] IoU=0.00
  Frozen during overlap [frame 3220]: Fish [1, 2, 3, 4, 5]
  Overlap detected: Fish 1 ↔ Fish 2 [frame 3220] IoU=0.02
  Overlap detected: Fish 2 ↔ Fish 5 [frame 3220] IoU=0.01
  Overlap detected: Fish 3 ↔ Fish 4 [frame 3220] IoU=0.00
  Frozen during overlap [frame 3221]: Fish [1, 2, 3, 4, 5]
  Overlap detected: Fish 1 ↔ Fish 2 [frame 3221] IoU=0.02
  Overlap detected: Fish 2 ↔ Fish 5 [frame 3221] IoU=0.01
  Overlap detected: Fish 3 ↔ Fish 4 [frame 3221] IoU=0.00
  Frozen during overlap [frame 3222]: Fish [1, 2, 3, 4, 5]
  Overlap detected: Fish 1 ↔ Fish 2 [frame 3222] IoU=0.02
  Overlap detected: Fish 2 ↔ Fish 5 [frame 3222] IoU=0.01
  Overlap detected: Fish 3 ↔ Fish 4 [frame 3222] IoU=0.00
  Frozen during overlap [frame 3223]: Fish [1, 2, 3, 4, 5]
  Overlap detected: Fish 1 ↔ Fish 2 [frame 3223] IoU=0.02
  Overlap detected: Fish 2 ↔ Fish 5 [frame 3223] IoU=0.01
  Overlap detected: Fish 3 ↔ Fish 4 [frame 3223] IoU=0.00
  Frozen during overlap [frame 3224]: Fish [1, 2, 3, 4, 5]
  Overlap detected: Fish 1 ↔ Fish 2 [frame 3224] IoU=0.02
  Overlap detected: Fish 2 ↔ Fish 5 [frame 3224] IoU=0.01
  Overlap detected: Fish 3 ↔ Fish 4 [frame 3224] IoU=0.00
  Frozen during overlap [frame 3225]: Fish [1, 2, 3, 4, 5]
  Overlap detected: Fish 1 ↔ Fish 2 [frame 3225] IoU=0.02
  Overlap detected: Fish 2 ↔ Fish 5 [frame 3225] IoU=0.01
  Overlap detected: Fish 3 ↔ Fish 4 [frame 3225] IoU=0.00
  Frozen during overlap [frame 3226]: Fish [1, 2, 3, 4, 5]
  Overlap detected: Fish 1 ↔ Fish 2 [frame 3226] IoU=0.02
  Overlap detected: Fish 2 ↔ Fish 5 [frame 3226] IoU=0.01
  Overlap detected: Fish 3 ↔ Fish 4 [frame 3226] IoU=0.00
  Frozen during overlap [frame 3227]: Fish [1, 2, 3, 4, 5]
  Overlap detected: Fish 1 ↔ Fish 2 [frame 3227] IoU=0.02
  Overlap detected: Fish 2 ↔ Fish 5 [frame 3227] IoU=0.01
  Overlap detected: Fish 3 ↔ Fish 4 [frame 3227] IoU=0.00
  Frozen during overlap [frame 3228]: Fish [1, 2, 3, 4, 5]
  Overlap detected: Fish 1 ↔ Fish 2 [frame 3228] IoU=0.02
  Overlap detected: Fish 2 ↔ Fish 5 [frame 3228] IoU=0.01
  Overlap detected: Fish 3 ↔ Fish 4 [frame 3228] IoU=0.00
  Frozen during overlap [frame 3229]: Fish [1, 2, 3, 4, 5]
  Overlap detected: Fish 1 ↔ Fish 2 [frame 3229] IoU=0.02
  Overlap detected: Fish 2 ↔ Fish 5 [frame 3229] IoU=0.01
  Overlap detected: Fish 3 ↔ Fish 4 [frame 3229] IoU=0.00
  Frozen during overlap [frame 3230]: Fish [1, 2, 3, 4, 5]
  Overlap detected: Fish 1 ↔ Fish 2 [frame 3230] IoU=0.02
  Overlap detected: Fish 2 ↔ Fish 5 [frame 3230] IoU=0.01
  Overlap detected: Fish 3 ↔ Fish 4 [frame 3230] IoU=0.00
  Frozen during overlap [frame 3231]: Fish [1, 2, 3, 4, 5]
  Overlap detected: Fish 1 ↔ Fish 2 [frame 3231] IoU=0.02
  Overlap detected: Fish 2 ↔ Fish 5 [frame 3231] IoU=0.01
  Overlap detected: Fish 3 ↔ Fish 4 [frame 3231] IoU=0.00
  Frozen during overlap [frame 3232]: Fish [1, 2, 3, 4, 5]
  Overlap detected: Fish 1 ↔ Fish 2 [frame 3232] IoU=0.02
  Overlap detected: Fish 2 ↔ Fish 5 [frame 3232] IoU=0.01
  Overlap detected: Fish 3 ↔ Fish 4 [frame 3232] IoU=0.00
  Frozen during overlap [frame 3233]: Fish [1, 2, 3, 4, 5]
  Overlap detected: Fish 1 ↔ Fish 2 [frame 3233] IoU=0.02
  Overlap detected: Fish 2 ↔ Fish 5 [frame 3233] IoU=0.01
  Overlap detected: Fish 3 ↔ Fish 4 [frame 3233] IoU=0.00
  Frozen during overlap [frame 3234]: Fish [1, 2, 3, 4, 5]
  Overlap detected: Fish 1 ↔ Fish 2 [frame 3234] IoU=0.02
  Overlap detected: Fish 2 ↔ Fish 5 [frame 3234] IoU=0.01
  Overlap detected: Fish 3 ↔ Fish 4 [frame 3234] IoU=0.00
  Frozen during overlap [frame 3235]: Fish [1, 2, 3, 4, 5]
  Overlap detected: Fish 1 ↔ Fish 2 [frame 3235] IoU=0.02
  Overlap detected: Fish 2 ↔ Fish 5 [frame 3235] IoU=0.01
  Overlap detected: Fish 3 ↔ Fish 4 [frame 3235] IoU=0.00
  Frozen during overlap [frame 3236]: Fish [1, 2, 3, 4, 5]
  Overlap detected: Fish 1 ↔ Fish 2 [frame 3236] IoU=0.02
  Overlap detected: Fish 2 ↔ Fish 5 [frame 3236] IoU=0.01
  Overlap detected: Fish 3 ↔ Fish 4 [frame 3236] IoU=0.00
  Frozen during overlap [frame 3237]: Fish [1, 2, 3, 4, 5]
  Overlap detected: Fish 1 ↔ Fish 2 [frame 3237] IoU=0.02
  Overlap detected: Fish 2 ↔ Fish 5 [frame 3237] IoU=0.01
  Overlap detected: Fish 3 ↔ Fish 4 [frame 3237] IoU=0.00
  Frozen during overlap [frame 3238]: Fish [1, 2, 3, 4, 5]
  Overlap detected: Fish 1 ↔ Fish 2 [frame 3238] IoU=0.02
  Overlap detected: Fish 2 ↔ Fish 5 [frame 3238] IoU=0.01
  Overlap detected: Fish 3 ↔ Fish 4 [frame 3238] IoU=0.00
  Frozen during overlap [frame 3239]: Fish [1, 2, 3, 4, 5]
  Overlap detected: Fish 1 ↔ Fish 2 [frame 3239] IoU=0.02
  Overlap detected: Fish 2 ↔ Fish 5 [frame 3239] IoU=0.01
  Overlap detected: Fish 3 ↔ Fish 4 [frame 3239] IoU=0.00
  Frozen during overlap [frame 3240]: Fish [1, 2, 3, 4, 5]
  Overlap detected: Fish 1 ↔ Fish 2 [frame 3240] IoU=0.02
  Overlap detected: Fish 2 ↔ Fish 5 [frame 3240] IoU=0.01
  Overlap detected: Fish 3 ↔ Fish 4 [frame 3240] IoU=0.00
  Frame 3240/3600 | second 54
  Frozen during overlap [frame 3241]: Fish [1, 2, 3, 4, 5]
  Overlap detected: Fish 1 ↔ Fish 2 [frame 3241] IoU=0.02
  Overlap detected: Fish 2 ↔ Fish 5 [frame 3241] IoU=0.01
  Overlap detected: Fish 3 ↔ Fish 4 [frame 3241] IoU=0.00
  Frozen during overlap [frame 3242]: Fish [1, 2, 3, 4, 5]
  Overlap detected: Fish 1 ↔ Fish 2 [frame 3242] IoU=0.02
  Overlap detected: Fish 2 ↔ Fish 5 [frame 3242] IoU=0.01
  Overlap detected: Fish 3 ↔ Fish 4 [frame 3242] IoU=0.00
  Frozen during overlap [frame 3243]: Fish [1, 2, 3, 4, 5]
  Overlap detected: Fish 1 ↔ Fish 2 [frame 3243] IoU=0.02
  Overlap detected: Fish 2 ↔ Fish 5 [frame 3243] IoU=0.01
  Overlap detected: Fish 3 ↔ Fish 4 [frame 3243] IoU=0.00
  Frozen during overlap [frame 3244]: Fish [1, 2, 3, 4, 5]
  Overlap detected: Fish 1 ↔ Fish 2 [frame 3244] IoU=0.02
  Overlap detected: Fish 2 ↔ Fish 5 [frame 3244] IoU=0.01
  Overlap detected: Fish 3 ↔ Fish 4 [frame 3244] IoU=0.00
  Frozen during overlap [frame 3245]: Fish [1, 2, 3, 4, 5]
  Overlap detected: Fish 1 ↔ Fish 2 [frame 3245] IoU=0.02
  Overlap detected: Fish 2 ↔ Fish 5 [frame 3245] IoU=0.01
  Overlap detected: Fish 3 ↔ Fish 4 [frame 3245] IoU=0.00
  Frozen during overlap [frame 3246]: Fish [1, 2, 3, 4, 5]
  Overlap detected: Fish 1 ↔ Fish 2 [frame 3246] IoU=0.02
  Overlap detected: Fish 2 ↔ Fish 5 [frame 3246] IoU=0.01
  Overlap detected: Fish 3 ↔ Fish 4 [frame 3246] IoU=0.00
  Frozen during overlap [frame 3247]: Fish [1, 2, 3, 4, 5]
  Overlap detected: Fish 1 ↔ Fish 2 [frame 3247] IoU=0.02
  Overlap detected: Fish 2 ↔ Fish 5 [frame 3247] IoU=0.01
  Overlap detected: Fish 3 ↔ Fish 4 [frame 3247] IoU=0.00
  Frozen during overlap [frame 3248]: Fish [1, 2, 3, 4, 5]
  Overlap detected: Fish 1 ↔ Fish 2 [frame 3248] IoU=0.02
  Overlap detected: Fish 2 ↔ Fish 5 [frame 3248] IoU=0.01
  Overlap detected: Fish 3 ↔ Fish 4 [frame 3248] IoU=0.00
  Frozen during overlap [frame 3249]: Fish [1, 2, 3, 4, 5]
  Overlap detected: Fish 1 ↔ Fish 2 [frame 3249] IoU=0.02
  Overlap detected: Fish 2 ↔ Fish 5 [frame 3249] IoU=0.01
  Overlap detected: Fish 3 ↔ Fish 4 [frame 3249] IoU=0.00
  Frozen during overlap [frame 3250]: Fish [1, 2, 3, 4, 5]
  Overlap detected: Fish 1 ↔ Fish 2 [frame 3250] IoU=0.02
  Overlap detected: Fish 2 ↔ Fish 5 [frame 3250] IoU=0.01
  Overlap detected: Fish 3 ↔ Fish 4 [frame 3250] IoU=0.00
  Frozen during overlap [frame 3251]: Fish [1, 2, 3, 4, 5]
  Overlap detected: Fish 1 ↔ Fish 2 [frame 3251] IoU=0.02
  Overlap detected: Fish 2 ↔ Fish 5 [frame 3251] IoU=0.01
  Overlap detected: Fish 3 ↔ Fish 4 [frame 3251] IoU=0.00
  Frozen during overlap [frame 3252]: Fish [1, 2, 3, 4, 5]
  Overlap detected: Fish 1 ↔ Fish 2 [frame 3252] IoU=0.02
  Overlap detected: Fish 2 ↔ Fish 5 [frame 3252] IoU=0.01
  Overlap detected: Fish 3 ↔ Fish 4 [frame 3252] IoU=0.00
  Frozen during overlap [frame 3253]: Fish [1, 2, 3, 4, 5]
  Overlap detected: Fish 1 ↔ Fish 2 [frame 3253] IoU=0.02
  Overlap detected: Fish 2 ↔ Fish 5 [frame 3253] IoU=0.01
  Overlap detected: Fish 3 ↔ Fish 4 [frame 3253] IoU=0.00
  Frozen during overlap [frame 3254]: Fish [1, 2, 3, 4, 5]
  Overlap detected: Fish 1 ↔ Fish 2 [frame 3254] IoU=0.02
  Overlap detected: Fish 2 ↔ Fish 5 [frame 3254] IoU=0.01
  Overlap detected: Fish 3 ↔ Fish 4 [frame 3254] IoU=0.00
  Frozen during overlap [frame 3255]: Fish [1, 2, 3, 4, 5]
  Overlap detected: Fish 1 ↔ Fish 2 [frame 3255] IoU=0.02
  Overlap detected: Fish 2 ↔ Fish 5 [frame 3255] IoU=0.01
  Overlap detected: Fish 3 ↔ Fish 4 [frame 3255] IoU=0.00
  Frozen during overlap [frame 3256]: Fish [1, 2, 3, 4, 5]
  Overlap detected: Fish 1 ↔ Fish 2 [frame 3256] IoU=0.02
  Overlap detected: Fish 2 ↔ Fish 5 [frame 3256] IoU=0.01
  Overlap detected: Fish 3 ↔ Fish 4 [frame 3256] IoU=0.00
  Frozen during overlap [frame 3257]: Fish [1, 2, 3, 4, 5]
  Overlap detected: Fish 1 ↔ Fish 2 [frame 3257] IoU=0.02
  Overlap detected: Fish 2 ↔ Fish 5 [frame 3257] IoU=0.01
  Overlap detected: Fish 3 ↔ Fish 4 [frame 3257] IoU=0.00
  Frozen during overlap [frame 3258]: Fish [1, 2, 3, 4, 5]
  Overlap detected: Fish 1 ↔ Fish 2 [frame 3258] IoU=0.02
  Overlap detected: Fish 2 ↔ Fish 5 [frame 3258] IoU=0.01
  Overlap detected: Fish 3 ↔ Fish 4 [frame 3258] IoU=0.00
  Frozen during overlap [frame 3259]: Fish [1, 2, 3, 4, 5]
  Overlap detected: Fish 1 ↔ Fish 2 [frame 3259] IoU=0.02
  Overlap detected: Fish 2 ↔ Fish 5 [frame 3259] IoU=0.01
  Overlap detected: Fish 3 ↔ Fish 4 [frame 3259] IoU=0.00
  Frozen during overlap [frame 3260]: Fish [1, 2, 3, 4, 5]
  Overlap detected: Fish 1 ↔ Fish 2 [frame 3260] IoU=0.02
  Overlap detected: Fish 2 ↔ Fish 5 [frame 3260] IoU=0.01
  Overlap detected: Fish 3 ↔ Fish 4 [frame 3260] IoU=0.00
  Frozen during overlap [frame 3261]: Fish [1, 2, 3, 4, 5]
  Overlap detected: Fish 1 ↔ Fish 2 [frame 3261] IoU=0.02
  Overlap detected: Fish 2 ↔ Fish 5 [frame 3261] IoU=0.01
  Overlap detected: Fish 3 ↔ Fish 4 [frame 3261] IoU=0.00
  Frozen during overlap [frame 3262]: Fish [1, 2, 3, 4, 5]
  Overlap detected: Fish 1 ↔ Fish 2 [frame 3262] IoU=0.02
  Overlap detected: Fish 2 ↔ Fish 5 [frame 3262] IoU=0.01
  Overlap detected: Fish 3 ↔ Fish 4 [frame 3262] IoU=0.00
  Frozen during overlap [frame 3263]: Fish [1, 2, 3, 4, 5]
  Overlap detected: Fish 1 ↔ Fish 2 [frame 3263] IoU=0.02
  Overlap detected: Fish 2 ↔ Fish 5 [frame 3263] IoU=0.01
  Overlap detected: Fish 3 ↔ Fish 4 [frame 3263] IoU=0.00
  Frozen during overlap [frame 3264]: Fish [1, 2, 3, 4, 5]
  Overlap detected: Fish 1 ↔ Fish 2 [frame 3264] IoU=0.02
  Overlap detected: Fish 2 ↔ Fish 5 [frame 3264] IoU=0.01
  Overlap detected: Fish 3 ↔ Fish 4 [frame 3264] IoU=0.00
  Frozen during overlap [frame 3265]: Fish [1, 2, 3, 4, 5]
  Overlap detected: Fish 1 ↔ Fish 2 [frame 3265] IoU=0.02
  Overlap detected: Fish 2 ↔ Fish 5 [frame 3265] IoU=0.01
  Overlap detected: Fish 3 ↔ Fish 4 [frame 3265] IoU=0.00
  Frozen during overlap [frame 3266]: Fish [1, 2, 3, 4, 5]
  Overlap detected: Fish 1 ↔ Fish 2 [frame 3266] IoU=0.02
  Overlap detected: Fish 2 ↔ Fish 5 [frame 3266] IoU=0.01
  Overlap detected: Fish 3 ↔ Fish 4 [frame 3266] IoU=0.00
  Frozen during overlap [frame 3267]: Fish [1, 2, 3, 4, 5]
  Overlap detected: Fish 1 ↔ Fish 2 [frame 3267] IoU=0.02
  Overlap detected: Fish 2 ↔ Fish 5 [frame 3267] IoU=0.01
  Overlap detected: Fish 3 ↔ Fish 4 [frame 3267] IoU=0.00
  Frozen during overlap [frame 3268]: Fish [1, 2, 3, 4, 5]
  Overlap detected: Fish 1 ↔ Fish 2 [frame 3268] IoU=0.02
  Overlap detected: Fish 2 ↔ Fish 5 [frame 3268] IoU=0.01
  Overlap detected: Fish 3 ↔ Fish 4 [frame 3268] IoU=0.00
  Frozen during overlap [frame 3269]: Fish [1, 2, 3, 4, 5]
  Overlap detected: Fish 1 ↔ Fish 2 [frame 3269] IoU=0.02
  Overlap detected: Fish 2 ↔ Fish 5 [frame 3269] IoU=0.01
  Overlap detected: Fish 3 ↔ Fish 4 [frame 3269] IoU=0.00
  Frozen during overlap [frame 3270]: Fish [1, 2, 3, 4, 5]
  Overlap detected: Fish 1 ↔ Fish 2 [frame 3270] IoU=0.02
  Overlap detected: Fish 2 ↔ Fish 5 [frame 3270] IoU=0.01
  Overlap detected: Fish 3 ↔ Fish 4 [frame 3270] IoU=0.00
  Frame 3270/3600 | second 54
  Frozen during overlap [frame 3271]: Fish [1, 2, 3, 4, 5]
  Overlap detected: Fish 1 ↔ Fish 2 [frame 3271] IoU=0.02
  Overlap detected: Fish 2 ↔ Fish 5 [frame 3271] IoU=0.01
  Overlap detected: Fish 3 ↔ Fish 4 [frame 3271] IoU=0.00
  Frozen during overlap [frame 3272]: Fish [1, 2, 3, 4, 5]
  Overlap detected: Fish 1 ↔ Fish 2 [frame 3272] IoU=0.02
  Overlap detected: Fish 2 ↔ Fish 5 [frame 3272] IoU=0.01
  Overlap detected: Fish 3 ↔ Fish 4 [frame 3272] IoU=0.00
  Frozen during overlap [frame 3273]: Fish [1, 2, 3, 4, 5]
  Overlap detected: Fish 1 ↔ Fish 2 [frame 3273] IoU=0.02
  Overlap detected: Fish 2 ↔ Fish 5 [frame 3273] IoU=0.01
  Overlap detected: Fish 3 ↔ Fish 4 [frame 3273] IoU=0.00
  Frozen during overlap [frame 3274]: Fish [1, 2, 3, 4, 5]
  Overlap detected: Fish 1 ↔ Fish 2 [frame 3274] IoU=0.02
  Overlap detected: Fish 2 ↔ Fish 5 [frame 3274] IoU=0.01
  Overlap detected: Fish 3 ↔ Fish 4 [frame 3274] IoU=0.00
  Frozen during overlap [frame 3275]: Fish [1, 2, 3, 4, 5]
  Overlap detected: Fish 1 ↔ Fish 2 [frame 3275] IoU=0.02
  Overlap detected: Fish 2 ↔ Fish 5 [frame 3275] IoU=0.01
  Overlap detected: Fish 3 ↔ Fish 4 [frame 3275] IoU=0.00
  Frozen during overlap [frame 3276]: Fish [1, 2, 3, 4, 5]
  Overlap detected: Fish 1 ↔ Fish 2 [frame 3276] IoU=0.02
  Overlap detected: Fish 2 ↔ Fish 5 [frame 3276] IoU=0.01
  Overlap detected: Fish 3 ↔ Fish 4 [frame 3276] IoU=0.00
  Frozen during overlap [frame 3277]: Fish [1, 2, 3, 4, 5]
  Overlap detected: Fish 1 ↔ Fish 2 [frame 3277] IoU=0.02
  Overlap detected: Fish 2 ↔ Fish 5 [frame 3277] IoU=0.01
  Overlap detected: Fish 3 ↔ Fish 4 [frame 3277] IoU=0.00
  Frozen during overlap [frame 3278]: Fish [1, 2, 3, 4, 5]
  Overlap detected: Fish 1 ↔ Fish 2 [frame 3278] IoU=0.02
  Overlap detected: Fish 2 ↔ Fish 5 [frame 3278] IoU=0.01
  Overlap detected: Fish 3 ↔ Fish 4 [frame 3278] IoU=0.00
  Frozen during overlap [frame 3279]: Fish [1, 2, 3, 4, 5]
  Overlap detected: Fish 1 ↔ Fish 2 [frame 3279] IoU=0.02
  Overlap detected: Fish 2 ↔ Fish 5 [frame 3279] IoU=0.01
  Overlap detected: Fish 3 ↔ Fish 4 [frame 3279] IoU=0.00
  Frozen during overlap [frame 3280]: Fish [1, 2, 3, 4, 5]
  Overlap detected: Fish 1 ↔ Fish 2 [frame 3280] IoU=0.02
  Overlap detected: Fish 2 ↔ Fish 5 [frame 3280] IoU=0.01
  Overlap detected: Fish 3 ↔ Fish 4 [frame 3280] IoU=0.00
  Frozen during overlap [frame 3281]: Fish [1, 2, 3, 4, 5]
  Overlap detected: Fish 1 ↔ Fish 2 [frame 3281] IoU=0.02
  Overlap detected: Fish 2 ↔ Fish 5 [frame 3281] IoU=0.01
  Overlap detected: Fish 3 ↔ Fish 4 [frame 3281] IoU=0.00
  Frozen during overlap [frame 3282]: Fish [1, 2, 3, 4, 5]
  Overlap detected: Fish 1 ↔ Fish 2 [frame 3282] IoU=0.02
  Overlap detected: Fish 2 ↔ Fish 5 [frame 3282] IoU=0.01
  Overlap detected: Fish 3 ↔ Fish 4 [frame 3282] IoU=0.00
  Frozen during overlap [frame 3283]: Fish [1, 2, 3, 4, 5]
  Overlap detected: Fish 1 ↔ Fish 2 [frame 3283] IoU=0.02
  Overlap detected: Fish 2 ↔ Fish 5 [frame 3283] IoU=0.01
  Overlap detected: Fish 3 ↔ Fish 4 [frame 3283] IoU=0.00
  Frozen during overlap [frame 3284]: Fish [1, 2, 3, 4, 5]
  Overlap detected: Fish 1 ↔ Fish 2 [frame 3284] IoU=0.02
  Overlap detected: Fish 2 ↔ Fish 5 [frame 3284] IoU=0.01
  Overlap detected: Fish 3 ↔ Fish 4 [frame 3284] IoU=0.00
  Frozen during overlap [frame 3285]: Fish [1, 2, 3, 4, 5]
  Overlap detected: Fish 1 ↔ Fish 2 [frame 3285] IoU=0.02
  Overlap detected: Fish 2 ↔ Fish 5 [frame 3285] IoU=0.01
  Overlap detected: Fish 3 ↔ Fish 4 [frame 3285] IoU=0.00
  Frozen during overlap [frame 3286]: Fish [1, 2, 3, 4, 5]
  Overlap detected: Fish 1 ↔ Fish 2 [frame 3286] IoU=0.02
  Overlap detected: Fish 2 ↔ Fish 5 [frame 3286] IoU=0.01
  Overlap detected: Fish 3 ↔ Fish 4 [frame 3286] IoU=0.00
  Frozen during overlap [frame 3287]: Fish [1, 2, 3, 4, 5]
  Overlap detected: Fish 1 ↔ Fish 2 [frame 3287] IoU=0.02
  Overlap detected: Fish 2 ↔ Fish 5 [frame 3287] IoU=0.01
  Overlap detected: Fish 3 ↔ Fish 4 [frame 3287] IoU=0.00
  Frozen during overlap [frame 3288]: Fish [1, 2, 3, 4, 5]
  Overlap detected: Fish 1 ↔ Fish 2 [frame 3288] IoU=0.02
  Overlap detected: Fish 2 ↔ Fish 5 [frame 3288] IoU=0.01
  Overlap detected: Fish 3 ↔ Fish 4 [frame 3288] IoU=0.00
  Frozen during overlap [frame 3289]: Fish [1, 2, 3, 4, 5]
  Overlap detected: Fish 1 ↔ Fish 2 [frame 3289] IoU=0.02
  Overlap detected: Fish 2 ↔ Fish 5 [frame 3289] IoU=0.01
  Overlap detected: Fish 3 ↔ Fish 4 [frame 3289] IoU=0.00
  Frozen during overlap [frame 3290]: Fish [1, 2, 3, 4, 5]
  Overlap detected: Fish 1 ↔ Fish 2 [frame 3290] IoU=0.02
  Overlap detected: Fish 2 ↔ Fish 5 [frame 3290] IoU=0.01
  Overlap detected: Fish 3 ↔ Fish 4 [frame 3290] IoU=0.00
  Frozen during overlap [frame 3291]: Fish [1, 2, 3, 4, 5]
  Overlap detected: Fish 1 ↔ Fish 2 [frame 3291] IoU=0.02
  Overlap detected: Fish 2 ↔ Fish 5 [frame 3291] IoU=0.01
  Overlap detected: Fish 3 ↔ Fish 4 [frame 3291] IoU=0.00
  Frozen during overlap [frame 3292]: Fish [1, 2, 3, 4, 5]
  Overlap detected: Fish 1 ↔ Fish 2 [frame 3292] IoU=0.02
  Overlap detected: Fish 2 ↔ Fish 5 [frame 3292] IoU=0.01
  Overlap detected: Fish 3 ↔ Fish 4 [frame 3292] IoU=0.00
  Frozen during overlap [frame 3293]: Fish [1, 2, 3, 4, 5]
  Overlap detected: Fish 1 ↔ Fish 2 [frame 3293] IoU=0.02
  Overlap detected: Fish 2 ↔ Fish 5 [frame 3293] IoU=0.01
  Overlap detected: Fish 3 ↔ Fish 4 [frame 3293] IoU=0.00
  Frozen during overlap [frame 3294]: Fish [1, 2, 3, 4, 5]
  Overlap detected: Fish 1 ↔ Fish 2 [frame 3294] IoU=0.02
  Overlap detected: Fish 2 ↔ Fish 5 [frame 3294] IoU=0.01
  Overlap detected: Fish 3 ↔ Fish 4 [frame 3294] IoU=0.00
  Frozen during overlap [frame 3295]: Fish [1, 2, 3, 4, 5]
  Overlap detected: Fish 1 ↔ Fish 2 [frame 3295] IoU=0.02
  Overlap detected: Fish 2 ↔ Fish 5 [frame 3295] IoU=0.01
  Overlap detected: Fish 3 ↔ Fish 4 [frame 3295] IoU=0.00
  Frozen during overlap [frame 3296]: Fish [1, 2, 3, 4, 5]
  Overlap detected: Fish 1 ↔ Fish 2 [frame 3296] IoU=0.02
  Overlap detected: Fish 2 ↔ Fish 5 [frame 3296] IoU=0.01
  Overlap detected: Fish 3 ↔ Fish 4 [frame 3296] IoU=0.00
  Frozen during overlap [frame 3297]: Fish [1, 2, 3, 4, 5]
  Overlap detected: Fish 1 ↔ Fish 2 [frame 3297] IoU=0.02
  Overlap detected: Fish 2 ↔ Fish 5 [frame 3297] IoU=0.01
  Overlap detected: Fish 3 ↔ Fish 4 [frame 3297] IoU=0.00
  Frozen during overlap [frame 3298]: Fish [1, 2, 3, 4, 5]
  Overlap detected: Fish 1 ↔ Fish 2 [frame 3298] IoU=0.02
  Overlap detected: Fish 2 ↔ Fish 5 [frame 3298] IoU=0.01
  Overlap detected: Fish 3 ↔ Fish 4 [frame 3298] IoU=0.00
  Frozen during overlap [frame 3299]: Fish [1, 2, 3, 4, 5]
  Overlap detected: Fish 1 ↔ Fish 2 [frame 3299] IoU=0.02
  Overlap detected: Fish 2 ↔ Fish 5 [frame 3299] IoU=0.01
  Overlap detected: Fish 3 ↔ Fish 4 [frame 3299] IoU=0.00
  Frozen during overlap [frame 3300]: Fish [1, 2, 3, 4, 5]
  Overlap detected: Fish 1 ↔ Fish 2 [frame 3300] IoU=0.02
  Overlap detected: Fish 2 ↔ Fish 5 [frame 3300] IoU=0.01
  Overlap detected: Fish 3 ↔ Fish 4 [frame 3300] IoU=0.00
  Frame 3300/3600 | second 55
  Frozen during overlap [frame 3301]: Fish [1, 2, 3, 4, 5]
  Overlap detected: Fish 1 ↔ Fish 2 [frame 3301] IoU=0.02
  Overlap detected: Fish 2 ↔ Fish 5 [frame 3301] IoU=0.01
  Overlap detected: Fish 3 ↔ Fish 4 [frame 3301] IoU=0.00
  Frozen during overlap [frame 3302]: Fish [1, 2, 3, 4, 5]
  Overlap detected: Fish 1 ↔ Fish 2 [frame 3302] IoU=0.02
  Overlap detected: Fish 2 ↔ Fish 5 [frame 3302] IoU=0.01
  Overlap detected: Fish 3 ↔ Fish 4 [frame 3302] IoU=0.00
  Frozen during overlap [frame 3303]: Fish [1, 2, 3, 4, 5]
  Overlap detected: Fish 1 ↔ Fish 2 [frame 3303] IoU=0.02
  Overlap detected: Fish 2 ↔ Fish 5 [frame 3303] IoU=0.01
  Overlap detected: Fish 3 ↔ Fish 4 [frame 3303] IoU=0.00
  Frozen during overlap [frame 3304]: Fish [1, 2, 3, 4, 5]
  Overlap detected: Fish 1 ↔ Fish 2 [frame 3304] IoU=0.02
  Overlap detected: Fish 2 ↔ Fish 5 [frame 3304] IoU=0.01
  Overlap detected: Fish 3 ↔ Fish 4 [frame 3304] IoU=0.00
  Frozen during overlap [frame 3305]: Fish [1, 2, 3, 4, 5]
  Overlap detected: Fish 1 ↔ Fish 2 [frame 3305] IoU=0.02
  Overlap detected: Fish 2 ↔ Fish 5 [frame 3305] IoU=0.01
  Overlap detected: Fish 3 ↔ Fish 4 [frame 3305] IoU=0.00
  Frozen during overlap [frame 3306]: Fish [1, 2, 3, 4, 5]
  Overlap detected: Fish 1 ↔ Fish 2 [frame 3306] IoU=0.02
  Overlap detected: Fish 2 ↔ Fish 5 [frame 3306] IoU=0.01
  Overlap detected: Fish 3 ↔ Fish 4 [frame 3306] IoU=0.00
  Frozen during overlap [frame 3307]: Fish [1, 2, 3, 4, 5]
  Overlap detected: Fish 1 ↔ Fish 2 [frame 3307] IoU=0.02
  Overlap detected: Fish 2 ↔ Fish 5 [frame 3307] IoU=0.01
  Overlap detected: Fish 3 ↔ Fish 4 [frame 3307] IoU=0.00
  Frozen during overlap [frame 3308]: Fish [1, 2, 3, 4, 5]
  Overlap detected: Fish 1 ↔ Fish 2 [frame 3308] IoU=0.02
  Overlap detected: Fish 2 ↔ Fish 5 [frame 3308] IoU=0.01
  Overlap detected: Fish 3 ↔ Fish 4 [frame 3308] IoU=0.00
  Frozen during overlap [frame 3309]: Fish [1, 2, 3, 4, 5]
  Overlap detected: Fish 1 ↔ Fish 2 [frame 3309] IoU=0.02
  Overlap detected: Fish 2 ↔ Fish 5 [frame 3309] IoU=0.01
  Overlap detected: Fish 3 ↔ Fish 4 [frame 3309] IoU=0.00
  Frozen during overlap [frame 3310]: Fish [1, 2, 3, 4, 5]
  Overlap detected: Fish 1 ↔ Fish 2 [frame 3310] IoU=0.02
  Overlap detected: Fish 2 ↔ Fish 5 [frame 3310] IoU=0.01
  Overlap detected: Fish 3 ↔ Fish 4 [frame 3310] IoU=0.00
  Frozen during overlap [frame 3311]: Fish [1, 2, 3, 4, 5]
  Overlap detected: Fish 1 ↔ Fish 2 [frame 3311] IoU=0.02
  Overlap detected: Fish 2 ↔ Fish 5 [frame 3311] IoU=0.01
  Overlap detected: Fish 3 ↔ Fish 4 [frame 3311] IoU=0.00
  Frozen during overlap [frame 3312]: Fish [1, 2, 3, 4, 5]
  Overlap detected: Fish 1 ↔ Fish 2 [frame 3312] IoU=0.02
  Overlap detected: Fish 2 ↔ Fish 5 [frame 3312] IoU=0.01
  Overlap detected: Fish 3 ↔ Fish 4 [frame 3312] IoU=0.00
  Frozen during overlap [frame 3313]: Fish [1, 2, 3, 4, 5]
  Overlap detected: Fish 1 ↔ Fish 2 [frame 3313] IoU=0.02
  Overlap detected: Fish 2 ↔ Fish 5 [frame 3313] IoU=0.01
  Overlap detected: Fish 3 ↔ Fish 4 [frame 3313] IoU=0.00
  Frozen during overlap [frame 3314]: Fish [1, 2, 3, 4, 5]
  Overlap detected: Fish 1 ↔ Fish 2 [frame 3314] IoU=0.02
  Overlap detected: Fish 2 ↔ Fish 5 [frame 3314] IoU=0.01
  Overlap detected: Fish 3 ↔ Fish 4 [frame 3314] IoU=0.00
  Frozen during overlap [frame 3315]: Fish [1, 2, 3, 4, 5]
  Overlap detected: Fish 1 ↔ Fish 2 [frame 3315] IoU=0.02
  Overlap detected: Fish 2 ↔ Fish 5 [frame 3315] IoU=0.01
  Overlap detected: Fish 3 ↔ Fish 4 [frame 3315] IoU=0.00
  Frozen during overlap [frame 3316]: Fish [1, 2, 3, 4, 5]
  Overlap detected: Fish 1 ↔ Fish 2 [frame 3316] IoU=0.02
  Overlap detected: Fish 2 ↔ Fish 5 [frame 3316] IoU=0.01
  Overlap detected: Fish 3 ↔ Fish 4 [frame 3316] IoU=0.00
  Frozen during overlap [frame 3317]: Fish [1, 2, 3, 4, 5]
  Overlap detected: Fish 1 ↔ Fish 2 [frame 3317] IoU=0.02
  Overlap detected: Fish 2 ↔ Fish 5 [frame 3317] IoU=0.01
  Overlap detected: Fish 3 ↔ Fish 4 [frame 3317] IoU=0.00
  Frozen during overlap [frame 3318]: Fish [1, 2, 3, 4, 5]
  Overlap detected: Fish 1 ↔ Fish 2 [frame 3318] IoU=0.02
  Overlap detected: Fish 2 ↔ Fish 5 [frame 3318] IoU=0.01
  Overlap detected: Fish 3 ↔ Fish 4 [frame 3318] IoU=0.00
  Frozen during overlap [frame 3319]: Fish [1, 2, 3, 4, 5]
  Overlap detected: Fish 1 ↔ Fish 2 [frame 3319] IoU=0.02
  Overlap detected: Fish 2 ↔ Fish 5 [frame 3319] IoU=0.01
  Overlap detected: Fish 3 ↔ Fish 4 [frame 3319] IoU=0.00
  Frozen during overlap [frame 3320]: Fish [1, 2, 3, 4, 5]
  Overlap detected: Fish 1 ↔ Fish 2 [frame 3320] IoU=0.02
  Overlap detected: Fish 2 ↔ Fish 5 [frame 3320] IoU=0.01
  Overlap detected: Fish 3 ↔ Fish 4 [frame 3320] IoU=0.00
  Frozen during overlap [frame 3321]: Fish [1, 2, 3, 4, 5]
  Overlap detected: Fish 1 ↔ Fish 2 [frame 3321] IoU=0.02
  Overlap detected: Fish 2 ↔ Fish 5 [frame 3321] IoU=0.01
  Overlap detected: Fish 3 ↔ Fish 4 [frame 3321] IoU=0.00
  Frozen during overlap [frame 3322]: Fish [1, 2, 3, 4, 5]
  Overlap detected: Fish 1 ↔ Fish 2 [frame 3322] IoU=0.02
  Overlap detected: Fish 2 ↔ Fish 5 [frame 3322] IoU=0.01
  Overlap detected: Fish 3 ↔ Fish 4 [frame 3322] IoU=0.00
  Frozen during overlap [frame 3323]: Fish [1, 2, 3, 4, 5]
  Overlap detected: Fish 1 ↔ Fish 2 [frame 3323] IoU=0.02
  Overlap detected: Fish 2 ↔ Fish 5 [frame 3323] IoU=0.01
  Overlap detected: Fish 3 ↔ Fish 4 [frame 3323] IoU=0.00
  Frozen during overlap [frame 3324]: Fish [1, 2, 3, 4, 5]
  Overlap detected: Fish 1 ↔ Fish 2 [frame 3324] IoU=0.02
  Overlap detected: Fish 2 ↔ Fish 5 [frame 3324] IoU=0.01
  Overlap detected: Fish 3 ↔ Fish 4 [frame 3324] IoU=0.00
  Frozen during overlap [frame 3325]: Fish [1, 2, 3, 4, 5]
  Overlap detected: Fish 1 ↔ Fish 2 [frame 3325] IoU=0.02
  Overlap detected: Fish 2 ↔ Fish 5 [frame 3325] IoU=0.01
  Overlap detected: Fish 3 ↔ Fish 4 [frame 3325] IoU=0.00
  Frozen during overlap [frame 3326]: Fish [1, 2, 3, 4, 5]
  Overlap detected: Fish 1 ↔ Fish 2 [frame 3326] IoU=0.02
  Overlap detected: Fish 2 ↔ Fish 5 [frame 3326] IoU=0.01
  Overlap detected: Fish 3 ↔ Fish 4 [frame 3326] IoU=0.00
  Frozen during overlap [frame 3327]: Fish [1, 2, 3, 4, 5]
  Overlap detected: Fish 1 ↔ Fish 2 [frame 3327] IoU=0.02
  Overlap detected: Fish 2 ↔ Fish 5 [frame 3327] IoU=0.01
  Overlap detected: Fish 3 ↔ Fish 4 [frame 3327] IoU=0.00
  Frozen during overlap [frame 3328]: Fish [1, 2, 3, 4, 5]
  Overlap detected: Fish 1 ↔ Fish 2 [frame 3328] IoU=0.02
  Overlap detected: Fish 2 ↔ Fish 5 [frame 3328] IoU=0.01
  Overlap detected: Fish 3 ↔ Fish 4 [frame 3328] IoU=0.00
  Frozen during overlap [frame 3329]: Fish [1, 2, 3, 4, 5]
  Overlap detected: Fish 1 ↔ Fish 2 [frame 3329] IoU=0.02
  Overlap detected: Fish 2 ↔ Fish 5 [frame 3329] IoU=0.01
  Overlap detected: Fish 3 ↔ Fish 4 [frame 3329] IoU=0.00
  Frozen during overlap [frame 3330]: Fish [1, 2, 3, 4, 5]
  Overlap detected: Fish 1 ↔ Fish 2 [frame 3330] IoU=0.02
  Overlap detected: Fish 2 ↔ Fish 5 [frame 3330] IoU=0.01
  Overlap detected: Fish 3 ↔ Fish 4 [frame 3330] IoU=0.00
  Frame 3330/3600 | second 55
  Frozen during overlap [frame 3331]: Fish [1, 2, 3, 4, 5]
  Overlap detected: Fish 1 ↔ Fish 2 [frame 3331] IoU=0.02
  Overlap detected: Fish 2 ↔ Fish 5 [frame 3331] IoU=0.01
  Overlap detected: Fish 3 ↔ Fish 4 [frame 3331] IoU=0.00
  Frozen during overlap [frame 3332]: Fish [1, 2, 3, 4, 5]
  Overlap detected: Fish 1 ↔ Fish 2 [frame 3332] IoU=0.02
  Overlap detected: Fish 2 ↔ Fish 5 [frame 3332] IoU=0.01
  Overlap detected: Fish 3 ↔ Fish 4 [frame 3332] IoU=0.00
  Frozen during overlap [frame 3333]: Fish [1, 2, 3, 4, 5]
  Overlap detected: Fish 1 ↔ Fish 2 [frame 3333] IoU=0.02
  Overlap detected: Fish 2 ↔ Fish 5 [frame 3333] IoU=0.01
  Overlap detected: Fish 3 ↔ Fish 4 [frame 3333] IoU=0.00
  Frozen during overlap [frame 3334]: Fish [1, 2, 3, 4, 5]
  Overlap detected: Fish 1 ↔ Fish 2 [frame 3334] IoU=0.02
  Overlap detected: Fish 2 ↔ Fish 5 [frame 3334] IoU=0.01
  Overlap detected: Fish 3 ↔ Fish 4 [frame 3334] IoU=0.00
  Frozen during overlap [frame 3335]: Fish [1, 2, 3, 4, 5]
  Overlap detected: Fish 1 ↔ Fish 2 [frame 3335] IoU=0.02
  Overlap detected: Fish 2 ↔ Fish 5 [frame 3335] IoU=0.01
  Overlap detected: Fish 3 ↔ Fish 4 [frame 3335] IoU=0.00
  Frozen during overlap [frame 3336]: Fish [1, 2, 3, 4, 5]
  Overlap detected: Fish 1 ↔ Fish 2 [frame 3336] IoU=0.02
  Overlap detected: Fish 2 ↔ Fish 5 [frame 3336] IoU=0.01
  Overlap detected: Fish 3 ↔ Fish 4 [frame 3336] IoU=0.00
  Frozen during overlap [frame 3337]: Fish [1, 2, 3, 4, 5]
  Overlap detected: Fish 1 ↔ Fish 2 [frame 3337] IoU=0.02
  Overlap detected: Fish 2 ↔ Fish 5 [frame 3337] IoU=0.01
  Overlap detected: Fish 3 ↔ Fish 4 [frame 3337] IoU=0.00
  Frozen during overlap [frame 3338]: Fish [1, 2, 3, 4, 5]
  Overlap detected: Fish 1 ↔ Fish 2 [frame 3338] IoU=0.02
  Overlap detected: Fish 2 ↔ Fish 5 [frame 3338] IoU=0.01
  Overlap detected: Fish 3 ↔ Fish 4 [frame 3338] IoU=0.00
  Frozen during overlap [frame 3339]: Fish [1, 2, 3, 4, 5]
  Overlap detected: Fish 1 ↔ Fish 2 [frame 3339] IoU=0.02
  Overlap detected: Fish 2 ↔ Fish 5 [frame 3339] IoU=0.01
  Overlap detected: Fish 3 ↔ Fish 4 [frame 3339] IoU=0.00
  Frozen during overlap [frame 3340]: Fish [1, 2, 3, 4, 5]
  Overlap detected: Fish 1 ↔ Fish 2 [frame 3340] IoU=0.02
  Overlap detected: Fish 2 ↔ Fish 5 [frame 3340] IoU=0.01
  Overlap detected: Fish 3 ↔ Fish 4 [frame 3340] IoU=0.00
  Frozen during overlap [frame 3341]: Fish [1, 2, 3, 4, 5]
  Overlap detected: Fish 1 ↔ Fish 2 [frame 3341] IoU=0.02
  Overlap detected: Fish 2 ↔ Fish 5 [frame 3341] IoU=0.01
  Overlap detected: Fish 3 ↔ Fish 4 [frame 3341] IoU=0.00
  Frozen during overlap [frame 3342]: Fish [1, 2, 3, 4, 5]
  Overlap detected: Fish 1 ↔ Fish 2 [frame 3342] IoU=0.02
  Overlap detected: Fish 2 ↔ Fish 5 [frame 3342] IoU=0.01
  Overlap detected: Fish 3 ↔ Fish 4 [frame 3342] IoU=0.00
  Frozen during overlap [frame 3343]: Fish [1, 2, 3, 4, 5]
  Overlap detected: Fish 1 ↔ Fish 2 [frame 3343] IoU=0.02
  Overlap detected: Fish 2 ↔ Fish 5 [frame 3343] IoU=0.01
  Overlap detected: Fish 3 ↔ Fish 4 [frame 3343] IoU=0.00
  Frozen during overlap [frame 3344]: Fish [1, 2, 3, 4, 5]
  Overlap detected: Fish 1 ↔ Fish 2 [frame 3344] IoU=0.02
  Overlap detected: Fish 2 ↔ Fish 5 [frame 3344] IoU=0.01
  Overlap detected: Fish 3 ↔ Fish 4 [frame 3344] IoU=0.00
  Frozen during overlap [frame 3345]: Fish [1, 2, 3, 4, 5]
  Overlap detected: Fish 1 ↔ Fish 2 [frame 3345] IoU=0.02
  Overlap detected: Fish 2 ↔ Fish 5 [frame 3345] IoU=0.01
  Overlap detected: Fish 3 ↔ Fish 4 [frame 3345] IoU=0.00
  Frozen during overlap [frame 3346]: Fish [1, 2, 3, 4, 5]
  Overlap detected: Fish 1 ↔ Fish 2 [frame 3346] IoU=0.02
  Overlap detected: Fish 2 ↔ Fish 5 [frame 3346] IoU=0.01
  Overlap detected: Fish 3 ↔ Fish 4 [frame 3346] IoU=0.00
  Frozen during overlap [frame 3347]: Fish [1, 2, 3, 4, 5]
  Overlap detected: Fish 1 ↔ Fish 2 [frame 3347] IoU=0.02
  Overlap detected: Fish 2 ↔ Fish 5 [frame 3347] IoU=0.01
  Overlap detected: Fish 3 ↔ Fish 4 [frame 3347] IoU=0.00
  Frozen during overlap [frame 3348]: Fish [1, 2, 3, 4, 5]
  Overlap detected: Fish 1 ↔ Fish 2 [frame 3348] IoU=0.02
  Overlap detected: Fish 2 ↔ Fish 5 [frame 3348] IoU=0.01
  Overlap detected: Fish 3 ↔ Fish 4 [frame 3348] IoU=0.00
  Frozen during overlap [frame 3349]: Fish [1, 2, 3, 4, 5]
  Overlap detected: Fish 1 ↔ Fish 2 [frame 3349] IoU=0.02
  Overlap detected: Fish 2 ↔ Fish 5 [frame 3349] IoU=0.01
  Overlap detected: Fish 3 ↔ Fish 4 [frame 3349] IoU=0.00
  Frozen during overlap [frame 3350]: Fish [1, 2, 3, 4, 5]
  Overlap detected: Fish 1 ↔ Fish 2 [frame 3350] IoU=0.02
  Overlap detected: Fish 2 ↔ Fish 5 [frame 3350] IoU=0.01
  Overlap detected: Fish 3 ↔ Fish 4 [frame 3350] IoU=0.00
  Frozen during overlap [frame 3351]: Fish [1, 2, 3, 4, 5]
  Overlap detected: Fish 1 ↔ Fish 2 [frame 3351] IoU=0.02
  Overlap detected: Fish 2 ↔ Fish 5 [frame 3351] IoU=0.01
  Overlap detected: Fish 3 ↔ Fish 4 [frame 3351] IoU=0.00
  Frozen during overlap [frame 3352]: Fish [1, 2, 3, 4, 5]
  Overlap detected: Fish 1 ↔ Fish 2 [frame 3352] IoU=0.02
  Overlap detected: Fish 2 ↔ Fish 5 [frame 3352] IoU=0.01
  Overlap detected: Fish 3 ↔ Fish 4 [frame 3352] IoU=0.00
  Frozen during overlap [frame 3353]: Fish [1, 2, 3, 4, 5]
  Overlap detected: Fish 1 ↔ Fish 2 [frame 3353] IoU=0.02
  Overlap detected: Fish 2 ↔ Fish 5 [frame 3353] IoU=0.01
  Overlap detected: Fish 3 ↔ Fish 4 [frame 3353] IoU=0.00
  Frozen during overlap [frame 3354]: Fish [1, 2, 3, 4, 5]
  Overlap detected: Fish 1 ↔ Fish 2 [frame 3354] IoU=0.02
  Overlap detected: Fish 2 ↔ Fish 5 [frame 3354] IoU=0.01
  Overlap detected: Fish 3 ↔ Fish 4 [frame 3354] IoU=0.00
  Frozen during overlap [frame 3355]: Fish [1, 2, 3, 4, 5]
  Overlap detected: Fish 1 ↔ Fish 2 [frame 3355] IoU=0.02
  Overlap detected: Fish 2 ↔ Fish 5 [frame 3355] IoU=0.01
  Overlap detected: Fish 3 ↔ Fish 4 [frame 3355] IoU=0.00
  Frozen during overlap [frame 3356]: Fish [1, 2, 3, 4, 5]
  Overlap detected: Fish 1 ↔ Fish 2 [frame 3356] IoU=0.02
  Overlap detected: Fish 2 ↔ Fish 5 [frame 3356] IoU=0.01
  Overlap detected: Fish 3 ↔ Fish 4 [frame 3356] IoU=0.00
  Frozen during overlap [frame 3357]: Fish [1, 2, 3, 4, 5]
  Overlap detected: Fish 1 ↔ Fish 2 [frame 3357] IoU=0.02
  Overlap detected: Fish 2 ↔ Fish 5 [frame 3357] IoU=0.01
  Overlap detected: Fish 3 ↔ Fish 4 [frame 3357] IoU=0.00
  Frozen during overlap [frame 3358]: Fish [1, 2, 3, 4, 5]
  Overlap detected: Fish 1 ↔ Fish 2 [frame 3358] IoU=0.02
  Overlap detected: Fish 2 ↔ Fish 5 [frame 3358] IoU=0.01
  Overlap detected: Fish 3 ↔ Fish 4 [frame 3358] IoU=0.00
  Frozen during overlap [frame 3359]: Fish [1, 2, 3, 4, 5]
  Overlap detected: Fish 1 ↔ Fish 2 [frame 3359] IoU=0.02
  Overlap detected: Fish 2 ↔ Fish 5 [frame 3359] IoU=0.01
  Overlap detected: Fish 3 ↔ Fish 4 [frame 3359] IoU=0.00
  Frozen during overlap [frame 3360]: Fish [1, 2, 3, 4, 5]
  Overlap detected: Fish 1 ↔ Fish 2 [frame 3360] IoU=0.02
  Overlap detected: Fish 2 ↔ Fish 5 [frame 3360] IoU=0.01
  Overlap detected: Fish 3 ↔ Fish 4 [frame 3360] IoU=0.00
  Frame 3360/3600 | second 56
  Frozen during overlap [frame 3361]: Fish [1, 2, 3, 4, 5]
  Overlap detected: Fish 1 ↔ Fish 2 [frame 3361] IoU=0.02
  Overlap detected: Fish 2 ↔ Fish 5 [frame 3361] IoU=0.01
  Overlap detected: Fish 3 ↔ Fish 4 [frame 3361] IoU=0.00
  Frozen during overlap [frame 3362]: Fish [1, 2, 3, 4, 5]
  Overlap detected: Fish 1 ↔ Fish 2 [frame 3362] IoU=0.02
  Overlap detected: Fish 2 ↔ Fish 5 [frame 3362] IoU=0.01
  Overlap detected: Fish 3 ↔ Fish 4 [frame 3362] IoU=0.00
  Frozen during overlap [frame 3363]: Fish [1, 2, 3, 4, 5]
  Overlap detected: Fish 1 ↔ Fish 2 [frame 3363] IoU=0.02
  Overlap detected: Fish 2 ↔ Fish 5 [frame 3363] IoU=0.01
  Overlap detected: Fish 3 ↔ Fish 4 [frame 3363] IoU=0.00
  Frozen during overlap [frame 3364]: Fish [1, 2, 3, 4, 5]
  Overlap detected: Fish 1 ↔ Fish 2 [frame 3364] IoU=0.02
  Overlap detected: Fish 2 ↔ Fish 5 [frame 3364] IoU=0.01
  Overlap detected: Fish 3 ↔ Fish 4 [frame 3364] IoU=0.00
  Frozen during overlap [frame 3365]: Fish [1, 2, 3, 4, 5]
  Overlap detected: Fish 1 ↔ Fish 2 [frame 3365] IoU=0.02
  Overlap detected: Fish 2 ↔ Fish 5 [frame 3365] IoU=0.01
  Overlap detected: Fish 3 ↔ Fish 4 [frame 3365] IoU=0.00
  Frozen during overlap [frame 3366]: Fish [1, 2, 3, 4, 5]
  Overlap detected: Fish 1 ↔ Fish 2 [frame 3366] IoU=0.02
  Overlap detected: Fish 2 ↔ Fish 5 [frame 3366] IoU=0.01
  Overlap detected: Fish 3 ↔ Fish 4 [frame 3366] IoU=0.00
  Frozen during overlap [frame 3367]: Fish [1, 2, 3, 4, 5]
  Overlap detected: Fish 1 ↔ Fish 2 [frame 3367] IoU=0.02
  Overlap detected: Fish 2 ↔ Fish 5 [frame 3367] IoU=0.01
  Overlap detected: Fish 3 ↔ Fish 4 [frame 3367] IoU=0.00
  Frozen during overlap [frame 3368]: Fish [1, 2, 3, 4, 5]
  Overlap detected: Fish 1 ↔ Fish 2 [frame 3368] IoU=0.02
  Overlap detected: Fish 2 ↔ Fish 5 [frame 3368] IoU=0.01
  Overlap detected: Fish 3 ↔ Fish 4 [frame 3368] IoU=0.00
  Frozen during overlap [frame 3369]: Fish [1, 2, 3, 4, 5]
  Overlap detected: Fish 1 ↔ Fish 2 [frame 3369] IoU=0.02
  Overlap detected: Fish 2 ↔ Fish 5 [frame 3369] IoU=0.01
  Overlap detected: Fish 3 ↔ Fish 4 [frame 3369] IoU=0.00
  Frozen during overlap [frame 3370]: Fish [1, 2, 3, 4, 5]
  Overlap detected: Fish 1 ↔ Fish 2 [frame 3370] IoU=0.02
  Overlap detected: Fish 2 ↔ Fish 5 [frame 3370] IoU=0.01
  Overlap detected: Fish 3 ↔ Fish 4 [frame 3370] IoU=0.00
  Frozen during overlap [frame 3371]: Fish [1, 2, 3, 4, 5]
  Overlap detected: Fish 1 ↔ Fish 2 [frame 3371] IoU=0.02
  Overlap detected: Fish 2 ↔ Fish 5 [frame 3371] IoU=0.01
  Overlap detected: Fish 3 ↔ Fish 4 [frame 3371] IoU=0.00
  Frozen during overlap [frame 3372]: Fish [1, 2, 3, 4, 5]
  Overlap detected: Fish 1 ↔ Fish 2 [frame 3372] IoU=0.02
  Overlap detected: Fish 2 ↔ Fish 5 [frame 3372] IoU=0.01
  Overlap detected: Fish 3 ↔ Fish 4 [frame 3372] IoU=0.00
  Frozen during overlap [frame 3373]: Fish [1, 2, 3, 4, 5]
  Overlap detected: Fish 1 ↔ Fish 2 [frame 3373] IoU=0.02
  Overlap detected: Fish 2 ↔ Fish 5 [frame 3373] IoU=0.01
  Overlap detected: Fish 3 ↔ Fish 4 [frame 3373] IoU=0.00
  Frozen during overlap [frame 3374]: Fish [1, 2, 3, 4, 5]
  Overlap detected: Fish 1 ↔ Fish 2 [frame 3374] IoU=0.02
  Overlap detected: Fish 2 ↔ Fish 5 [frame 3374] IoU=0.01
  Overlap detected: Fish 3 ↔ Fish 4 [frame 3374] IoU=0.00
  Frozen during overlap [frame 3375]: Fish [1, 2, 3, 4, 5]
  Overlap detected: Fish 1 ↔ Fish 2 [frame 3375] IoU=0.02
  Overlap detected: Fish 2 ↔ Fish 5 [frame 3375] IoU=0.01
  Overlap detected: Fish 3 ↔ Fish 4 [frame 3375] IoU=0.00
  Frozen during overlap [frame 3376]: Fish [1, 2, 3, 4, 5]
  Overlap detected: Fish 1 ↔ Fish 2 [frame 3376] IoU=0.02
  Overlap detected: Fish 2 ↔ Fish 5 [frame 3376] IoU=0.01
  Overlap detected: Fish 3 ↔ Fish 4 [frame 3376] IoU=0.00
  Frozen during overlap [frame 3377]: Fish [1, 2, 3, 4, 5]
  Overlap detected: Fish 1 ↔ Fish 2 [frame 3377] IoU=0.02
  Overlap detected: Fish 2 ↔ Fish 5 [frame 3377] IoU=0.01
  Overlap detected: Fish 3 ↔ Fish 4 [frame 3377] IoU=0.00
  Frozen during overlap [frame 3378]: Fish [1, 2, 3, 4, 5]
  Overlap detected: Fish 1 ↔ Fish 2 [frame 3378] IoU=0.02
  Overlap detected: Fish 2 ↔ Fish 5 [frame 3378] IoU=0.01
  Overlap detected: Fish 3 ↔ Fish 4 [frame 3378] IoU=0.00
  Frozen during overlap [frame 3379]: Fish [1, 2, 3, 4, 5]
  Overlap detected: Fish 1 ↔ Fish 2 [frame 3379] IoU=0.02
  Overlap detected: Fish 2 ↔ Fish 5 [frame 3379] IoU=0.01
  Overlap detected: Fish 3 ↔ Fish 4 [frame 3379] IoU=0.00
  Frozen during overlap [frame 3380]: Fish [1, 2, 3, 4, 5]
  Overlap detected: Fish 1 ↔ Fish 2 [frame 3380] IoU=0.02
  Overlap detected: Fish 2 ↔ Fish 5 [frame 3380] IoU=0.01
  Overlap detected: Fish 3 ↔ Fish 4 [frame 3380] IoU=0.00
  Frozen during overlap [frame 3381]: Fish [1, 2, 3, 4, 5]
  Overlap detected: Fish 1 ↔ Fish 2 [frame 3381] IoU=0.02
  Overlap detected: Fish 2 ↔ Fish 5 [frame 3381] IoU=0.01
  Overlap detected: Fish 3 ↔ Fish 4 [frame 3381] IoU=0.00
  Frozen during overlap [frame 3382]: Fish [1, 2, 3, 4, 5]
  Overlap detected: Fish 1 ↔ Fish 2 [frame 3382] IoU=0.02
  Overlap detected: Fish 2 ↔ Fish 5 [frame 3382] IoU=0.01
  Overlap detected: Fish 3 ↔ Fish 4 [frame 3382] IoU=0.00
  Frozen during overlap [frame 3383]: Fish [1, 2, 3, 4, 5]
  Overlap detected: Fish 1 ↔ Fish 2 [frame 3383] IoU=0.02
  Overlap detected: Fish 2 ↔ Fish 5 [frame 3383] IoU=0.01
  Overlap detected: Fish 3 ↔ Fish 4 [frame 3383] IoU=0.00
  Frozen during overlap [frame 3384]: Fish [1, 2, 3, 4, 5]
  Overlap detected: Fish 1 ↔ Fish 2 [frame 3384] IoU=0.02
  Overlap detected: Fish 2 ↔ Fish 5 [frame 3384] IoU=0.01
  Overlap detected: Fish 3 ↔ Fish 4 [frame 3384] IoU=0.00
  Frozen during overlap [frame 3385]: Fish [1, 2, 3, 4, 5]
  Overlap detected: Fish 1 ↔ Fish 2 [frame 3385] IoU=0.02
  Overlap detected: Fish 2 ↔ Fish 5 [frame 3385] IoU=0.01
  Overlap detected: Fish 3 ↔ Fish 4 [frame 3385] IoU=0.00
  Frozen during overlap [frame 3386]: Fish [1, 2, 3, 4, 5]
  Overlap detected: Fish 1 ↔ Fish 2 [frame 3386] IoU=0.02
  Overlap detected: Fish 2 ↔ Fish 5 [frame 3386] IoU=0.01
  Overlap detected: Fish 3 ↔ Fish 4 [frame 3386] IoU=0.00
  Frozen during overlap [frame 3387]: Fish [1, 2, 3, 4, 5]
  Overlap detected: Fish 1 ↔ Fish 2 [frame 3387] IoU=0.02
  Overlap detected: Fish 2 ↔ Fish 5 [frame 3387] IoU=0.01
  Overlap detected: Fish 3 ↔ Fish 4 [frame 3387] IoU=0.00
  Frozen during overlap [frame 3388]: Fish [1, 2, 3, 4, 5]
  Overlap detected: Fish 1 ↔ Fish 2 [frame 3388] IoU=0.02
  Overlap detected: Fish 2 ↔ Fish 5 [frame 3388] IoU=0.01
  Overlap detected: Fish 3 ↔ Fish 4 [frame 3388] IoU=0.00
  Frozen during overlap [frame 3389]: Fish [1, 2, 3, 4, 5]
  Overlap detected: Fish 1 ↔ Fish 2 [frame 3389] IoU=0.02
  Overlap detected: Fish 2 ↔ Fish 5 [frame 3389] IoU=0.01
  Overlap detected: Fish 3 ↔ Fish 4 [frame 3389] IoU=0.00
  Frozen during overlap [frame 3390]: Fish [1, 2, 3, 4, 5]
  Overlap detected: Fish 1 ↔ Fish 2 [frame 3390] IoU=0.02
  Overlap detected: Fish 2 ↔ Fish 5 [frame 3390] IoU=0.01
  Overlap detected: Fish 3 ↔ Fish 4 [frame 3390] IoU=0.00
  Frame 3390/3600 | second 56
  Frozen during overlap [frame 3391]: Fish [1, 2, 3, 4, 5]
  Overlap detected: Fish 1 ↔ Fish 2 [frame 3391] IoU=0.02
  Overlap detected: Fish 2 ↔ Fish 5 [frame 3391] IoU=0.01
  Overlap detected: Fish 3 ↔ Fish 4 [frame 3391] IoU=0.00
  Frozen during overlap [frame 3392]: Fish [1, 2, 3, 4, 5]
  Overlap detected: Fish 1 ↔ Fish 2 [frame 3392] IoU=0.02
  Overlap detected: Fish 2 ↔ Fish 5 [frame 3392] IoU=0.01
  Overlap detected: Fish 3 ↔ Fish 4 [frame 3392] IoU=0.00
  Frozen during overlap [frame 3393]: Fish [1, 2, 3, 4, 5]
  Overlap detected: Fish 1 ↔ Fish 2 [frame 3393] IoU=0.02
  Overlap detected: Fish 2 ↔ Fish 5 [frame 3393] IoU=0.01
  Overlap detected: Fish 3 ↔ Fish 4 [frame 3393] IoU=0.00
  Frozen during overlap [frame 3394]: Fish [1, 2, 3, 4, 5]
  Overlap detected: Fish 1 ↔ Fish 2 [frame 3394] IoU=0.02
  Overlap detected: Fish 2 ↔ Fish 5 [frame 3394] IoU=0.01
  Overlap detected: Fish 3 ↔ Fish 4 [frame 3394] IoU=0.00
  Frozen during overlap [frame 3395]: Fish [1, 2, 3, 4, 5]
  Overlap detected: Fish 1 ↔ Fish 2 [frame 3395] IoU=0.02
  Overlap detected: Fish 2 ↔ Fish 5 [frame 3395] IoU=0.01
  Overlap detected: Fish 3 ↔ Fish 4 [frame 3395] IoU=0.00
  Frozen during overlap [frame 3396]: Fish [1, 2, 3, 4, 5]
  Overlap detected: Fish 1 ↔ Fish 2 [frame 3396] IoU=0.02
  Overlap detected: Fish 2 ↔ Fish 5 [frame 3396] IoU=0.01
  Overlap detected: Fish 3 ↔ Fish 4 [frame 3396] IoU=0.00
  Frozen during overlap [frame 3397]: Fish [1, 2, 3, 4, 5]
  Overlap detected: Fish 1 ↔ Fish 2 [frame 3397] IoU=0.02
  Overlap detected: Fish 2 ↔ Fish 5 [frame 3397] IoU=0.01
  Overlap detected: Fish 3 ↔ Fish 4 [frame 3397] IoU=0.00
  Frozen during overlap [frame 3398]: Fish [1, 2, 3, 4, 5]
  Overlap detected: Fish 1 ↔ Fish 2 [frame 3398] IoU=0.02
  Overlap detected: Fish 2 ↔ Fish 5 [frame 3398] IoU=0.01
  Overlap detected: Fish 3 ↔ Fish 4 [frame 3398] IoU=0.00
  Frozen during overlap [frame 3399]: Fish [1, 2, 3, 4, 5]
  Overlap detected: Fish 1 ↔ Fish 2 [frame 3399] IoU=0.02
  Overlap detected: Fish 2 ↔ Fish 5 [frame 3399] IoU=0.01
  Overlap detected: Fish 3 ↔ Fish 4 [frame 3399] IoU=0.00
  Frozen during overlap [frame 3400]: Fish [1, 2, 3, 4, 5]
  Overlap detected: Fish 1 ↔ Fish 2 [frame 3400] IoU=0.02
  Overlap detected: Fish 2 ↔ Fish 5 [frame 3400] IoU=0.01
  Overlap detected: Fish 3 ↔ Fish 4 [frame 3400] IoU=0.00
  Frozen during overlap [frame 3401]: Fish [1, 2, 3, 4, 5]
  Overlap detected: Fish 1 ↔ Fish 2 [frame 3401] IoU=0.02
  Overlap detected: Fish 2 ↔ Fish 5 [frame 3401] IoU=0.01
  Overlap detected: Fish 3 ↔ Fish 4 [frame 3401] IoU=0.00
  Frozen during overlap [frame 3402]: Fish [1, 2, 3, 4, 5]
  Overlap detected: Fish 1 ↔ Fish 2 [frame 3402] IoU=0.02
  Overlap detected: Fish 2 ↔ Fish 5 [frame 3402] IoU=0.01
  Overlap detected: Fish 3 ↔ Fish 4 [frame 3402] IoU=0.00
  Frozen during overlap [frame 3403]: Fish [1, 2, 3, 4, 5]
  Overlap detected: Fish 1 ↔ Fish 2 [frame 3403] IoU=0.02
  Overlap detected: Fish 2 ↔ Fish 5 [frame 3403] IoU=0.01
  Overlap detected: Fish 3 ↔ Fish 4 [frame 3403] IoU=0.00
  Frozen during overlap [frame 3404]: Fish [1, 2, 3, 4, 5]
  Overlap detected: Fish 1 ↔ Fish 2 [frame 3404] IoU=0.02
  Overlap detected: Fish 2 ↔ Fish 5 [frame 3404] IoU=0.01
  Overlap detected: Fish 3 ↔ Fish 4 [frame 3404] IoU=0.00
  Frozen during overlap [frame 3405]: Fish [1, 2, 3, 4, 5]
  Overlap detected: Fish 1 ↔ Fish 2 [frame 3405] IoU=0.02
  Overlap detected: Fish 2 ↔ Fish 5 [frame 3405] IoU=0.01
  Overlap detected: Fish 3 ↔ Fish 4 [frame 3405] IoU=0.00
  Frozen during overlap [frame 3406]: Fish [1, 2, 3, 4, 5]
  Overlap detected: Fish 1 ↔ Fish 2 [frame 3406] IoU=0.02
  Overlap detected: Fish 2 ↔ Fish 5 [frame 3406] IoU=0.01
  Overlap detected: Fish 3 ↔ Fish 4 [frame 3406] IoU=0.00
  Frozen during overlap [frame 3407]: Fish [1, 2, 3, 4, 5]
  Overlap detected: Fish 1 ↔ Fish 2 [frame 3407] IoU=0.02
  Overlap detected: Fish 2 ↔ Fish 5 [frame 3407] IoU=0.01
  Overlap detected: Fish 3 ↔ Fish 4 [frame 3407] IoU=0.00
  Frozen during overlap [frame 3408]: Fish [1, 2, 3, 4, 5]
  Overlap detected: Fish 1 ↔ Fish 2 [frame 3408] IoU=0.02
  Overlap detected: Fish 2 ↔ Fish 5 [frame 3408] IoU=0.01
  Overlap detected: Fish 3 ↔ Fish 4 [frame 3408] IoU=0.00
  Frozen during overlap [frame 3409]: Fish [1, 2, 3, 4, 5]
  Overlap detected: Fish 1 ↔ Fish 2 [frame 3409] IoU=0.02
  Overlap detected: Fish 2 ↔ Fish 5 [frame 3409] IoU=0.01
  Overlap detected: Fish 3 ↔ Fish 4 [frame 3409] IoU=0.00
  Frozen during overlap [frame 3410]: Fish [1, 2, 3, 4, 5]
  Overlap detected: Fish 1 ↔ Fish 2 [frame 3410] IoU=0.02
  Overlap detected: Fish 2 ↔ Fish 5 [frame 3410] IoU=0.01
  Overlap detected: Fish 3 ↔ Fish 4 [frame 3410] IoU=0.00
  Frozen during overlap [frame 3411]: Fish [1, 2, 3, 4, 5]
  Overlap detected: Fish 1 ↔ Fish 2 [frame 3411] IoU=0.02
  Overlap detected: Fish 2 ↔ Fish 5 [frame 3411] IoU=0.01
  Overlap detected: Fish 3 ↔ Fish 4 [frame 3411] IoU=0.00
  Frozen during overlap [frame 3412]: Fish [1, 2, 3, 4, 5]
  Overlap detected: Fish 1 ↔ Fish 2 [frame 3412] IoU=0.02
  Overlap detected: Fish 2 ↔ Fish 5 [frame 3412] IoU=0.01
  Overlap detected: Fish 3 ↔ Fish 4 [frame 3412] IoU=0.00
  Frozen during overlap [frame 3413]: Fish [1, 2, 3, 4, 5]
  Overlap detected: Fish 1 ↔ Fish 2 [frame 3413] IoU=0.02
  Overlap detected: Fish 2 ↔ Fish 5 [frame 3413] IoU=0.01
  Overlap detected: Fish 3 ↔ Fish 4 [frame 3413] IoU=0.00
  Frozen during overlap [frame 3414]: Fish [1, 2, 3, 4, 5]
  Overlap detected: Fish 1 ↔ Fish 2 [frame 3414] IoU=0.02
  Overlap detected: Fish 2 ↔ Fish 5 [frame 3414] IoU=0.01
  Overlap detected: Fish 3 ↔ Fish 4 [frame 3414] IoU=0.00
  Frozen during overlap [frame 3415]: Fish [1, 2, 3, 4, 5]
  Overlap detected: Fish 1 ↔ Fish 2 [frame 3415] IoU=0.02
  Overlap detected: Fish 2 ↔ Fish 5 [frame 3415] IoU=0.01
  Overlap detected: Fish 3 ↔ Fish 4 [frame 3415] IoU=0.00
  Frozen during overlap [frame 3416]: Fish [1, 2, 3, 4, 5]
  Overlap detected: Fish 1 ↔ Fish 2 [frame 3416] IoU=0.02
  Overlap detected: Fish 2 ↔ Fish 5 [frame 3416] IoU=0.01
  Overlap detected: Fish 3 ↔ Fish 4 [frame 3416] IoU=0.00
  Frozen during overlap [frame 3417]: Fish [1, 2, 3, 4, 5]
  Overlap detected: Fish 1 ↔ Fish 2 [frame 3417] IoU=0.02
  Overlap detected: Fish 2 ↔ Fish 5 [frame 3417] IoU=0.01
  Overlap detected: Fish 3 ↔ Fish 4 [frame 3417] IoU=0.00
  Frozen during overlap [frame 3418]: Fish [1, 2, 3, 4, 5]
  Overlap detected: Fish 1 ↔ Fish 2 [frame 3418] IoU=0.02
  Overlap detected: Fish 2 ↔ Fish 5 [frame 3418] IoU=0.01
  Overlap detected: Fish 3 ↔ Fish 4 [frame 3418] IoU=0.00
  Frozen during overlap [frame 3419]: Fish [1, 2, 3, 4, 5]
  Overlap detected: Fish 1 ↔ Fish 2 [frame 3419] IoU=0.02
  Overlap detected: Fish 2 ↔ Fish 5 [frame 3419] IoU=0.01
  Overlap detected: Fish 3 ↔ Fish 4 [frame 3419] IoU=0.00
  Frozen during overlap [frame 3420]: Fish [1, 2, 3, 4, 5]
  Overlap detected: Fish 1 ↔ Fish 2 [frame 3420] IoU=0.02
  Overlap detected: Fish 2 ↔ Fish 5 [frame 3420] IoU=0.01
  Overlap detected: Fish 3 ↔ Fish 4 [frame 3420] IoU=0.00
  Frame 3420/3600 | second 57
  Frozen during overlap [frame 3421]: Fish [1, 2, 3, 4, 5]
  Overlap detected: Fish 1 ↔ Fish 2 [frame 3421] IoU=0.02
  Overlap detected: Fish 2 ↔ Fish 5 [frame 3421] IoU=0.01
  Overlap detected: Fish 3 ↔ Fish 4 [frame 3421] IoU=0.00
  Frozen during overlap [frame 3422]: Fish [1, 2, 3, 4, 5]
  Overlap detected: Fish 1 ↔ Fish 2 [frame 3422] IoU=0.02
  Overlap detected: Fish 2 ↔ Fish 5 [frame 3422] IoU=0.01
  Overlap detected: Fish 3 ↔ Fish 4 [frame 3422] IoU=0.00
  Frozen during overlap [frame 3423]: Fish [1, 2, 3, 4, 5]
  Overlap detected: Fish 1 ↔ Fish 2 [frame 3423] IoU=0.02
  Overlap detected: Fish 2 ↔ Fish 5 [frame 3423] IoU=0.01
  Overlap detected: Fish 3 ↔ Fish 4 [frame 3423] IoU=0.00
  Frozen during overlap [frame 3424]: Fish [1, 2, 3, 4, 5]
  Overlap detected: Fish 1 ↔ Fish 2 [frame 3424] IoU=0.02
  Overlap detected: Fish 2 ↔ Fish 5 [frame 3424] IoU=0.01
  Overlap detected: Fish 3 ↔ Fish 4 [frame 3424] IoU=0.00
  Frozen during overlap [frame 3425]: Fish [1, 2, 3, 4, 5]
  Overlap detected: Fish 1 ↔ Fish 2 [frame 3425] IoU=0.02
  Overlap detected: Fish 2 ↔ Fish 5 [frame 3425] IoU=0.01
  Overlap detected: Fish 3 ↔ Fish 4 [frame 3425] IoU=0.00
  Frozen during overlap [frame 3426]: Fish [1, 2, 3, 4, 5]
  Overlap detected: Fish 1 ↔ Fish 2 [frame 3426] IoU=0.02
  Overlap detected: Fish 2 ↔ Fish 5 [frame 3426] IoU=0.01
  Overlap detected: Fish 3 ↔ Fish 4 [frame 3426] IoU=0.00
  Frozen during overlap [frame 3427]: Fish [1, 2, 3, 4, 5]
  Overlap detected: Fish 1 ↔ Fish 2 [frame 3427] IoU=0.02
  Overlap detected: Fish 2 ↔ Fish 5 [frame 3427] IoU=0.01
  Overlap detected: Fish 3 ↔ Fish 4 [frame 3427] IoU=0.00
  Frozen during overlap [frame 3428]: Fish [1, 2, 3, 4, 5]
  Overlap detected: Fish 1 ↔ Fish 2 [frame 3428] IoU=0.02
  Overlap detected: Fish 2 ↔ Fish 5 [frame 3428] IoU=0.01
  Overlap detected: Fish 3 ↔ Fish 4 [frame 3428] IoU=0.00
  Frozen during overlap [frame 3429]: Fish [1, 2, 3, 4, 5]
  Overlap detected: Fish 1 ↔ Fish 2 [frame 3429] IoU=0.02
  Overlap detected: Fish 2 ↔ Fish 5 [frame 3429] IoU=0.01
  Overlap detected: Fish 3 ↔ Fish 4 [frame 3429] IoU=0.00
  Frozen during overlap [frame 3430]: Fish [1, 2, 3, 4, 5]
  Overlap detected: Fish 1 ↔ Fish 2 [frame 3430] IoU=0.02
  Overlap detected: Fish 2 ↔ Fish 5 [frame 3430] IoU=0.01
  Overlap detected: Fish 3 ↔ Fish 4 [frame 3430] IoU=0.00
  Frozen during overlap [frame 3431]: Fish [1, 2, 3, 4, 5]
  Overlap detected: Fish 1 ↔ Fish 2 [frame 3431] IoU=0.02
  Overlap detected: Fish 2 ↔ Fish 5 [frame 3431] IoU=0.01
  Overlap detected: Fish 3 ↔ Fish 4 [frame 3431] IoU=0.00
  Frozen during overlap [frame 3432]: Fish [1, 2, 3, 4, 5]
  Overlap detected: Fish 1 ↔ Fish 2 [frame 3432] IoU=0.02
  Overlap detected: Fish 2 ↔ Fish 5 [frame 3432] IoU=0.01
  Overlap detected: Fish 3 ↔ Fish 4 [frame 3432] IoU=0.00
  Frozen during overlap [frame 3433]: Fish [1, 2, 3, 4, 5]
  Overlap detected: Fish 1 ↔ Fish 2 [frame 3433] IoU=0.02
  Overlap detected: Fish 2 ↔ Fish 5 [frame 3433] IoU=0.01
  Overlap detected: Fish 3 ↔ Fish 4 [frame 3433] IoU=0.00
  Frozen during overlap [frame 3434]: Fish [1, 2, 3, 4, 5]
  Overlap detected: Fish 1 ↔ Fish 2 [frame 3434] IoU=0.02
  Overlap detected: Fish 2 ↔ Fish 5 [frame 3434] IoU=0.01
  Overlap detected: Fish 3 ↔ Fish 4 [frame 3434] IoU=0.00
  Frozen during overlap [frame 3435]: Fish [1, 2, 3, 4, 5]
  Overlap detected: Fish 1 ↔ Fish 2 [frame 3435] IoU=0.02
  Overlap detected: Fish 2 ↔ Fish 5 [frame 3435] IoU=0.01
  Overlap detected: Fish 3 ↔ Fish 4 [frame 3435] IoU=0.00
  Frozen during overlap [frame 3436]: Fish [1, 2, 3, 4, 5]
  Overlap detected: Fish 1 ↔ Fish 2 [frame 3436] IoU=0.02
  Overlap detected: Fish 2 ↔ Fish 5 [frame 3436] IoU=0.01
  Overlap detected: Fish 3 ↔ Fish 4 [frame 3436] IoU=0.00
  Frozen during overlap [frame 3437]: Fish [1, 2, 3, 4, 5]
  Overlap detected: Fish 1 ↔ Fish 2 [frame 3437] IoU=0.02
  Overlap detected: Fish 2 ↔ Fish 5 [frame 3437] IoU=0.01
  Overlap detected: Fish 3 ↔ Fish 4 [frame 3437] IoU=0.00
  Frozen during overlap [frame 3438]: Fish [1, 2, 3, 4, 5]
  Overlap detected: Fish 1 ↔ Fish 2 [frame 3438] IoU=0.02
  Overlap detected: Fish 2 ↔ Fish 5 [frame 3438] IoU=0.01
  Overlap detected: Fish 3 ↔ Fish 4 [frame 3438] IoU=0.00
  Frozen during overlap [frame 3439]: Fish [1, 2, 3, 4, 5]
  Overlap detected: Fish 1 ↔ Fish 2 [frame 3439] IoU=0.02
  Overlap detected: Fish 2 ↔ Fish 5 [frame 3439] IoU=0.01
  Overlap detected: Fish 3 ↔ Fish 4 [frame 3439] IoU=0.00
  Frozen during overlap [frame 3440]: Fish [1, 2, 3, 4, 5]
  Overlap detected: Fish 1 ↔ Fish 2 [frame 3440] IoU=0.02
  Overlap detected: Fish 2 ↔ Fish 5 [frame 3440] IoU=0.01
  Overlap detected: Fish 3 ↔ Fish 4 [frame 3440] IoU=0.00
  Frozen during overlap [frame 3441]: Fish [1, 2, 3, 4, 5]
  Overlap detected: Fish 1 ↔ Fish 2 [frame 3441] IoU=0.02
  Overlap detected: Fish 2 ↔ Fish 5 [frame 3441] IoU=0.01
  Overlap detected: Fish 3 ↔ Fish 4 [frame 3441] IoU=0.00
  Frozen during overlap [frame 3442]: Fish [1, 2, 3, 4, 5]
  Overlap detected: Fish 1 ↔ Fish 2 [frame 3442] IoU=0.02
  Overlap detected: Fish 2 ↔ Fish 5 [frame 3442] IoU=0.01
  Overlap detected: Fish 3 ↔ Fish 4 [frame 3442] IoU=0.00
  Frozen during overlap [frame 3443]: Fish [1, 2, 3, 4, 5]
  Overlap detected: Fish 1 ↔ Fish 2 [frame 3443] IoU=0.02
  Overlap detected: Fish 2 ↔ Fish 5 [frame 3443] IoU=0.01
  Overlap detected: Fish 3 ↔ Fish 4 [frame 3443] IoU=0.00
  Frozen during overlap [frame 3444]: Fish [1, 2, 3, 4, 5]
  Overlap detected: Fish 1 ↔ Fish 2 [frame 3444] IoU=0.02
  Overlap detected: Fish 2 ↔ Fish 5 [frame 3444] IoU=0.01
  Overlap detected: Fish 3 ↔ Fish 4 [frame 3444] IoU=0.00
  Frozen during overlap [frame 3445]: Fish [1, 2, 3, 4, 5]
  Overlap detected: Fish 1 ↔ Fish 2 [frame 3445] IoU=0.02
  Overlap detected: Fish 2 ↔ Fish 5 [frame 3445] IoU=0.01
  Overlap detected: Fish 3 ↔ Fish 4 [frame 3445] IoU=0.00
  Frozen during overlap [frame 3446]: Fish [1, 2, 3, 4, 5]
  Overlap detected: Fish 1 ↔ Fish 2 [frame 3446] IoU=0.02
  Overlap detected: Fish 2 ↔ Fish 5 [frame 3446] IoU=0.01
  Overlap detected: Fish 3 ↔ Fish 4 [frame 3446] IoU=0.00
  Frozen during overlap [frame 3447]: Fish [1, 2, 3, 4, 5]
  Overlap detected: Fish 1 ↔ Fish 2 [frame 3447] IoU=0.02
  Overlap detected: Fish 2 ↔ Fish 5 [frame 3447] IoU=0.01
  Overlap detected: Fish 3 ↔ Fish 4 [frame 3447] IoU=0.00
  Frozen during overlap [frame 3448]: Fish [1, 2, 3, 4, 5]
  Overlap detected: Fish 1 ↔ Fish 2 [frame 3448] IoU=0.02
  Overlap detected: Fish 2 ↔ Fish 5 [frame 3448] IoU=0.01
  Overlap detected: Fish 3 ↔ Fish 4 [frame 3448] IoU=0.00
  Frozen during overlap [frame 3449]: Fish [1, 2, 3, 4, 5]
  Overlap detected: Fish 1 ↔ Fish 2 [frame 3449] IoU=0.02
  Overlap detected: Fish 2 ↔ Fish 5 [frame 3449] IoU=0.01
  Overlap detected: Fish 3 ↔ Fish 4 [frame 3449] IoU=0.00
  Frozen during overlap [frame 3450]: Fish [1, 2, 3, 4, 5]
  Overlap detected: Fish 1 ↔ Fish 2 [frame 3450] IoU=0.02
  Overlap detected: Fish 2 ↔ Fish 5 [frame 3450] IoU=0.01
  Overlap detected: Fish 3 ↔ Fish 4 [frame 3450] IoU=0.00
  Frame 3450/3600 | second 57
  Frozen during overlap [frame 3451]: Fish [1, 2, 3, 4, 5]
  Overlap detected: Fish 1 ↔ Fish 2 [frame 3451] IoU=0.02
  Overlap detected: Fish 2 ↔ Fish 5 [frame 3451] IoU=0.01
  Overlap detected: Fish 3 ↔ Fish 4 [frame 3451] IoU=0.00
  Frozen during overlap [frame 3452]: Fish [1, 2, 3, 4, 5]
  Overlap detected: Fish 1 ↔ Fish 2 [frame 3452] IoU=0.02
  Overlap detected: Fish 2 ↔ Fish 5 [frame 3452] IoU=0.01
  Overlap detected: Fish 3 ↔ Fish 4 [frame 3452] IoU=0.00
  Frozen during overlap [frame 3453]: Fish [1, 2, 3, 4, 5]
  Overlap detected: Fish 1 ↔ Fish 2 [frame 3453] IoU=0.02
  Overlap detected: Fish 2 ↔ Fish 5 [frame 3453] IoU=0.01
  Overlap detected: Fish 3 ↔ Fish 4 [frame 3453] IoU=0.00
  Frozen during overlap [frame 3454]: Fish [1, 2, 3, 4, 5]
  Overlap detected: Fish 1 ↔ Fish 2 [frame 3454] IoU=0.02
  Overlap detected: Fish 2 ↔ Fish 5 [frame 3454] IoU=0.01
  Overlap detected: Fish 3 ↔ Fish 4 [frame 3454] IoU=0.00
  Frozen during overlap [frame 3455]: Fish [1, 2, 3, 4, 5]
  Overlap detected: Fish 1 ↔ Fish 2 [frame 3455] IoU=0.02
  Overlap detected: Fish 2 ↔ Fish 5 [frame 3455] IoU=0.01
  Overlap detected: Fish 3 ↔ Fish 4 [frame 3455] IoU=0.00
  Frozen during overlap [frame 3456]: Fish [1, 2, 3, 4, 5]
  Overlap detected: Fish 1 ↔ Fish 2 [frame 3456] IoU=0.02
  Overlap detected: Fish 2 ↔ Fish 5 [frame 3456] IoU=0.01
  Overlap detected: Fish 3 ↔ Fish 4 [frame 3456] IoU=0.00
  Frozen during overlap [frame 3457]: Fish [1, 2, 3, 4, 5]
  Overlap detected: Fish 1 ↔ Fish 2 [frame 3457] IoU=0.02
  Overlap detected: Fish 2 ↔ Fish 5 [frame 3457] IoU=0.01
  Overlap detected: Fish 3 ↔ Fish 4 [frame 3457] IoU=0.00
  Frozen during overlap [frame 3458]: Fish [1, 2, 3, 4, 5]
  Overlap detected: Fish 1 ↔ Fish 2 [frame 3458] IoU=0.02
  Overlap detected: Fish 2 ↔ Fish 5 [frame 3458] IoU=0.01
  Overlap detected: Fish 3 ↔ Fish 4 [frame 3458] IoU=0.00
  Frozen during overlap [frame 3459]: Fish [1, 2, 3, 4, 5]
  Overlap detected: Fish 1 ↔ Fish 2 [frame 3459] IoU=0.02
  Overlap detected: Fish 2 ↔ Fish 5 [frame 3459] IoU=0.01
  Overlap detected: Fish 3 ↔ Fish 4 [frame 3459] IoU=0.00
  Frozen during overlap [frame 3460]: Fish [1, 2, 3, 4, 5]
  Overlap detected: Fish 1 ↔ Fish 2 [frame 3460] IoU=0.02
  Overlap detected: Fish 2 ↔ Fish 5 [frame 3460] IoU=0.01
  Overlap detected: Fish 3 ↔ Fish 4 [frame 3460] IoU=0.00
  Frozen during overlap [frame 3461]: Fish [1, 2, 3, 4, 5]
  Overlap detected: Fish 1 ↔ Fish 2 [frame 3461] IoU=0.02
  Overlap detected: Fish 2 ↔ Fish 5 [frame 3461] IoU=0.01
  Overlap detected: Fish 3 ↔ Fish 4 [frame 3461] IoU=0.00
  Frozen during overlap [frame 3462]: Fish [1, 2, 3, 4, 5]
  Overlap detected: Fish 1 ↔ Fish 2 [frame 3462] IoU=0.02
  Overlap detected: Fish 2 ↔ Fish 5 [frame 3462] IoU=0.01
  Overlap detected: Fish 3 ↔ Fish 4 [frame 3462] IoU=0.00
  Frozen during overlap [frame 3463]: Fish [1, 2, 3, 4, 5]
  Overlap detected: Fish 1 ↔ Fish 2 [frame 3463] IoU=0.02
  Overlap detected: Fish 2 ↔ Fish 5 [frame 3463] IoU=0.01
  Overlap detected: Fish 3 ↔ Fish 4 [frame 3463] IoU=0.00
  Frozen during overlap [frame 3464]: Fish [1, 2, 3, 4, 5]
  Overlap detected: Fish 1 ↔ Fish 2 [frame 3464] IoU=0.02
  Overlap detected: Fish 2 ↔ Fish 5 [frame 3464] IoU=0.01
  Overlap detected: Fish 3 ↔ Fish 4 [frame 3464] IoU=0.00
  Frozen during overlap [frame 3465]: Fish [1, 2, 3, 4, 5]
  Overlap detected: Fish 1 ↔ Fish 2 [frame 3465] IoU=0.02
  Overlap detected: Fish 2 ↔ Fish 5 [frame 3465] IoU=0.01
  Overlap detected: Fish 3 ↔ Fish 4 [frame 3465] IoU=0.00
  Frozen during overlap [frame 3466]: Fish [1, 2, 3, 4, 5]
  Overlap detected: Fish 1 ↔ Fish 2 [frame 3466] IoU=0.02
  Overlap detected: Fish 2 ↔ Fish 5 [frame 3466] IoU=0.01
  Overlap detected: Fish 3 ↔ Fish 4 [frame 3466] IoU=0.00
  Frozen during overlap [frame 3467]: Fish [1, 2, 3, 4, 5]
  Overlap detected: Fish 1 ↔ Fish 2 [frame 3467] IoU=0.02
  Overlap detected: Fish 2 ↔ Fish 5 [frame 3467] IoU=0.01
  Overlap detected: Fish 3 ↔ Fish 4 [frame 3467] IoU=0.00
  Frozen during overlap [frame 3468]: Fish [1, 2, 3, 4, 5]
  Overlap detected: Fish 1 ↔ Fish 2 [frame 3468] IoU=0.02
  Overlap detected: Fish 2 ↔ Fish 5 [frame 3468] IoU=0.01
  Overlap detected: Fish 3 ↔ Fish 4 [frame 3468] IoU=0.00
  Frozen during overlap [frame 3469]: Fish [1, 2, 3, 4, 5]
  Overlap detected: Fish 1 ↔ Fish 2 [frame 3469] IoU=0.02
  Overlap detected: Fish 2 ↔ Fish 5 [frame 3469] IoU=0.01
  Overlap detected: Fish 3 ↔ Fish 4 [frame 3469] IoU=0.00
  Frozen during overlap [frame 3470]: Fish [1, 2, 3, 4, 5]
  Overlap detected: Fish 1 ↔ Fish 2 [frame 3470] IoU=0.02
  Overlap detected: Fish 2 ↔ Fish 5 [frame 3470] IoU=0.01
  Overlap detected: Fish 3 ↔ Fish 4 [frame 3470] IoU=0.00
  Frozen during overlap [frame 3471]: Fish [1, 2, 3, 4, 5]
  Overlap detected: Fish 1 ↔ Fish 2 [frame 3471] IoU=0.02
  Overlap detected: Fish 2 ↔ Fish 5 [frame 3471] IoU=0.01
  Overlap detected: Fish 3 ↔ Fish 4 [frame 3471] IoU=0.00
  Frozen during overlap [frame 3472]: Fish [1, 2, 3, 4, 5]
  Overlap detected: Fish 1 ↔ Fish 2 [frame 3472] IoU=0.02
  Overlap detected: Fish 2 ↔ Fish 5 [frame 3472] IoU=0.01
  Overlap detected: Fish 3 ↔ Fish 4 [frame 3472] IoU=0.00
  Frozen during overlap [frame 3473]: Fish [1, 2, 3, 4, 5]
  Overlap detected: Fish 1 ↔ Fish 2 [frame 3473] IoU=0.02
  Overlap detected: Fish 2 ↔ Fish 5 [frame 3473] IoU=0.01
  Overlap detected: Fish 3 ↔ Fish 4 [frame 3473] IoU=0.00
  Frozen during overlap [frame 3474]: Fish [1, 2, 3, 4, 5]
  Overlap detected: Fish 1 ↔ Fish 2 [frame 3474] IoU=0.02
  Overlap detected: Fish 2 ↔ Fish 5 [frame 3474] IoU=0.01
  Overlap detected: Fish 3 ↔ Fish 4 [frame 3474] IoU=0.00
  Frozen during overlap [frame 3475]: Fish [1, 2, 3, 4, 5]
  Overlap detected: Fish 1 ↔ Fish 2 [frame 3475] IoU=0.02
  Overlap detected: Fish 2 ↔ Fish 5 [frame 3475] IoU=0.01
  Overlap detected: Fish 3 ↔ Fish 4 [frame 3475] IoU=0.00
  Frozen during overlap [frame 3476]: Fish [1, 2, 3, 4, 5]
  Overlap detected: Fish 1 ↔ Fish 2 [frame 3476] IoU=0.02
  Overlap detected: Fish 2 ↔ Fish 5 [frame 3476] IoU=0.01
  Overlap detected: Fish 3 ↔ Fish 4 [frame 3476] IoU=0.00
  Frozen during overlap [frame 3477]: Fish [1, 2, 3, 4, 5]
  Overlap detected: Fish 1 ↔ Fish 2 [frame 3477] IoU=0.02
  Overlap detected: Fish 2 ↔ Fish 5 [frame 3477] IoU=0.01
  Overlap detected: Fish 3 ↔ Fish 4 [frame 3477] IoU=0.00
  Frozen during overlap [frame 3478]: Fish [1, 2, 3, 4, 5]
  Overlap detected: Fish 1 ↔ Fish 2 [frame 3478] IoU=0.02
  Overlap detected: Fish 2 ↔ Fish 5 [frame 3478] IoU=0.01
  Overlap detected: Fish 3 ↔ Fish 4 [frame 3478] IoU=0.00
  Frozen during overlap [frame 3479]: Fish [1, 2, 3, 4, 5]
  Overlap detected: Fish 1 ↔ Fish 2 [frame 3479] IoU=0.02
  Overlap detected: Fish 2 ↔ Fish 5 [frame 3479] IoU=0.01
  Overlap detected: Fish 3 ↔ Fish 4 [frame 3479] IoU=0.00
  Frozen during overlap [frame 3480]: Fish [1, 2, 3, 4, 5]
  Overlap detected: Fish 1 ↔ Fish 2 [frame 3480] IoU=0.02
  Overlap detected: Fish 2 ↔ Fish 5 [frame 3480] IoU=0.01
  Overlap detected: Fish 3 ↔ Fish 4 [frame 3480] IoU=0.00
  Frame 3480/3600 | second 58
  Frozen during overlap [frame 3481]: Fish [1, 2, 3, 4, 5]
  Overlap detected: Fish 1 ↔ Fish 2 [frame 3481] IoU=0.02
  Overlap detected: Fish 2 ↔ Fish 5 [frame 3481] IoU=0.01
  Overlap detected: Fish 3 ↔ Fish 4 [frame 3481] IoU=0.00
  Frozen during overlap [frame 3482]: Fish [1, 2, 3, 4, 5]
  Overlap detected: Fish 1 ↔ Fish 2 [frame 3482] IoU=0.02
  Overlap detected: Fish 2 ↔ Fish 5 [frame 3482] IoU=0.01
  Overlap detected: Fish 3 ↔ Fish 4 [frame 3482] IoU=0.00
  Frozen during overlap [frame 3483]: Fish [1, 2, 3, 4, 5]
  Overlap detected: Fish 1 ↔ Fish 2 [frame 3483] IoU=0.02
  Overlap detected: Fish 2 ↔ Fish 5 [frame 3483] IoU=0.01
  Overlap detected: Fish 3 ↔ Fish 4 [frame 3483] IoU=0.00
  Frozen during overlap [frame 3484]: Fish [1, 2, 3, 4, 5]
  Overlap detected: Fish 1 ↔ Fish 2 [frame 3484] IoU=0.02
  Overlap detected: Fish 2 ↔ Fish 5 [frame 3484] IoU=0.01
  Overlap detected: Fish 3 ↔ Fish 4 [frame 3484] IoU=0.00
  Frozen during overlap [frame 3485]: Fish [1, 2, 3, 4, 5]
  Overlap detected: Fish 1 ↔ Fish 2 [frame 3485] IoU=0.02
  Overlap detected: Fish 2 ↔ Fish 5 [frame 3485] IoU=0.01
  Overlap detected: Fish 3 ↔ Fish 4 [frame 3485] IoU=0.00
  Frozen during overlap [frame 3486]: Fish [1, 2, 3, 4, 5]
  Overlap detected: Fish 1 ↔ Fish 2 [frame 3486] IoU=0.02
  Overlap detected: Fish 2 ↔ Fish 5 [frame 3486] IoU=0.01
  Overlap detected: Fish 3 ↔ Fish 4 [frame 3486] IoU=0.00
  Frozen during overlap [frame 3487]: Fish [1, 2, 3, 4, 5]
  Overlap detected: Fish 1 ↔ Fish 2 [frame 3487] IoU=0.02
  Overlap detected: Fish 2 ↔ Fish 5 [frame 3487] IoU=0.01
  Overlap detected: Fish 3 ↔ Fish 4 [frame 3487] IoU=0.00
  Frozen during overlap [frame 3488]: Fish [1, 2, 3, 4, 5]
  Overlap detected: Fish 1 ↔ Fish 2 [frame 3488] IoU=0.02
  Overlap detected: Fish 2 ↔ Fish 5 [frame 3488] IoU=0.01
  Overlap detected: Fish 3 ↔ Fish 4 [frame 3488] IoU=0.00
  Frozen during overlap [frame 3489]: Fish [1, 2, 3, 4, 5]
  Overlap detected: Fish 1 ↔ Fish 2 [frame 3489] IoU=0.02
  Overlap detected: Fish 2 ↔ Fish 5 [frame 3489] IoU=0.01
  Overlap detected: Fish 3 ↔ Fish 4 [frame 3489] IoU=0.00
  Frozen during overlap [frame 3490]: Fish [1, 2, 3, 4, 5]
  Overlap detected: Fish 1 ↔ Fish 2 [frame 3490] IoU=0.02
  Overlap detected: Fish 2 ↔ Fish 5 [frame 3490] IoU=0.01
  Overlap detected: Fish 3 ↔ Fish 4 [frame 3490] IoU=0.00
  Frozen during overlap [frame 3491]: Fish [1, 2, 3, 4, 5]
  Overlap detected: Fish 1 ↔ Fish 2 [frame 3491] IoU=0.02
  Overlap detected: Fish 2 ↔ Fish 5 [frame 3491] IoU=0.01
  Overlap detected: Fish 3 ↔ Fish 4 [frame 3491] IoU=0.00
  Frozen during overlap [frame 3492]: Fish [1, 2, 3, 4, 5]
  Overlap detected: Fish 1 ↔ Fish 2 [frame 3492] IoU=0.02
  Overlap detected: Fish 2 ↔ Fish 5 [frame 3492] IoU=0.01
  Overlap detected: Fish 3 ↔ Fish 4 [frame 3492] IoU=0.00
  Frozen during overlap [frame 3493]: Fish [1, 2, 3, 4, 5]
  Overlap detected: Fish 1 ↔ Fish 2 [frame 3493] IoU=0.02
  Overlap detected: Fish 2 ↔ Fish 5 [frame 3493] IoU=0.01
  Overlap detected: Fish 3 ↔ Fish 4 [frame 3493] IoU=0.00
  Frozen during overlap [frame 3494]: Fish [1, 2, 3, 4, 5]
  Overlap detected: Fish 1 ↔ Fish 2 [frame 3494] IoU=0.02
  Overlap detected: Fish 2 ↔ Fish 5 [frame 3494] IoU=0.01
  Overlap detected: Fish 3 ↔ Fish 4 [frame 3494] IoU=0.00
  Frozen during overlap [frame 3495]: Fish [1, 2, 3, 4, 5]
  Overlap detected: Fish 1 ↔ Fish 2 [frame 3495] IoU=0.02
  Overlap detected: Fish 2 ↔ Fish 5 [frame 3495] IoU=0.01
  Overlap detected: Fish 3 ↔ Fish 4 [frame 3495] IoU=0.00
  Frozen during overlap [frame 3496]: Fish [1, 2, 3, 4, 5]
  Overlap detected: Fish 1 ↔ Fish 2 [frame 3496] IoU=0.02
  Overlap detected: Fish 2 ↔ Fish 5 [frame 3496] IoU=0.01
  Overlap detected: Fish 3 ↔ Fish 4 [frame 3496] IoU=0.00
  Frozen during overlap [frame 3497]: Fish [1, 2, 3, 4, 5]
  Overlap detected: Fish 1 ↔ Fish 2 [frame 3497] IoU=0.02
  Overlap detected: Fish 2 ↔ Fish 5 [frame 3497] IoU=0.01
  Overlap detected: Fish 3 ↔ Fish 4 [frame 3497] IoU=0.00
  Frozen during overlap [frame 3498]: Fish [1, 2, 3, 4, 5]
  Overlap detected: Fish 1 ↔ Fish 2 [frame 3498] IoU=0.02
  Overlap detected: Fish 2 ↔ Fish 5 [frame 3498] IoU=0.01
  Overlap detected: Fish 3 ↔ Fish 4 [frame 3498] IoU=0.00
  Frozen during overlap [frame 3499]: Fish [1, 2, 3, 4, 5]
  Overlap detected: Fish 1 ↔ Fish 2 [frame 3499] IoU=0.02
  Overlap detected: Fish 2 ↔ Fish 5 [frame 3499] IoU=0.01
  Overlap detected: Fish 3 ↔ Fish 4 [frame 3499] IoU=0.00
  Frozen during overlap [frame 3500]: Fish [1, 2, 3, 4, 5]
  Overlap detected: Fish 1 ↔ Fish 2 [frame 3500] IoU=0.02
  Overlap detected: Fish 2 ↔ Fish 5 [frame 3500] IoU=0.01
  Overlap detected: Fish 3 ↔ Fish 4 [frame 3500] IoU=0.00
  Frozen during overlap [frame 3501]: Fish [1, 2, 3, 4, 5]
  Overlap detected: Fish 1 ↔ Fish 2 [frame 3501] IoU=0.02
  Overlap detected: Fish 2 ↔ Fish 5 [frame 3501] IoU=0.01
  Overlap detected: Fish 3 ↔ Fish 4 [frame 3501] IoU=0.00
  Frozen during overlap [frame 3502]: Fish [1, 2, 3, 4, 5]
  Overlap detected: Fish 1 ↔ Fish 2 [frame 3502] IoU=0.02
  Overlap detected: Fish 2 ↔ Fish 5 [frame 3502] IoU=0.01
  Overlap detected: Fish 3 ↔ Fish 4 [frame 3502] IoU=0.00
  Frozen during overlap [frame 3503]: Fish [1, 2, 3, 4, 5]
  Overlap detected: Fish 1 ↔ Fish 2 [frame 3503] IoU=0.02
  Overlap detected: Fish 2 ↔ Fish 5 [frame 3503] IoU=0.01
  Overlap detected: Fish 3 ↔ Fish 4 [frame 3503] IoU=0.00
  Frozen during overlap [frame 3504]: Fish [1, 2, 3, 4, 5]
  Overlap detected: Fish 1 ↔ Fish 2 [frame 3504] IoU=0.02
  Overlap detected: Fish 2 ↔ Fish 5 [frame 3504] IoU=0.01
  Overlap detected: Fish 3 ↔ Fish 4 [frame 3504] IoU=0.00
  Frozen during overlap [frame 3505]: Fish [1, 2, 3, 4, 5]
  Overlap detected: Fish 1 ↔ Fish 2 [frame 3505] IoU=0.02
  Overlap detected: Fish 2 ↔ Fish 5 [frame 3505] IoU=0.01
  Overlap detected: Fish 3 ↔ Fish 4 [frame 3505] IoU=0.00
  Frozen during overlap [frame 3506]: Fish [1, 2, 3, 4, 5]
  Overlap detected: Fish 1 ↔ Fish 2 [frame 3506] IoU=0.02
  Overlap detected: Fish 2 ↔ Fish 5 [frame 3506] IoU=0.01
  Overlap detected: Fish 3 ↔ Fish 4 [frame 3506] IoU=0.00
  Frozen during overlap [frame 3507]: Fish [1, 2, 3, 4, 5]
  Overlap detected: Fish 1 ↔ Fish 2 [frame 3507] IoU=0.02
  Overlap detected: Fish 2 ↔ Fish 5 [frame 3507] IoU=0.01
  Overlap detected: Fish 3 ↔ Fish 4 [frame 3507] IoU=0.00
  Frozen during overlap [frame 3508]: Fish [1, 2, 3, 4, 5]
  Overlap detected: Fish 1 ↔ Fish 2 [frame 3508] IoU=0.02
  Overlap detected: Fish 2 ↔ Fish 5 [frame 3508] IoU=0.01
  Overlap detected: Fish 3 ↔ Fish 4 [frame 3508] IoU=0.00
  Frozen during overlap [frame 3509]: Fish [1, 2, 3, 4, 5]
  Overlap detected: Fish 1 ↔ Fish 2 [frame 3509] IoU=0.02
  Overlap detected: Fish 2 ↔ Fish 5 [frame 3509] IoU=0.01
  Overlap detected: Fish 3 ↔ Fish 4 [frame 3509] IoU=0.00
  Frozen during overlap [frame 3510]: Fish [1, 2, 3, 4, 5]
  Overlap detected: Fish 1 ↔ Fish 2 [frame 3510] IoU=0.02
  Overlap detected: Fish 2 ↔ Fish 5 [frame 3510] IoU=0.01
  Overlap detected: Fish 3 ↔ Fish 4 [frame 3510] IoU=0.00
  Frame 3510/3600 | second 58
  Frozen during overlap [frame 3511]: Fish [1, 2, 3, 4, 5]
  Overlap detected: Fish 1 ↔ Fish 2 [frame 3511] IoU=0.02
  Overlap detected: Fish 2 ↔ Fish 5 [frame 3511] IoU=0.01
  Overlap detected: Fish 3 ↔ Fish 4 [frame 3511] IoU=0.00
  Frozen during overlap [frame 3512]: Fish [1, 2, 3, 4, 5]
  Overlap detected: Fish 1 ↔ Fish 2 [frame 3512] IoU=0.02
  Overlap detected: Fish 2 ↔ Fish 5 [frame 3512] IoU=0.01
  Overlap detected: Fish 3 ↔ Fish 4 [frame 3512] IoU=0.00
  Frozen during overlap [frame 3513]: Fish [1, 2, 3, 4, 5]
  Overlap detected: Fish 1 ↔ Fish 2 [frame 3513] IoU=0.02
  Overlap detected: Fish 2 ↔ Fish 5 [frame 3513] IoU=0.01
  Overlap detected: Fish 3 ↔ Fish 4 [frame 3513] IoU=0.00
  Frozen during overlap [frame 3514]: Fish [1, 2, 3, 4, 5]
  Overlap detected: Fish 1 ↔ Fish 2 [frame 3514] IoU=0.02
  Overlap detected: Fish 2 ↔ Fish 5 [frame 3514] IoU=0.01
  Overlap detected: Fish 3 ↔ Fish 4 [frame 3514] IoU=0.00
  Frozen during overlap [frame 3515]: Fish [1, 2, 3, 4, 5]
  Overlap detected: Fish 1 ↔ Fish 2 [frame 3515] IoU=0.02
  Overlap detected: Fish 2 ↔ Fish 5 [frame 3515] IoU=0.01
  Overlap detected: Fish 3 ↔ Fish 4 [frame 3515] IoU=0.00
  Frozen during overlap [frame 3516]: Fish [1, 2, 3, 4, 5]
  Overlap detected: Fish 1 ↔ Fish 2 [frame 3516] IoU=0.02
  Overlap detected: Fish 2 ↔ Fish 5 [frame 3516] IoU=0.01
  Overlap detected: Fish 3 ↔ Fish 4 [frame 3516] IoU=0.00
  Frozen during overlap [frame 3517]: Fish [1, 2, 3, 4, 5]
  Overlap detected: Fish 1 ↔ Fish 2 [frame 3517] IoU=0.02
  Overlap detected: Fish 2 ↔ Fish 5 [frame 3517] IoU=0.01
  Overlap detected: Fish 3 ↔ Fish 4 [frame 3517] IoU=0.00
  Frozen during overlap [frame 3518]: Fish [1, 2, 3, 4, 5]
  Overlap detected: Fish 1 ↔ Fish 2 [frame 3518] IoU=0.02
  Overlap detected: Fish 2 ↔ Fish 5 [frame 3518] IoU=0.01
  Overlap detected: Fish 3 ↔ Fish 4 [frame 3518] IoU=0.00
  Frozen during overlap [frame 3519]: Fish [1, 2, 3, 4, 5]
  Overlap detected: Fish 1 ↔ Fish 2 [frame 3519] IoU=0.02
  Overlap detected: Fish 2 ↔ Fish 5 [frame 3519] IoU=0.01
  Overlap detected: Fish 3 ↔ Fish 4 [frame 3519] IoU=0.00
  Frozen during overlap [frame 3520]: Fish [1, 2, 3, 4, 5]
  Overlap detected: Fish 1 ↔ Fish 2 [frame 3520] IoU=0.02
  Overlap detected: Fish 2 ↔ Fish 5 [frame 3520] IoU=0.01
  Overlap detected: Fish 3 ↔ Fish 4 [frame 3520] IoU=0.00
  Frozen during overlap [frame 3521]: Fish [1, 2, 3, 4, 5]
  Overlap detected: Fish 1 ↔ Fish 2 [frame 3521] IoU=0.02
  Overlap detected: Fish 2 ↔ Fish 5 [frame 3521] IoU=0.01
  Overlap detected: Fish 3 ↔ Fish 4 [frame 3521] IoU=0.00
  Frozen during overlap [frame 3522]: Fish [1, 2, 3, 4, 5]
  Overlap detected: Fish 1 ↔ Fish 2 [frame 3522] IoU=0.02
  Overlap detected: Fish 2 ↔ Fish 5 [frame 3522] IoU=0.01
  Overlap detected: Fish 3 ↔ Fish 4 [frame 3522] IoU=0.00
  Frozen during overlap [frame 3523]: Fish [1, 2, 3, 4, 5]
  Overlap detected: Fish 1 ↔ Fish 2 [frame 3523] IoU=0.02
  Overlap detected: Fish 2 ↔ Fish 5 [frame 3523] IoU=0.01
  Overlap detected: Fish 3 ↔ Fish 4 [frame 3523] IoU=0.00
  Frozen during overlap [frame 3524]: Fish [1, 2, 3, 4, 5]
  Overlap detected: Fish 1 ↔ Fish 2 [frame 3524] IoU=0.02
  Overlap detected: Fish 2 ↔ Fish 5 [frame 3524] IoU=0.01
  Overlap detected: Fish 3 ↔ Fish 4 [frame 3524] IoU=0.00
  Frozen during overlap [frame 3525]: Fish [1, 2, 3, 4, 5]
  Overlap detected: Fish 1 ↔ Fish 2 [frame 3525] IoU=0.02
  Overlap detected: Fish 2 ↔ Fish 5 [frame 3525] IoU=0.01
  Overlap detected: Fish 3 ↔ Fish 4 [frame 3525] IoU=0.00
  Frozen during overlap [frame 3526]: Fish [1, 2, 3, 4, 5]
  Overlap detected: Fish 1 ↔ Fish 2 [frame 3526] IoU=0.02
  Overlap detected: Fish 2 ↔ Fish 5 [frame 3526] IoU=0.01
  Overlap detected: Fish 3 ↔ Fish 4 [frame 3526] IoU=0.00
  Frozen during overlap [frame 3527]: Fish [1, 2, 3, 4, 5]
  Overlap detected: Fish 1 ↔ Fish 2 [frame 3527] IoU=0.02
  Overlap detected: Fish 2 ↔ Fish 5 [frame 3527] IoU=0.01
  Overlap detected: Fish 3 ↔ Fish 4 [frame 3527] IoU=0.00
  Frozen during overlap [frame 3528]: Fish [1, 2, 3, 4, 5]
  Overlap detected: Fish 1 ↔ Fish 2 [frame 3528] IoU=0.02
  Overlap detected: Fish 2 ↔ Fish 5 [frame 3528] IoU=0.01
  Overlap detected: Fish 3 ↔ Fish 4 [frame 3528] IoU=0.00
  Frozen during overlap [frame 3529]: Fish [1, 2, 3, 4, 5]
  Overlap detected: Fish 1 ↔ Fish 2 [frame 3529] IoU=0.02
  Overlap detected: Fish 2 ↔ Fish 5 [frame 3529] IoU=0.01
  Overlap detected: Fish 3 ↔ Fish 4 [frame 3529] IoU=0.00
  Frozen during overlap [frame 3530]: Fish [1, 2, 3, 4, 5]
  Overlap detected: Fish 1 ↔ Fish 2 [frame 3530] IoU=0.02
  Overlap detected: Fish 2 ↔ Fish 5 [frame 3530] IoU=0.01
  Overlap detected: Fish 3 ↔ Fish 4 [frame 3530] IoU=0.00
  Frozen during overlap [frame 3531]: Fish [1, 2, 3, 4, 5]
  Overlap detected: Fish 1 ↔ Fish 2 [frame 3531] IoU=0.02
  Overlap detected: Fish 2 ↔ Fish 5 [frame 3531] IoU=0.01
  Overlap detected: Fish 3 ↔ Fish 4 [frame 3531] IoU=0.00
  Frozen during overlap [frame 3532]: Fish [1, 2, 3, 4, 5]
  Overlap detected: Fish 1 ↔ Fish 2 [frame 3532] IoU=0.02
  Overlap detected: Fish 2 ↔ Fish 5 [frame 3532] IoU=0.01
  Overlap detected: Fish 3 ↔ Fish 4 [frame 3532] IoU=0.00
  Frozen during overlap [frame 3533]: Fish [1, 2, 3, 4, 5]
  Overlap detected: Fish 1 ↔ Fish 2 [frame 3533] IoU=0.02
  Overlap detected: Fish 2 ↔ Fish 5 [frame 3533] IoU=0.01
  Overlap detected: Fish 3 ↔ Fish 4 [frame 3533] IoU=0.00
  Frozen during overlap [frame 3534]: Fish [1, 2, 3, 4, 5]
  Overlap detected: Fish 1 ↔ Fish 2 [frame 3534] IoU=0.02
  Overlap detected: Fish 2 ↔ Fish 5 [frame 3534] IoU=0.01
  Overlap detected: Fish 3 ↔ Fish 4 [frame 3534] IoU=0.00
  Frozen during overlap [frame 3535]: Fish [1, 2, 3, 4, 5]
  Overlap detected: Fish 1 ↔ Fish 2 [frame 3535] IoU=0.02
  Overlap detected: Fish 2 ↔ Fish 5 [frame 3535] IoU=0.01
  Overlap detected: Fish 3 ↔ Fish 4 [frame 3535] IoU=0.00
  Frozen during overlap [frame 3536]: Fish [1, 2, 3, 4, 5]
  Overlap detected: Fish 1 ↔ Fish 2 [frame 3536] IoU=0.02
  Overlap detected: Fish 2 ↔ Fish 5 [frame 3536] IoU=0.01
  Overlap detected: Fish 3 ↔ Fish 4 [frame 3536] IoU=0.00
  Frozen during overlap [frame 3537]: Fish [1, 2, 3, 4, 5]
  Overlap detected: Fish 1 ↔ Fish 2 [frame 3537] IoU=0.02
  Overlap detected: Fish 2 ↔ Fish 5 [frame 3537] IoU=0.01
  Overlap detected: Fish 3 ↔ Fish 4 [frame 3537] IoU=0.00
  Frozen during overlap [frame 3538]: Fish [1, 2, 3, 4, 5]
  Overlap detected: Fish 1 ↔ Fish 2 [frame 3538] IoU=0.02
  Overlap detected: Fish 2 ↔ Fish 5 [frame 3538] IoU=0.01
  Overlap detected: Fish 3 ↔ Fish 4 [frame 3538] IoU=0.00
  Frozen during overlap [frame 3539]: Fish [1, 2, 3, 4, 5]
  Overlap detected: Fish 1 ↔ Fish 2 [frame 3539] IoU=0.02
  Overlap detected: Fish 2 ↔ Fish 5 [frame 3539] IoU=0.01
  Overlap detected: Fish 3 ↔ Fish 4 [frame 3539] IoU=0.00
  Frozen during overlap [frame 3540]: Fish [1, 2, 3, 4, 5]
  Overlap detected: Fish 1 ↔ Fish 2 [frame 3540] IoU=0.02
  Overlap detected: Fish 2 ↔ Fish 5 [frame 3540] IoU=0.01
  Overlap detected: Fish 3 ↔ Fish 4 [frame 3540] IoU=0.00
  Frame 3540/3600 | second 59
  Frozen during overlap [frame 3541]: Fish [1, 2, 3, 4, 5]
  Overlap detected: Fish 1 ↔ Fish 2 [frame 3541] IoU=0.02
  Overlap detected: Fish 2 ↔ Fish 5 [frame 3541] IoU=0.01
  Overlap detected: Fish 3 ↔ Fish 4 [frame 3541] IoU=0.00
  Frozen during overlap [frame 3542]: Fish [1, 2, 3, 4, 5]
  Overlap detected: Fish 1 ↔ Fish 2 [frame 3542] IoU=0.02
  Overlap detected: Fish 2 ↔ Fish 5 [frame 3542] IoU=0.01
  Overlap detected: Fish 3 ↔ Fish 4 [frame 3542] IoU=0.00
  Frozen during overlap [frame 3543]: Fish [1, 2, 3, 4, 5]
  Overlap detected: Fish 1 ↔ Fish 2 [frame 3543] IoU=0.02
  Overlap detected: Fish 2 ↔ Fish 5 [frame 3543] IoU=0.01
  Overlap detected: Fish 3 ↔ Fish 4 [frame 3543] IoU=0.00
  Frozen during overlap [frame 3544]: Fish [1, 2, 3, 4, 5]
  Overlap detected: Fish 1 ↔ Fish 2 [frame 3544] IoU=0.02
  Overlap detected: Fish 2 ↔ Fish 5 [frame 3544] IoU=0.01
  Overlap detected: Fish 3 ↔ Fish 4 [frame 3544] IoU=0.00
  Frozen during overlap [frame 3545]: Fish [1, 2, 3, 4, 5]
  Overlap detected: Fish 1 ↔ Fish 2 [frame 3545] IoU=0.02
  Overlap detected: Fish 2 ↔ Fish 5 [frame 3545] IoU=0.01
  Overlap detected: Fish 3 ↔ Fish 4 [frame 3545] IoU=0.00
  Frozen during overlap [frame 3546]: Fish [1, 2, 3, 4, 5]
  Overlap detected: Fish 1 ↔ Fish 2 [frame 3546] IoU=0.02
  Overlap detected: Fish 2 ↔ Fish 5 [frame 3546] IoU=0.01
  Overlap detected: Fish 3 ↔ Fish 4 [frame 3546] IoU=0.00
  Frozen during overlap [frame 3547]: Fish [1, 2, 3, 4, 5]
  Overlap detected: Fish 1 ↔ Fish 2 [frame 3547] IoU=0.02
  Overlap detected: Fish 2 ↔ Fish 5 [frame 3547] IoU=0.01
  Overlap detected: Fish 3 ↔ Fish 4 [frame 3547] IoU=0.00
  Frozen during overlap [frame 3548]: Fish [1, 2, 3, 4, 5]
  Overlap detected: Fish 1 ↔ Fish 2 [frame 3548] IoU=0.02
  Overlap detected: Fish 2 ↔ Fish 5 [frame 3548] IoU=0.01
  Overlap detected: Fish 3 ↔ Fish 4 [frame 3548] IoU=0.00
  Frozen during overlap [frame 3549]: Fish [1, 2, 3, 4, 5]
  Overlap detected: Fish 1 ↔ Fish 2 [frame 3549] IoU=0.02
  Overlap detected: Fish 2 ↔ Fish 5 [frame 3549] IoU=0.01
  Overlap detected: Fish 3 ↔ Fish 4 [frame 3549] IoU=0.00
  Frozen during overlap [frame 3550]: Fish [1, 2, 3, 4, 5]
  Overlap detected: Fish 1 ↔ Fish 2 [frame 3550] IoU=0.02
  Overlap detected: Fish 2 ↔ Fish 5 [frame 3550] IoU=0.01
  Overlap detected: Fish 3 ↔ Fish 4 [frame 3550] IoU=0.00
  Frozen during overlap [frame 3551]: Fish [1, 2, 3, 4, 5]
  Overlap detected: Fish 1 ↔ Fish 2 [frame 3551] IoU=0.02
  Overlap detected: Fish 2 ↔ Fish 5 [frame 3551] IoU=0.01
  Overlap detected: Fish 3 ↔ Fish 4 [frame 3551] IoU=0.00
  Frozen during overlap [frame 3552]: Fish [1, 2, 3, 4, 5]
  Overlap detected: Fish 1 ↔ Fish 2 [frame 3552] IoU=0.02
  Overlap detected: Fish 2 ↔ Fish 5 [frame 3552] IoU=0.01
  Overlap detected: Fish 3 ↔ Fish 4 [frame 3552] IoU=0.00
  Frozen during overlap [frame 3553]: Fish [1, 2, 3, 4, 5]
  Overlap detected: Fish 1 ↔ Fish 2 [frame 3553] IoU=0.02
  Overlap detected: Fish 2 ↔ Fish 5 [frame 3553] IoU=0.01
  Overlap detected: Fish 3 ↔ Fish 4 [frame 3553] IoU=0.00
  Frozen during overlap [frame 3554]: Fish [1, 2, 3, 4, 5]
  Overlap detected: Fish 1 ↔ Fish 2 [frame 3554] IoU=0.02
  Overlap detected: Fish 2 ↔ Fish 5 [frame 3554] IoU=0.01
  Overlap detected: Fish 3 ↔ Fish 4 [frame 3554] IoU=0.00
  Frozen during overlap [frame 3555]: Fish [1, 2, 3, 4, 5]
  Overlap detected: Fish 1 ↔ Fish 2 [frame 3555] IoU=0.02
  Overlap detected: Fish 2 ↔ Fish 5 [frame 3555] IoU=0.01
  Overlap detected: Fish 3 ↔ Fish 4 [frame 3555] IoU=0.00
  Frozen during overlap [frame 3556]: Fish [1, 2, 3, 4, 5]
  Overlap detected: Fish 1 ↔ Fish 2 [frame 3556] IoU=0.02
  Overlap detected: Fish 2 ↔ Fish 5 [frame 3556] IoU=0.01
  Overlap detected: Fish 3 ↔ Fish 4 [frame 3556] IoU=0.00
  Frozen during overlap [frame 3557]: Fish [1, 2, 3, 4, 5]
  Overlap detected: Fish 1 ↔ Fish 2 [frame 3557] IoU=0.02
  Overlap detected: Fish 2 ↔ Fish 5 [frame 3557] IoU=0.01
  Overlap detected: Fish 3 ↔ Fish 4 [frame 3557] IoU=0.00
  Frozen during overlap [frame 3558]: Fish [1, 2, 3, 4, 5]
  Overlap detected: Fish 1 ↔ Fish 2 [frame 3558] IoU=0.02
  Overlap detected: Fish 2 ↔ Fish 5 [frame 3558] IoU=0.01
  Overlap detected: Fish 3 ↔ Fish 4 [frame 3558] IoU=0.00
  Frozen during overlap [frame 3559]: Fish [1, 2, 3, 4, 5]
  Overlap detected: Fish 1 ↔ Fish 2 [frame 3559] IoU=0.02
  Overlap detected: Fish 2 ↔ Fish 5 [frame 3559] IoU=0.01
  Overlap detected: Fish 3 ↔ Fish 4 [frame 3559] IoU=0.00
  Frozen during overlap [frame 3560]: Fish [1, 2, 3, 4, 5]
  Overlap detected: Fish 1 ↔ Fish 2 [frame 3560] IoU=0.02
  Overlap detected: Fish 2 ↔ Fish 5 [frame 3560] IoU=0.01
  Overlap detected: Fish 3 ↔ Fish 4 [frame 3560] IoU=0.00
  Frozen during overlap [frame 3561]: Fish [1, 2, 3, 4, 5]
  Overlap detected: Fish 1 ↔ Fish 2 [frame 3561] IoU=0.02
  Overlap detected: Fish 2 ↔ Fish 5 [frame 3561] IoU=0.01
  Overlap detected: Fish 3 ↔ Fish 4 [frame 3561] IoU=0.00
  Frozen during overlap [frame 3562]: Fish [1, 2, 3, 4, 5]
  Overlap detected: Fish 1 ↔ Fish 2 [frame 3562] IoU=0.02
  Overlap detected: Fish 2 ↔ Fish 5 [frame 3562] IoU=0.01
  Overlap detected: Fish 3 ↔ Fish 4 [frame 3562] IoU=0.00
  Frozen during overlap [frame 3563]: Fish [1, 2, 3, 4, 5]
  Overlap detected: Fish 1 ↔ Fish 2 [frame 3563] IoU=0.02
  Overlap detected: Fish 2 ↔ Fish 5 [frame 3563] IoU=0.01
  Overlap detected: Fish 3 ↔ Fish 4 [frame 3563] IoU=0.00
  Frozen during overlap [frame 3564]: Fish [1, 2, 3, 4, 5]
  Overlap detected: Fish 1 ↔ Fish 2 [frame 3564] IoU=0.02
  Overlap detected: Fish 2 ↔ Fish 5 [frame 3564] IoU=0.01
  Overlap detected: Fish 3 ↔ Fish 4 [frame 3564] IoU=0.00
  Frozen during overlap [frame 3565]: Fish [1, 2, 3, 4, 5]
  Overlap detected: Fish 1 ↔ Fish 2 [frame 3565] IoU=0.02
  Overlap detected: Fish 2 ↔ Fish 5 [frame 3565] IoU=0.01
  Overlap detected: Fish 3 ↔ Fish 4 [frame 3565] IoU=0.00
  Frozen during overlap [frame 3566]: Fish [1, 2, 3, 4, 5]
  Overlap detected: Fish 1 ↔ Fish 2 [frame 3566] IoU=0.02
  Overlap detected: Fish 2 ↔ Fish 5 [frame 3566] IoU=0.01
  Overlap detected: Fish 3 ↔ Fish 4 [frame 3566] IoU=0.00
  Frozen during overlap [frame 3567]: Fish [1, 2, 3, 4, 5]
  Overlap detected: Fish 1 ↔ Fish 2 [frame 3567] IoU=0.02
  Overlap detected: Fish 2 ↔ Fish 5 [frame 3567] IoU=0.01
  Overlap detected: Fish 3 ↔ Fish 4 [frame 3567] IoU=0.00
  Frozen during overlap [frame 3568]: Fish [1, 2, 3, 4, 5]
  Overlap detected: Fish 1 ↔ Fish 2 [frame 3568] IoU=0.02
  Overlap detected: Fish 2 ↔ Fish 5 [frame 3568] IoU=0.01
  Overlap detected: Fish 3 ↔ Fish 4 [frame 3568] IoU=0.00
  Frozen during overlap [frame 3569]: Fish [1, 2, 3, 4, 5]
  Overlap detected: Fish 1 ↔ Fish 2 [frame 3569] IoU=0.02
  Overlap detected: Fish 2 ↔ Fish 5 [frame 3569] IoU=0.01
  Overlap detected: Fish 3 ↔ Fish 4 [frame 3569] IoU=0.00
  Frozen during overlap [frame 3570]: Fish [1, 2, 3, 4, 5]
  Overlap detected: Fish 1 ↔ Fish 2 [frame 3570] IoU=0.02
  Overlap detected: Fish 2 ↔ Fish 5 [frame 3570] IoU=0.01
  Overlap detected: Fish 3 ↔ Fish 4 [frame 3570] IoU=0.00
  Frame 3570/3600 | second 59
  Frozen during overlap [frame 3571]: Fish [1, 2, 3, 4, 5]
  Overlap detected: Fish 1 ↔ Fish 2 [frame 3571] IoU=0.02
  Overlap detected: Fish 2 ↔ Fish 5 [frame 3571] IoU=0.01
  Overlap detected: Fish 3 ↔ Fish 4 [frame 3571] IoU=0.00
  Frozen during overlap [frame 3572]: Fish [1, 2, 3, 4, 5]
  Overlap detected: Fish 1 ↔ Fish 2 [frame 3572] IoU=0.02
  Overlap detected: Fish 2 ↔ Fish 5 [frame 3572] IoU=0.01
  Overlap detected: Fish 3 ↔ Fish 4 [frame 3572] IoU=0.00
  Frozen during overlap [frame 3573]: Fish [1, 2, 3, 4, 5]
  Overlap detected: Fish 1 ↔ Fish 2 [frame 3573] IoU=0.02
  Overlap detected: Fish 2 ↔ Fish 5 [frame 3573] IoU=0.01
  Overlap detected: Fish 3 ↔ Fish 4 [frame 3573] IoU=0.00
  Frozen during overlap [frame 3574]: Fish [1, 2, 3, 4, 5]
  Overlap detected: Fish 1 ↔ Fish 2 [frame 3574] IoU=0.02
  Overlap detected: Fish 2 ↔ Fish 5 [frame 3574] IoU=0.01
  Overlap detected: Fish 3 ↔ Fish 4 [frame 3574] IoU=0.00
  Frozen during overlap [frame 3575]: Fish [1, 2, 3, 4, 5]
  Overlap detected: Fish 1 ↔ Fish 2 [frame 3575] IoU=0.02
  Overlap detected: Fish 2 ↔ Fish 5 [frame 3575] IoU=0.01
  Overlap detected: Fish 3 ↔ Fish 4 [frame 3575] IoU=0.00
  Frozen during overlap [frame 3576]: Fish [1, 2, 3, 4, 5]
  Overlap detected: Fish 1 ↔ Fish 2 [frame 3576] IoU=0.02
  Overlap detected: Fish 2 ↔ Fish 5 [frame 3576] IoU=0.01
  Overlap detected: Fish 3 ↔ Fish 4 [frame 3576] IoU=0.00
  Frozen during overlap [frame 3577]: Fish [1, 2, 3, 4, 5]
  Overlap detected: Fish 1 ↔ Fish 2 [frame 3577] IoU=0.02
  Overlap detected: Fish 2 ↔ Fish 5 [frame 3577] IoU=0.01
  Overlap detected: Fish 3 ↔ Fish 4 [frame 3577] IoU=0.00
  Frozen during overlap [frame 3578]: Fish [1, 2, 3, 4, 5]
  Overlap detected: Fish 1 ↔ Fish 2 [frame 3578] IoU=0.02
  Overlap detected: Fish 2 ↔ Fish 5 [frame 3578] IoU=0.01
  Overlap detected: Fish 3 ↔ Fish 4 [frame 3578] IoU=0.00
  Frozen during overlap [frame 3579]: Fish [1, 2, 3, 4, 5]
  Overlap detected: Fish 1 ↔ Fish 2 [frame 3579] IoU=0.02
  Overlap detected: Fish 2 ↔ Fish 5 [frame 3579] IoU=0.01
  Overlap detected: Fish 3 ↔ Fish 4 [frame 3579] IoU=0.00
  Frozen during overlap [frame 3580]: Fish [1, 2, 3, 4, 5]
  Overlap detected: Fish 1 ↔ Fish 2 [frame 3580] IoU=0.02
  Overlap detected: Fish 2 ↔ Fish 5 [frame 3580] IoU=0.01
  Overlap detected: Fish 3 ↔ Fish 4 [frame 3580] IoU=0.00
  Frozen during overlap [frame 3581]: Fish [1, 2, 3, 4, 5]
  Overlap detected: Fish 1 ↔ Fish 2 [frame 3581] IoU=0.02
  Overlap detected: Fish 2 ↔ Fish 5 [frame 3581] IoU=0.01
  Overlap detected: Fish 3 ↔ Fish 4 [frame 3581] IoU=0.00
  Frozen during overlap [frame 3582]: Fish [1, 2, 3, 4, 5]
  Overlap detected: Fish 1 ↔ Fish 2 [frame 3582] IoU=0.02
  Overlap detected: Fish 2 ↔ Fish 5 [frame 3582] IoU=0.01
  Overlap detected: Fish 3 ↔ Fish 4 [frame 3582] IoU=0.00
  Frozen during overlap [frame 3583]: Fish [1, 2, 3, 4, 5]
  Overlap detected: Fish 1 ↔ Fish 2 [frame 3583] IoU=0.02
  Overlap detected: Fish 2 ↔ Fish 5 [frame 3583] IoU=0.01
  Overlap detected: Fish 3 ↔ Fish 4 [frame 3583] IoU=0.00
  Frozen during overlap [frame 3584]: Fish [1, 2, 3, 4, 5]
  Overlap detected: Fish 1 ↔ Fish 2 [frame 3584] IoU=0.02
  Overlap detected: Fish 2 ↔ Fish 5 [frame 3584] IoU=0.01
  Overlap detected: Fish 3 ↔ Fish 4 [frame 3584] IoU=0.00
  Frozen during overlap [frame 3585]: Fish [1, 2, 3, 4, 5]
  Overlap detected: Fish 1 ↔ Fish 2 [frame 3585] IoU=0.02
  Overlap detected: Fish 2 ↔ Fish 5 [frame 3585] IoU=0.01
  Overlap detected: Fish 3 ↔ Fish 4 [frame 3585] IoU=0.00
  Frozen during overlap [frame 3586]: Fish [1, 2, 3, 4, 5]
  Overlap detected: Fish 1 ↔ Fish 2 [frame 3586] IoU=0.02
  Overlap detected: Fish 2 ↔ Fish 5 [frame 3586] IoU=0.01
  Overlap detected: Fish 3 ↔ Fish 4 [frame 3586] IoU=0.00
  Frozen during overlap [frame 3587]: Fish [1, 2, 3, 4, 5]
  Overlap detected: Fish 1 ↔ Fish 2 [frame 3587] IoU=0.02
  Overlap detected: Fish 2 ↔ Fish 5 [frame 3587] IoU=0.01
  Overlap detected: Fish 3 ↔ Fish 4 [frame 3587] IoU=0.00
  Frozen during overlap [frame 3588]: Fish [1, 2, 3, 4, 5]
  Overlap detected: Fish 1 ↔ Fish 2 [frame 3588] IoU=0.02
  Overlap detected: Fish 2 ↔ Fish 5 [frame 3588] IoU=0.01
  Overlap detected: Fish 3 ↔ Fish 4 [frame 3588] IoU=0.00
  Frozen during overlap [frame 3589]: Fish [1, 2, 3, 4, 5]
  Overlap detected: Fish 1 ↔ Fish 2 [frame 3589] IoU=0.02
  Overlap detected: Fish 2 ↔ Fish 5 [frame 3589] IoU=0.01
  Overlap detected: Fish 3 ↔ Fish 4 [frame 3589] IoU=0.00
  Frozen during overlap [frame 3590]: Fish [1, 2, 3, 4, 5]
  Overlap detected: Fish 1 ↔ Fish 2 [frame 3590] IoU=0.02
  Overlap detected: Fish 2 ↔ Fish 5 [frame 3590] IoU=0.01
  Overlap detected: Fish 3 ↔ Fish 4 [frame 3590] IoU=0.00
  Frozen during overlap [frame 3591]: Fish [1, 2, 3, 4, 5]
  Overlap detected: Fish 1 ↔ Fish 2 [frame 3591] IoU=0.02
  Overlap detected: Fish 2 ↔ Fish 5 [frame 3591] IoU=0.01
  Overlap detected: Fish 3 ↔ Fish 4 [frame 3591] IoU=0.00
  Frozen during overlap [frame 3592]: Fish [1, 2, 3, 4, 5]
  Overlap detected: Fish 1 ↔ Fish 2 [frame 3592] IoU=0.02
  Overlap detected: Fish 2 ↔ Fish 5 [frame 3592] IoU=0.01
  Overlap detected: Fish 3 ↔ Fish 4 [frame 3592] IoU=0.00
  Frozen during overlap [frame 3593]: Fish [1, 2, 3, 4, 5]
  Overlap detected: Fish 1 ↔ Fish 2 [frame 3593] IoU=0.02
  Overlap detected: Fish 2 ↔ Fish 5 [frame 3593] IoU=0.01
  Overlap detected: Fish 3 ↔ Fish 4 [frame 3593] IoU=0.00
  Frozen during overlap [frame 3594]: Fish [1, 2, 3, 4, 5]
  Overlap detected: Fish 1 ↔ Fish 2 [frame 3594] IoU=0.02
  Overlap detected: Fish 2 ↔ Fish 5 [frame 3594] IoU=0.01
  Overlap detected: Fish 3 ↔ Fish 4 [frame 3594] IoU=0.00
  Frozen during overlap [frame 3595]: Fish [1, 2, 3, 4, 5]
  Overlap detected: Fish 1 ↔ Fish 2 [frame 3595] IoU=0.02
  Overlap detected: Fish 2 ↔ Fish 5 [frame 3595] IoU=0.01
  Overlap detected: Fish 3 ↔ Fish 4 [frame 3595] IoU=0.00
  Frozen during overlap [frame 3596]: Fish [1, 2, 3, 4, 5]
  Overlap detected: Fish 1 ↔ Fish 2 [frame 3596] IoU=0.02
  Overlap detected: Fish 2 ↔ Fish 5 [frame 3596] IoU=0.01
  Overlap detected: Fish 3 ↔ Fish 4 [frame 3596] IoU=0.00
  Frozen during overlap [frame 3597]: Fish [1, 2, 3, 4, 5]
  Overlap detected: Fish 1 ↔ Fish 2 [frame 3597] IoU=0.02
  Overlap detected: Fish 2 ↔ Fish 5 [frame 3597] IoU=0.01
  Overlap detected: Fish 3 ↔ Fish 4 [frame 3597] IoU=0.00
  Frozen during overlap [frame 3598]: Fish [1, 2, 3, 4, 5]
  Overlap detected: Fish 1 ↔ Fish 2 [frame 3598] IoU=0.02
  Overlap detected: Fish 2 ↔ Fish 5 [frame 3598] IoU=0.01
  Overlap detected: Fish 3 ↔ Fish 4 [frame 3598] IoU=0.00
  Frozen during overlap [frame 3599]: Fish [1, 2, 3, 4, 5]
  Overlap detected: Fish 1 ↔ Fish 2 [frame 3599] IoU=0.02
  Overlap detected: Fish 2 ↔ Fish 5 [frame 3599] IoU=0.01
  Overlap detected: Fish 3 ↔ Fish 4 [frame 3599] IoU=0.00

Done. Saved to output_video_zebratracker/tracker_IMG_0350_2026_06_17_run2_freeze_fix.mp4
