==================================================
  Video:          videos/IMG_0350.MOV
  Model:          runs/aquamind_yolov8_run1_20260614_1446/weights/best.pt
  Output:         output_video_zebratracker/tracker_2026_06_17_1252_IMG_0350_0764_0909_0350HM_track_14_03.mp4
  Seconds:        0 → None
  Fish:           5
  Calibration:    10 seconds
  confirm_hits:   200 frames
  max_distance:   150 px
  max_missing:    300 frames
==================================================
Press Enter to start...  Frame 0/11769 | second 0
  Frame 30/11769 | second 0
  Frame 60/11769 | second 1
  Frame 90/11769 | second 1
  Frame 120/11769 | second 2
  Frame 150/11769 | second 2
  Frame 180/11769 | second 3
  Fish 1 confirmed after 200 frames
  Fish 2 confirmed after 200 frames
  Fish 3 confirmed after 200 frames
  Fish 4 confirmed after 200 frames
  Frame 210/11769 | second 3
  Fish 5 confirmed after 200 frames
  Fish 3 recovered after 4 missing frames
  Frame 240/11769 | second 4
  Fish 5 recovered after 5 missing frames
  Frame 270/11769 | second 4
  Fish 5 recovered after 11 missing frames
  Fish 5 recovered after 3 missing frames
  Overlap detected: Fish 1 ↔ Fish 3 [frame 287] IoU=0.00
  Overlap detected: Fish 1 ↔ Fish 3 [frame 288] IoU=0.01
  Overlap detected: Fish 1 ↔ Fish 3 [frame 289] IoU=0.02
  Overlap detected: Fish 1 ↔ Fish 3 [frame 290] IoU=0.04
  Overlap detected: Fish 1 ↔ Fish 3 [frame 291] IoU=0.05
  Overlap detected: Fish 1 ↔ Fish 3 [frame 292] IoU=0.05
  Overlap detected: Fish 1 ↔ Fish 3 [frame 293] IoU=0.05
  Overlap detected: Fish 1 ↔ Fish 3 [frame 294] IoU=0.07
  Overlap detected: Fish 1 ↔ Fish 3 [frame 295] IoU=0.09
  Overlap detected: Fish 1 ↔ Fish 3 [frame 296] IoU=0.09
  Overlap detected: Fish 1 ↔ Fish 3 [frame 297] IoU=0.16
  Crossing started: Fish 1 ↔ Fish 3 [frame 297]
  Overlap detected: Fish 1 ↔ Fish 3 [frame 298] IoU=0.17
  Overlap detected: Fish 1 ↔ Fish 3 [frame 299] IoU=0.19
  Overlap detected: Fish 1 ↔ Fish 3 [frame 300] IoU=0.31
  Frame 300/11769 | second 5
  Overlap detected: Fish 1 ↔ Fish 3 [frame 301] IoU=0.30
  Overlap detected: Fish 1 ↔ Fish 3 [frame 302] IoU=0.19
  Overlap detected: Fish 1 ↔ Fish 3 [frame 303] IoU=0.19
  Overlap detected: Fish 1 ↔ Fish 3 [frame 304] IoU=0.15
  Overlap detected: Fish 1 ↔ Fish 3 [frame 305] IoU=0.16
  Fish 1 ↔ Fish 3: crossing resolved, no swap needed
  Overlap detected: Fish 1 ↔ Fish 3 [frame 306] IoU=0.10
  Overlap detected: Fish 1 ↔ Fish 3 [frame 307] IoU=0.07
  Overlap detected: Fish 1 ↔ Fish 3 [frame 308] IoU=0.04
  Overlap detected: Fish 1 ↔ Fish 3 [frame 309] IoU=0.01
  Frame 330/11769 | second 5
  Frame 360/11769 | second 6
  Frame 390/11769 | second 6
  Overlap detected: Fish 1 ↔ Fish 3 [frame 420] IoU=0.01
  Frame 420/11769 | second 7
  Overlap detected: Fish 1 ↔ Fish 3 [frame 421] IoU=0.06
  Overlap detected: Fish 1 ↔ Fish 3 [frame 422] IoU=0.05
  Overlap detected: Fish 1 ↔ Fish 3 [frame 423] IoU=0.06
  Overlap detected: Fish 1 ↔ Fish 3 [frame 424] IoU=0.08
  Overlap detected: Fish 1 ↔ Fish 3 [frame 425] IoU=0.09
  Overlap detected: Fish 1 ↔ Fish 3 [frame 426] IoU=0.09
  Crossing started: Fish 1 ↔ Fish 3 [frame 426]
  Overlap detected: Fish 1 ↔ Fish 3 [frame 427] IoU=0.06
  Overlap detected: Fish 1 ↔ Fish 3 [frame 428] IoU=0.04
  Fish 1 ↔ Fish 3: crossing resolved, no swap needed
  Fish 5 recovered after 1 missing frames
  Frame 450/11769 | second 7
  Fish 5 recovered after 12 missing frames
  Frame 480/11769 | second 8
  Crossing started: Fish 3 ↔ Fish 5 [frame 499]
  Overlap detected: Fish 3 ↔ Fish 5 [frame 500] IoU=0.23
  Overlap detected: Fish 3 ↔ Fish 5 [frame 501] IoU=0.29
  Fish 1 recovered after 1 missing frames
  Overlap detected: Fish 3 ↔ Fish 5 [frame 502] IoU=0.17
  Overlap detected: Fish 3 ↔ Fish 5 [frame 503] IoU=0.17
  Overlap detected: Fish 3 ↔ Fish 5 [frame 504] IoU=0.29
  Overlap detected: Fish 3 ↔ Fish 5 [frame 505] IoU=0.29
  Overlap detected: Fish 3 ↔ Fish 5 [frame 506] IoU=0.25
  Overlap detected: Fish 3 ↔ Fish 5 [frame 507] IoU=0.26
  Fish 1 recovered after 1 missing frames
  Overlap detected: Fish 3 ↔ Fish 5 [frame 508] IoU=0.15
  Overlap detected: Fish 3 ↔ Fish 5 [frame 509] IoU=0.14
  Fish 1 recovered after 1 missing frames
  Overlap detected: Fish 3 ↔ Fish 5 [frame 510] IoU=0.22
  Frame 510/11769 | second 8
  Fish 3 recovered after 11 missing frames
  Overlap detected: Fish 3 ↔ Fish 5 [frame 511] IoU=0.38
  Overlap detected: Fish 3 ↔ Fish 5 [frame 512] IoU=0.38
  Overlap detected: Fish 3 ↔ Fish 5 [frame 513] IoU=0.50
  Overlap detected: Fish 3 ↔ Fish 5 [frame 514] IoU=0.47
  Overlap detected: Fish 3 ↔ Fish 5 [frame 515] IoU=0.72
  Fish 3 recovered after 1 missing frames
  Overlap detected: Fish 3 ↔ Fish 5 [frame 516] IoU=0.20
  Overlap detected: Fish 3 ↔ Fish 5 [frame 517] IoU=0.23
  Overlap detected: Fish 3 ↔ Fish 5 [frame 518] IoU=0.06
  Overlap detected: Fish 3 ↔ Fish 5 [frame 519] IoU=0.06
  Overlap detected: Fish 3 ↔ Fish 5 [frame 520] IoU=0.03
  Overlap detected: Fish 3 ↔ Fish 5 [frame 521] IoU=0.03
  Overlap detected: Fish 3 ↔ Fish 5 [frame 522] IoU=0.04
  Overlap detected: Fish 3 ↔ Fish 5 [frame 523] IoU=0.03
  Fish 3 ↔ Fish 5: crossing resolved, no swap needed
  Frame 540/11769 | second 9
  Frame 570/11769 | second 9
  Frame 600/11769 | second 10
  Frame 630/11769 | second 10
  Fish 3 recovered after 10 missing frames
  Fish 3 recovered after 3 missing frames
  Fish 3 recovered after 2 missing frames
  Fish 3 recovered after 7 missing frames
  Overlap detected: Fish 1 ↔ Fish 5 [frame 654] IoU=0.02
  Overlap detected: Fish 1 ↔ Fish 5 [frame 655] IoU=0.06
  Crossing started: Fish 1 ↔ Fish 5 [frame 655]
  Overlap detected: Fish 1 ↔ Fish 5 [frame 656] IoU=0.23
  Overlap detected: Fish 1 ↔ Fish 5 [frame 657] IoU=0.25
  Overlap detected: Fish 1 ↔ Fish 5 [frame 658] IoU=0.22
  Fish 1 recovered after 3 missing frames
  Overlap detected: Fish 1 ↔ Fish 5 [frame 659] IoU=0.47
  Overlap detected: Fish 1 ↔ Fish 5 [frame 660] IoU=0.48
  Frame 660/11769 | second 11
  Fish 1 recovered after 1 missing frames
  Overlap detected: Fish 1 ↔ Fish 5 [frame 661] IoU=0.48
  Overlap detected: Fish 1 ↔ Fish 5 [frame 662] IoU=0.53
  Overlap detected: Fish 1 ↔ Fish 5 [frame 663] IoU=0.50
  Overlap detected: Fish 1 ↔ Fish 5 [frame 664] IoU=0.48
  Overlap detected: Fish 1 ↔ Fish 5 [frame 665] IoU=0.50
  Overlap detected: Fish 1 ↔ Fish 5 [frame 666] IoU=0.53
  Overlap detected: Fish 1 ↔ Fish 5 [frame 667] IoU=0.51
  Overlap detected: Fish 1 ↔ Fish 5 [frame 668] IoU=0.52
  Overlap detected: Fish 1 ↔ Fish 5 [frame 669] IoU=0.48
  Overlap detected: Fish 1 ↔ Fish 5 [frame 670] IoU=0.47
  Overlap detected: Fish 1 ↔ Fish 5 [frame 671] IoU=0.43
  Overlap detected: Fish 1 ↔ Fish 5 [frame 672] IoU=0.41
  Overlap detected: Fish 1 ↔ Fish 5 [frame 673] IoU=0.41
  Overlap detected: Fish 1 ↔ Fish 5 [frame 674] IoU=0.42
  Overlap detected: Fish 1 ↔ Fish 5 [frame 675] IoU=0.40
  Overlap detected: Fish 1 ↔ Fish 5 [frame 676] IoU=0.41
  Overlap detected: Fish 1 ↔ Fish 5 [frame 677] IoU=0.39
  Fish 1 recovered after 16 missing frames
  Overlap detected: Fish 1 ↔ Fish 5 [frame 678] IoU=0.48
  Overlap detected: Fish 1 ↔ Fish 5 [frame 679] IoU=0.12
  Overlap detected: Fish 1 ↔ Fish 5 [frame 680] IoU=0.06
  Fish 1 ↔ Fish 5: IDs swapped back after crossing
  Overlap detected: Fish 1 ↔ Fish 5 [frame 681] IoU=0.02
  Frame 690/11769 | second 11
  Frame 720/11769 | second 12
  Frame 750/11769 | second 12
  Overlap detected: Fish 1 ↔ Fish 5 [frame 772] IoU=0.00
  Overlap detected: Fish 1 ↔ Fish 5 [frame 773] IoU=0.00
  Overlap detected: Fish 1 ↔ Fish 5 [frame 774] IoU=0.00
  Overlap detected: Fish 1 ↔ Fish 5 [frame 775] IoU=0.00
  Overlap detected: Fish 1 ↔ Fish 5 [frame 776] IoU=0.00
  Overlap detected: Fish 1 ↔ Fish 5 [frame 777] IoU=0.02
  Overlap detected: Fish 1 ↔ Fish 5 [frame 778] IoU=0.02
  Overlap detected: Fish 1 ↔ Fish 5 [frame 779] IoU=0.02
  Overlap detected: Fish 1 ↔ Fish 5 [frame 780] IoU=0.03
  Frame 780/11769 | second 13
  Overlap detected: Fish 1 ↔ Fish 5 [frame 781] IoU=0.02
  Overlap detected: Fish 1 ↔ Fish 5 [frame 782] IoU=0.02
  Overlap detected: Fish 1 ↔ Fish 5 [frame 783] IoU=0.02
  Overlap detected: Fish 1 ↔ Fish 5 [frame 784] IoU=0.02
  Overlap detected: Fish 1 ↔ Fish 5 [frame 785] IoU=0.03
  Overlap detected: Fish 1 ↔ Fish 5 [frame 786] IoU=0.02
  Overlap detected: Fish 1 ↔ Fish 5 [frame 787] IoU=0.02
  Overlap detected: Fish 1 ↔ Fish 5 [frame 788] IoU=0.03
  Overlap detected: Fish 1 ↔ Fish 5 [frame 789] IoU=0.04
  Overlap detected: Fish 1 ↔ Fish 5 [frame 790] IoU=0.01
  Overlap detected: Fish 1 ↔ Fish 5 [frame 791] IoU=0.02
  Overlap detected: Fish 1 ↔ Fish 5 [frame 792] IoU=0.03
  Overlap detected: Fish 1 ↔ Fish 5 [frame 793] IoU=0.03
  Overlap detected: Fish 1 ↔ Fish 5 [frame 794] IoU=0.03
  Overlap detected: Fish 1 ↔ Fish 5 [frame 795] IoU=0.03
  Overlap detected: Fish 1 ↔ Fish 5 [frame 796] IoU=0.05
  Overlap detected: Fish 1 ↔ Fish 5 [frame 799] IoU=0.00
  Overlap detected: Fish 1 ↔ Fish 5 [frame 800] IoU=0.21
  Overlap detected: Fish 1 ↔ Fish 5 [frame 801] IoU=0.26
  Crossing started: Fish 1 ↔ Fish 5 [frame 801]
  Overlap detected: Fish 1 ↔ Fish 5 [frame 802] IoU=0.16
  Overlap detected: Fish 1 ↔ Fish 5 [frame 803] IoU=0.42
  Overlap detected: Fish 1 ↔ Fish 5 [frame 804] IoU=0.48
  Overlap detected: Fish 1 ↔ Fish 5 [frame 805] IoU=0.48
  Overlap detected: Fish 1 ↔ Fish 5 [frame 806] IoU=0.41
  Fish 1 recovered after 4 missing frames
  Overlap detected: Fish 1 ↔ Fish 5 [frame 807] IoU=0.47
  Overlap detected: Fish 1 ↔ Fish 5 [frame 808] IoU=0.46
  Overlap detected: Fish 1 ↔ Fish 5 [frame 809] IoU=0.47
  Overlap detected: Fish 1 ↔ Fish 5 [frame 810] IoU=0.46
  Frame 810/11769 | second 13
  Overlap detected: Fish 1 ↔ Fish 5 [frame 811] IoU=0.45
  Overlap detected: Fish 1 ↔ Fish 5 [frame 812] IoU=0.40
  Fish 5 recovered after 4 missing frames
  Overlap detected: Fish 1 ↔ Fish 5 [frame 813] IoU=0.50
  Fish 1 ↔ Fish 5: crossing resolved, no swap needed
  Fish 5 recovered after 1 missing frames
  Fish 5 recovered after 3 missing frames
  Fish 5 recovered after 3 missing frames
  Overlap detected: Fish 1 ↔ Fish 5 [frame 824] IoU=0.44
  Crossing started: Fish 1 ↔ Fish 5 [frame 824]
  Overlap detected: Fish 1 ↔ Fish 5 [frame 825] IoU=0.41
  Overlap detected: Fish 1 ↔ Fish 5 [frame 826] IoU=0.34
  Overlap detected: Fish 1 ↔ Fish 5 [frame 827] IoU=0.20
  Overlap detected: Fish 1 ↔ Fish 5 [frame 828] IoU=0.16
  Overlap detected: Fish 1 ↔ Fish 5 [frame 829] IoU=0.09
  Overlap detected: Fish 1 ↔ Fish 5 [frame 830] IoU=0.08
  Overlap detected: Fish 1 ↔ Fish 5 [frame 831] IoU=0.07
  Overlap detected: Fish 1 ↔ Fish 5 [frame 832] IoU=0.03
  Overlap detected: Fish 1 ↔ Fish 5 [frame 833] IoU=0.04
  Overlap detected: Fish 1 ↔ Fish 5 [frame 834] IoU=0.07
  Overlap detected: Fish 1 ↔ Fish 5 [frame 835] IoU=0.07
  Overlap detected: Fish 1 ↔ Fish 5 [frame 836] IoU=0.06
  Overlap detected: Fish 1 ↔ Fish 5 [frame 837] IoU=0.04
  Fish 1 ↔ Fish 5: crossing resolved, no swap needed
  Frame 840/11769 | second 14
  Frame 870/11769 | second 14
  Overlap detected: Fish 1 ↔ Fish 5 [frame 873] IoU=0.01
  Overlap detected: Fish 1 ↔ Fish 5 [frame 874] IoU=0.03
  Overlap detected: Fish 1 ↔ Fish 5 [frame 875] IoU=0.02
  Overlap detected: Fish 1 ↔ Fish 5 [frame 876] IoU=0.08
  Crossing started: Fish 1 ↔ Fish 5 [frame 876]
  Overlap detected: Fish 1 ↔ Fish 5 [frame 877] IoU=0.07
  Overlap detected: Fish 1 ↔ Fish 5 [frame 878] IoU=0.05
  Overlap detected: Fish 1 ↔ Fish 5 [frame 879] IoU=0.02
  Overlap detected: Fish 1 ↔ Fish 5 [frame 880] IoU=0.02
  Fish 5 recovered after 5 missing frames
  Overlap detected: Fish 1 ↔ Fish 5 [frame 881] IoU=0.42
  Overlap detected: Fish 1 ↔ Fish 5 [frame 882] IoU=0.42
  Overlap detected: Fish 1 ↔ Fish 5 [frame 883] IoU=0.02
  Fish 1 ↔ Fish 5: crossing resolved, no swap needed
  Frame 900/11769 | second 15
  Overlap detected: Fish 2 ↔ Fish 3 [frame 907] IoU=0.01
  Overlap detected: Fish 2 ↔ Fish 3 [frame 909] IoU=0.00
  Overlap detected: Fish 2 ↔ Fish 3 [frame 910] IoU=0.00
  Overlap detected: Fish 2 ↔ Fish 3 [frame 911] IoU=0.00
  Overlap detected: Fish 2 ↔ Fish 3 [frame 913] IoU=0.00
  Overlap detected: Fish 2 ↔ Fish 3 [frame 914] IoU=0.01
  Overlap detected: Fish 2 ↔ Fish 3 [frame 915] IoU=0.01
  Overlap detected: Fish 2 ↔ Fish 3 [frame 916] IoU=0.00
  Overlap detected: Fish 2 ↔ Fish 3 [frame 917] IoU=0.00
  Overlap detected: Fish 2 ↔ Fish 3 [frame 918] IoU=0.00
  Overlap detected: Fish 2 ↔ Fish 3 [frame 920] IoU=0.00
  Overlap detected: Fish 2 ↔ Fish 3 [frame 921] IoU=0.01
  Overlap detected: Fish 2 ↔ Fish 3 [frame 922] IoU=0.00
  Overlap detected: Fish 2 ↔ Fish 3 [frame 925] IoU=0.01
  Overlap detected: Fish 2 ↔ Fish 3 [frame 926] IoU=0.00
  Overlap detected: Fish 2 ↔ Fish 3 [frame 930] IoU=0.00
  Frame 930/11769 | second 15
  Overlap detected: Fish 2 ↔ Fish 3 [frame 959] IoU=0.00
  Overlap detected: Fish 2 ↔ Fish 3 [frame 960] IoU=0.00
  Frame 960/11769 | second 16
  Crossing started: Fish 2 ↔ Fish 3 [frame 971]
  Overlap detected: Fish 2 ↔ Fish 3 [frame 976] IoU=0.03
  Overlap detected: Fish 2 ↔ Fish 3 [frame 977] IoU=0.04
  Overlap detected: Fish 2 ↔ Fish 3 [frame 978] IoU=0.05
  Overlap detected: Fish 2 ↔ Fish 3 [frame 979] IoU=0.08
  Overlap detected: Fish 2 ↔ Fish 3 [frame 980] IoU=0.09
  Overlap detected: Fish 2 ↔ Fish 3 [frame 981] IoU=0.09
  Overlap detected: Fish 2 ↔ Fish 3 [frame 982] IoU=0.18
  Overlap detected: Fish 2 ↔ Fish 3 [frame 983] IoU=0.22
  Overlap detected: Fish 2 ↔ Fish 3 [frame 984] IoU=0.33
  Overlap detected: Fish 2 ↔ Fish 3 [frame 985] IoU=0.48
  Overlap detected: Fish 2 ↔ Fish 3 [frame 986] IoU=0.37
  Overlap detected: Fish 2 ↔ Fish 3 [frame 987] IoU=0.45
  Overlap detected: Fish 2 ↔ Fish 3 [frame 988] IoU=0.46
  Overlap detected: Fish 2 ↔ Fish 3 [frame 989] IoU=0.48
  Overlap detected: Fish 2 ↔ Fish 3 [frame 990] IoU=0.45
  Frame 990/11769 | second 16
  Overlap detected: Fish 2 ↔ Fish 3 [frame 991] IoU=0.43
  Fish 3 recovered after 6 missing frames
  Overlap detected: Fish 2 ↔ Fish 3 [frame 992] IoU=0.50
  Overlap detected: Fish 2 ↔ Fish 3 [frame 993] IoU=0.50
  Overlap detected: Fish 2 ↔ Fish 3 [frame 994] IoU=0.48
  Overlap detected: Fish 2 ↔ Fish 3 [frame 995] IoU=0.50
  Overlap detected: Fish 2 ↔ Fish 3 [frame 996] IoU=0.52
  Overlap detected: Fish 2 ↔ Fish 3 [frame 997] IoU=0.48
  Overlap detected: Fish 2 ↔ Fish 3 [frame 998] IoU=0.46
  Overlap detected: Fish 2 ↔ Fish 3 [frame 999] IoU=0.44
  Overlap detected: Fish 2 ↔ Fish 3 [frame 1000] IoU=0.45
  Overlap detected: Fish 2 ↔ Fish 3 [frame 1001] IoU=0.46
  Overlap detected: Fish 2 ↔ Fish 3 [frame 1002] IoU=0.45
  Overlap detected: Fish 2 ↔ Fish 3 [frame 1003] IoU=0.46
  Overlap detected: Fish 2 ↔ Fish 3 [frame 1004] IoU=0.43
  Overlap detected: Fish 2 ↔ Fish 3 [frame 1005] IoU=0.42
  Fish 3 recovered after 13 missing frames
  Overlap detected: Fish 2 ↔ Fish 3 [frame 1006] IoU=0.13
  Fish 2 ↔ Fish 3: crossing resolved, no swap needed
  Overlap detected: Fish 2 ↔ Fish 3 [frame 1007] IoU=0.13
  Overlap detected: Fish 2 ↔ Fish 3 [frame 1008] IoU=0.08
  Overlap detected: Fish 2 ↔ Fish 3 [frame 1009] IoU=0.04
  Overlap detected: Fish 2 ↔ Fish 3 [frame 1010] IoU=0.04
  Overlap detected: Fish 2 ↔ Fish 3 [frame 1011] IoU=0.03
  Overlap detected: Fish 2 ↔ Fish 3 [frame 1012] IoU=0.03
  Overlap detected: Fish 2 ↔ Fish 3 [frame 1013] IoU=0.02
  Overlap detected: Fish 2 ↔ Fish 3 [frame 1014] IoU=0.03
  Overlap detected: Fish 2 ↔ Fish 3 [frame 1015] IoU=0.02
  Overlap detected: Fish 2 ↔ Fish 3 [frame 1016] IoU=0.03
  Overlap detected: Fish 2 ↔ Fish 3 [frame 1017] IoU=0.02
  Overlap detected: Fish 2 ↔ Fish 3 [frame 1018] IoU=0.06
  Overlap detected: Fish 2 ↔ Fish 3 [frame 1019] IoU=0.03
  Overlap detected: Fish 2 ↔ Fish 3 [frame 1020] IoU=0.03
  Frame 1020/11769 | second 17
  Overlap detected: Fish 2 ↔ Fish 3 [frame 1022] IoU=0.00
  Overlap detected: Fish 2 ↔ Fish 3 [frame 1023] IoU=0.01
  Overlap detected: Fish 2 ↔ Fish 3 [frame 1024] IoU=0.01
  Overlap detected: Fish 2 ↔ Fish 3 [frame 1025] IoU=0.02
  Overlap detected: Fish 2 ↔ Fish 3 [frame 1026] IoU=0.00
  Overlap detected: Fish 2 ↔ Fish 3 [frame 1027] IoU=0.00
  Overlap detected: Fish 2 ↔ Fish 3 [frame 1028] IoU=0.01
  Overlap detected: Fish 2 ↔ Fish 3 [frame 1030] IoU=0.01
  Overlap detected: Fish 2 ↔ Fish 3 [frame 1033] IoU=0.01
  Overlap detected: Fish 2 ↔ Fish 3 [frame 1035] IoU=0.00
  Overlap detected: Fish 2 ↔ Fish 3 [frame 1036] IoU=0.02
  Overlap detected: Fish 2 ↔ Fish 3 [frame 1037] IoU=0.02
  Overlap detected: Fish 2 ↔ Fish 3 [frame 1038] IoU=0.03
  Overlap detected: Fish 2 ↔ Fish 3 [frame 1039] IoU=0.03
  Overlap detected: Fish 2 ↔ Fish 3 [frame 1040] IoU=0.02
  Overlap detected: Fish 2 ↔ Fish 3 [frame 1041] IoU=0.02
  Overlap detected: Fish 2 ↔ Fish 3 [frame 1042] IoU=0.02
  Overlap detected: Fish 2 ↔ Fish 3 [frame 1043] IoU=0.02
  Overlap detected: Fish 2 ↔ Fish 3 [frame 1047] IoU=0.01
  Overlap detected: Fish 2 ↔ Fish 3 [frame 1048] IoU=0.01
  Overlap detected: Fish 2 ↔ Fish 3 [frame 1050] IoU=0.02
  Frame 1050/11769 | second 17
  Overlap detected: Fish 2 ↔ Fish 3 [frame 1051] IoU=0.02
  Overlap detected: Fish 2 ↔ Fish 3 [frame 1052] IoU=0.02
  Overlap detected: Fish 2 ↔ Fish 3 [frame 1053] IoU=0.03
  Overlap detected: Fish 2 ↔ Fish 3 [frame 1054] IoU=0.03
  Overlap detected: Fish 2 ↔ Fish 3 [frame 1055] IoU=0.03
  Overlap detected: Fish 2 ↔ Fish 3 [frame 1056] IoU=0.04
  Overlap detected: Fish 2 ↔ Fish 3 [frame 1057] IoU=0.05
  Overlap detected: Fish 2 ↔ Fish 3 [frame 1058] IoU=0.05
  Overlap detected: Fish 2 ↔ Fish 3 [frame 1059] IoU=0.05
  Overlap detected: Fish 2 ↔ Fish 3 [frame 1060] IoU=0.05
  Overlap detected: Fish 2 ↔ Fish 3 [frame 1061] IoU=0.04
  Overlap detected: Fish 2 ↔ Fish 3 [frame 1062] IoU=0.06
  Overlap detected: Fish 2 ↔ Fish 3 [frame 1063] IoU=0.07
  Overlap detected: Fish 2 ↔ Fish 3 [frame 1064] IoU=0.07
  Overlap detected: Fish 2 ↔ Fish 3 [frame 1065] IoU=0.11
  Overlap detected: Fish 2 ↔ Fish 3 [frame 1066] IoU=0.11
  Overlap detected: Fish 2 ↔ Fish 3 [frame 1067] IoU=0.13
  Overlap detected: Fish 2 ↔ Fish 3 [frame 1068] IoU=0.10
  Overlap detected: Fish 2 ↔ Fish 3 [frame 1069] IoU=0.08
  Overlap detected: Fish 2 ↔ Fish 3 [frame 1070] IoU=0.10
  Overlap detected: Fish 2 ↔ Fish 3 [frame 1071] IoU=0.09
  Overlap detected: Fish 2 ↔ Fish 3 [frame 1072] IoU=0.13
  Overlap detected: Fish 2 ↔ Fish 3 [frame 1073] IoU=0.12
  Overlap detected: Fish 2 ↔ Fish 3 [frame 1074] IoU=0.13
  Overlap detected: Fish 2 ↔ Fish 3 [frame 1075] IoU=0.13
  Overlap detected: Fish 2 ↔ Fish 3 [frame 1076] IoU=0.10
  Overlap detected: Fish 2 ↔ Fish 3 [frame 1077] IoU=0.09
  Overlap detected: Fish 2 ↔ Fish 3 [frame 1078] IoU=0.09
  Overlap detected: Fish 2 ↔ Fish 3 [frame 1079] IoU=0.08
  Overlap detected: Fish 2 ↔ Fish 3 [frame 1080] IoU=0.07
  Frame 1080/11769 | second 18
  Overlap detected: Fish 2 ↔ Fish 3 [frame 1081] IoU=0.07
  Overlap detected: Fish 2 ↔ Fish 3 [frame 1082] IoU=0.07
  Overlap detected: Fish 2 ↔ Fish 3 [frame 1083] IoU=0.05
  Overlap detected: Fish 2 ↔ Fish 3 [frame 1084] IoU=0.06
  Overlap detected: Fish 2 ↔ Fish 3 [frame 1085] IoU=0.08
  Overlap detected: Fish 2 ↔ Fish 3 [frame 1086] IoU=0.11
  Overlap detected: Fish 2 ↔ Fish 3 [frame 1087] IoU=0.18
  Crossing started: Fish 2 ↔ Fish 3 [frame 1087]
  Overlap detected: Fish 2 ↔ Fish 3 [frame 1088] IoU=0.14
  Overlap detected: Fish 2 ↔ Fish 3 [frame 1089] IoU=0.11
  Overlap detected: Fish 2 ↔ Fish 3 [frame 1090] IoU=0.18
  Fish 3 recovered after 5 missing frames
  Overlap detected: Fish 2 ↔ Fish 3 [frame 1091] IoU=0.11
  Fish 2 ↔ Fish 3: IDs swapped back after crossing
  Overlap detected: Fish 2 ↔ Fish 3 [frame 1092] IoU=0.10
  Overlap detected: Fish 2 ↔ Fish 3 [frame 1093] IoU=0.09
  Overlap detected: Fish 2 ↔ Fish 3 [frame 1094] IoU=0.12
  Overlap detected: Fish 2 ↔ Fish 3 [frame 1095] IoU=0.14
  Overlap detected: Fish 2 ↔ Fish 3 [frame 1096] IoU=0.13
  Overlap detected: Fish 2 ↔ Fish 3 [frame 1097] IoU=0.15
  Overlap detected: Fish 2 ↔ Fish 3 [frame 1098] IoU=0.11
  Overlap detected: Fish 2 ↔ Fish 3 [frame 1099] IoU=0.10
  Overlap detected: Fish 2 ↔ Fish 3 [frame 1100] IoU=0.10
  Overlap detected: Fish 2 ↔ Fish 3 [frame 1101] IoU=0.10
  Overlap detected: Fish 2 ↔ Fish 3 [frame 1102] IoU=0.10
  Overlap detected: Fish 2 ↔ Fish 3 [frame 1103] IoU=0.10
  Overlap detected: Fish 2 ↔ Fish 3 [frame 1104] IoU=0.09
  Overlap detected: Fish 2 ↔ Fish 3 [frame 1105] IoU=0.10
  Overlap detected: Fish 2 ↔ Fish 3 [frame 1106] IoU=0.16
  Overlap detected: Fish 2 ↔ Fish 3 [frame 1107] IoU=0.11
  Fish 2 recovered after 13 missing frames
  Overlap detected: Fish 2 ↔ Fish 3 [frame 1108] IoU=0.11
  Overlap detected: Fish 2 ↔ Fish 3 [frame 1109] IoU=0.13
  Fish 2 recovered after 1 missing frames
  Overlap detected: Fish 2 ↔ Fish 3 [frame 1110] IoU=0.12
  Frame 1110/11769 | second 18
  Overlap detected: Fish 2 ↔ Fish 3 [frame 1111] IoU=0.15
  Fish 2 recovered after 1 missing frames
  Overlap detected: Fish 2 ↔ Fish 3 [frame 1112] IoU=0.10
  Overlap detected: Fish 2 ↔ Fish 3 [frame 1113] IoU=0.09
  Overlap detected: Fish 2 ↔ Fish 3 [frame 1114] IoU=0.07
  Overlap detected: Fish 2 ↔ Fish 3 [frame 1115] IoU=0.08
  Fish 1 recovered after 7 missing frames
  Overlap detected: Fish 2 ↔ Fish 3 [frame 1116] IoU=0.07
  Overlap detected: Fish 2 ↔ Fish 3 [frame 1117] IoU=0.06
  Overlap detected: Fish 2 ↔ Fish 3 [frame 1118] IoU=0.06
  Fish 1 recovered after 1 missing frames
  Overlap detected: Fish 2 ↔ Fish 3 [frame 1119] IoU=0.07
  Overlap detected: Fish 2 ↔ Fish 3 [frame 1120] IoU=0.07
  Overlap detected: Fish 2 ↔ Fish 3 [frame 1121] IoU=0.05
  Overlap detected: Fish 2 ↔ Fish 3 [frame 1122] IoU=0.05
  Overlap detected: Fish 2 ↔ Fish 3 [frame 1123] IoU=0.04
  Overlap detected: Fish 2 ↔ Fish 3 [frame 1124] IoU=0.07
  Overlap detected: Fish 2 ↔ Fish 3 [frame 1125] IoU=0.09
  Overlap detected: Fish 2 ↔ Fish 3 [frame 1126] IoU=0.08
  Overlap detected: Fish 2 ↔ Fish 3 [frame 1127] IoU=0.08
  Overlap detected: Fish 2 ↔ Fish 3 [frame 1128] IoU=0.07
  Overlap detected: Fish 2 ↔ Fish 3 [frame 1129] IoU=0.06
  Overlap detected: Fish 2 ↔ Fish 3 [frame 1130] IoU=0.06
  Overlap detected: Fish 2 ↔ Fish 3 [frame 1131] IoU=0.06
  Overlap detected: Fish 2 ↔ Fish 3 [frame 1132] IoU=0.06
  Overlap detected: Fish 2 ↔ Fish 3 [frame 1133] IoU=0.06
  Overlap detected: Fish 2 ↔ Fish 3 [frame 1134] IoU=0.08
  Overlap detected: Fish 2 ↔ Fish 3 [frame 1135] IoU=0.09
  Overlap detected: Fish 2 ↔ Fish 3 [frame 1136] IoU=0.09
  Overlap detected: Fish 2 ↔ Fish 3 [frame 1137] IoU=0.09
  Overlap detected: Fish 2 ↔ Fish 3 [frame 1138] IoU=0.09
  Overlap detected: Fish 2 ↔ Fish 3 [frame 1139] IoU=0.08
  Overlap detected: Fish 2 ↔ Fish 3 [frame 1140] IoU=0.09
  Frame 1140/11769 | second 19
  Overlap detected: Fish 2 ↔ Fish 3 [frame 1141] IoU=0.08
  Overlap detected: Fish 2 ↔ Fish 3 [frame 1142] IoU=0.09
  Overlap detected: Fish 2 ↔ Fish 3 [frame 1143] IoU=0.10
  Overlap detected: Fish 2 ↔ Fish 3 [frame 1144] IoU=0.11
  Overlap detected: Fish 2 ↔ Fish 3 [frame 1145] IoU=0.11
  Overlap detected: Fish 2 ↔ Fish 3 [frame 1146] IoU=0.11
  Overlap detected: Fish 2 ↔ Fish 3 [frame 1147] IoU=0.12
  Overlap detected: Fish 2 ↔ Fish 3 [frame 1148] IoU=0.14
  Overlap detected: Fish 2 ↔ Fish 3 [frame 1149] IoU=0.12
  Overlap detected: Fish 2 ↔ Fish 3 [frame 1150] IoU=0.13
  Overlap detected: Fish 2 ↔ Fish 3 [frame 1151] IoU=0.11
  Overlap detected: Fish 2 ↔ Fish 3 [frame 1152] IoU=0.13
  Overlap detected: Fish 2 ↔ Fish 3 [frame 1153] IoU=0.11
  Overlap detected: Fish 2 ↔ Fish 3 [frame 1154] IoU=0.12
  Overlap detected: Fish 1 ↔ Fish 3 [frame 1155] IoU=0.01
  Overlap detected: Fish 2 ↔ Fish 3 [frame 1155] IoU=0.11
  Overlap detected: Fish 1 ↔ Fish 3 [frame 1156] IoU=0.02
  Overlap detected: Fish 2 ↔ Fish 3 [frame 1156] IoU=0.12
  Overlap detected: Fish 1 ↔ Fish 3 [frame 1157] IoU=0.00
  Overlap detected: Fish 2 ↔ Fish 3 [frame 1157] IoU=0.09
  Overlap detected: Fish 1 ↔ Fish 3 [frame 1158] IoU=0.01
  Overlap detected: Fish 2 ↔ Fish 3 [frame 1158] IoU=0.10
  Overlap detected: Fish 1 ↔ Fish 3 [frame 1159] IoU=0.03
  Overlap detected: Fish 2 ↔ Fish 3 [frame 1159] IoU=0.10
  Overlap detected: Fish 1 ↔ Fish 3 [frame 1160] IoU=0.02
  Overlap detected: Fish 2 ↔ Fish 3 [frame 1160] IoU=0.09
  Overlap detected: Fish 1 ↔ Fish 3 [frame 1161] IoU=0.01
  Overlap detected: Fish 2 ↔ Fish 3 [frame 1161] IoU=0.07
  Overlap detected: Fish 2 ↔ Fish 3 [frame 1162] IoU=0.07
  Overlap detected: Fish 1 ↔ Fish 3 [frame 1163] IoU=0.01
  Overlap detected: Fish 2 ↔ Fish 3 [frame 1163] IoU=0.07
  Overlap detected: Fish 1 ↔ Fish 3 [frame 1164] IoU=0.05
  Overlap detected: Fish 2 ↔ Fish 3 [frame 1164] IoU=0.11
  Overlap detected: Fish 1 ↔ Fish 3 [frame 1165] IoU=0.03
  Overlap detected: Fish 2 ↔ Fish 3 [frame 1165] IoU=0.09
  Overlap detected: Fish 1 ↔ Fish 3 [frame 1166] IoU=0.06
  Overlap detected: Fish 2 ↔ Fish 3 [frame 1166] IoU=0.09
  Overlap detected: Fish 1 ↔ Fish 3 [frame 1167] IoU=0.05
  Overlap detected: Fish 2 ↔ Fish 3 [frame 1167] IoU=0.09
  Overlap detected: Fish 1 ↔ Fish 3 [frame 1168] IoU=0.05
  Overlap detected: Fish 2 ↔ Fish 3 [frame 1168] IoU=0.09
  Overlap detected: Fish 1 ↔ Fish 3 [frame 1169] IoU=0.02
  Overlap detected: Fish 2 ↔ Fish 3 [frame 1169] IoU=0.09
  Overlap detected: Fish 1 ↔ Fish 3 [frame 1170] IoU=0.09
  Overlap detected: Fish 2 ↔ Fish 3 [frame 1170] IoU=0.06
  Frame 1170/11769 | second 19
  Overlap detected: Fish 1 ↔ Fish 3 [frame 1171] IoU=0.16
  Crossing started: Fish 1 ↔ Fish 3 [frame 1171]
  Overlap detected: Fish 2 ↔ Fish 3 [frame 1171] IoU=0.06
  Overlap detected: Fish 1 ↔ Fish 3 [frame 1172] IoU=0.20
  Overlap detected: Fish 2 ↔ Fish 3 [frame 1172] IoU=0.08
  Overlap detected: Fish 1 ↔ Fish 3 [frame 1173] IoU=0.28
  Overlap detected: Fish 2 ↔ Fish 3 [frame 1173] IoU=0.09
  Overlap detected: Fish 1 ↔ Fish 3 [frame 1174] IoU=0.30
  Overlap detected: Fish 2 ↔ Fish 3 [frame 1174] IoU=0.09
  Overlap detected: Fish 1 ↔ Fish 3 [frame 1175] IoU=0.30
  Overlap detected: Fish 2 ↔ Fish 3 [frame 1175] IoU=0.09
  Overlap detected: Fish 1 ↔ Fish 3 [frame 1176] IoU=0.31
  Overlap detected: Fish 2 ↔ Fish 3 [frame 1176] IoU=0.08
  Overlap detected: Fish 1 ↔ Fish 3 [frame 1177] IoU=0.32
  Overlap detected: Fish 2 ↔ Fish 3 [frame 1177] IoU=0.05
  Overlap detected: Fish 1 ↔ Fish 3 [frame 1178] IoU=0.49
  Overlap detected: Fish 2 ↔ Fish 3 [frame 1178] IoU=0.06
  Overlap detected: Fish 1 ↔ Fish 3 [frame 1179] IoU=0.49
  Overlap detected: Fish 2 ↔ Fish 3 [frame 1179] IoU=0.05
  Overlap detected: Fish 1 ↔ Fish 3 [frame 1180] IoU=0.67
  Overlap detected: Fish 1 ↔ Fish 3 [frame 1181] IoU=0.59
  Overlap detected: Fish 1 ↔ Fish 3 [frame 1182] IoU=0.50
  Overlap detected: Fish 2 ↔ Fish 3 [frame 1182] IoU=0.00
  Overlap detected: Fish 1 ↔ Fish 3 [frame 1183] IoU=0.49
  Overlap detected: Fish 2 ↔ Fish 3 [frame 1183] IoU=0.02
  Overlap detected: Fish 1 ↔ Fish 3 [frame 1184] IoU=0.55
  Overlap detected: Fish 2 ↔ Fish 3 [frame 1184] IoU=0.02
  Overlap detected: Fish 1 ↔ Fish 3 [frame 1185] IoU=0.53
  Overlap detected: Fish 2 ↔ Fish 3 [frame 1185] IoU=0.03
  Overlap detected: Fish 1 ↔ Fish 3 [frame 1186] IoU=0.47
  Overlap detected: Fish 2 ↔ Fish 3 [frame 1186] IoU=0.03
  Overlap detected: Fish 1 ↔ Fish 3 [frame 1187] IoU=0.40
  Overlap detected: Fish 2 ↔ Fish 3 [frame 1187] IoU=0.03
  Overlap detected: Fish 1 ↔ Fish 3 [frame 1188] IoU=0.42
  Overlap detected: Fish 2 ↔ Fish 3 [frame 1188] IoU=0.03
  Overlap detected: Fish 1 ↔ Fish 3 [frame 1189] IoU=0.47
  Overlap detected: Fish 2 ↔ Fish 3 [frame 1189] IoU=0.01
  Overlap detected: Fish 1 ↔ Fish 3 [frame 1190] IoU=0.53
  Overlap detected: Fish 1 ↔ Fish 3 [frame 1191] IoU=0.46
  Overlap detected: Fish 1 ↔ Fish 3 [frame 1192] IoU=0.45
  Overlap detected: Fish 1 ↔ Fish 3 [frame 1193] IoU=0.34
  Overlap detected: Fish 2 ↔ Fish 3 [frame 1193] IoU=0.06
  Overlap detected: Fish 1 ↔ Fish 3 [frame 1194] IoU=0.34
  Overlap detected: Fish 2 ↔ Fish 3 [frame 1194] IoU=0.07
  Overlap detected: Fish 1 ↔ Fish 3 [frame 1195] IoU=0.28
  Overlap detected: Fish 2 ↔ Fish 3 [frame 1195] IoU=0.09
  Crossing started: Fish 2 ↔ Fish 3 [frame 1195]
  Overlap detected: Fish 1 ↔ Fish 3 [frame 1196] IoU=0.22
  Overlap detected: Fish 2 ↔ Fish 3 [frame 1196] IoU=0.34
  Overlap detected: Fish 1 ↔ Fish 3 [frame 1197] IoU=0.19
  Overlap detected: Fish 2 ↔ Fish 3 [frame 1197] IoU=0.36
  Overlap detected: Fish 1 ↔ Fish 3 [frame 1198] IoU=0.18
  Overlap detected: Fish 2 ↔ Fish 3 [frame 1198] IoU=0.41
  Crossing started: Fish 1 ↔ Fish 2 [frame 1199]
  Overlap detected: Fish 1 ↔ Fish 3 [frame 1199] IoU=0.16
  Overlap detected: Fish 2 ↔ Fish 3 [frame 1199] IoU=0.48
  Overlap detected: Fish 1 ↔ Fish 3 [frame 1200] IoU=0.15
  Overlap detected: Fish 2 ↔ Fish 3 [frame 1200] IoU=0.48
  Frame 1200/11769 | second 20
  Fish 2 recovered after 4 missing frames
  Overlap detected: Fish 1 ↔ Fish 2 [frame 1201] IoU=0.13
  Overlap detected: Fish 1 ↔ Fish 3 [frame 1201] IoU=0.15
  Overlap detected: Fish 2 ↔ Fish 3 [frame 1201] IoU=0.81
  Fish 3 recovered after 1 missing frames
  Overlap detected: Fish 1 ↔ Fish 2 [frame 1202] IoU=0.13
  Overlap detected: Fish 1 ↔ Fish 3 [frame 1202] IoU=0.12
  Overlap detected: Fish 2 ↔ Fish 3 [frame 1202] IoU=0.82
  Fish 2 recovered after 1 missing frames
  Overlap detected: Fish 1 ↔ Fish 2 [frame 1203] IoU=0.12
  Overlap detected: Fish 1 ↔ Fish 3 [frame 1203] IoU=0.09
  Overlap detected: Fish 2 ↔ Fish 3 [frame 1203] IoU=0.42
  Overlap detected: Fish 1 ↔ Fish 2 [frame 1204] IoU=0.13
  Overlap detected: Fish 1 ↔ Fish 3 [frame 1204] IoU=0.10
  Overlap detected: Fish 2 ↔ Fish 3 [frame 1204] IoU=0.47
  Overlap detected: Fish 1 ↔ Fish 2 [frame 1205] IoU=0.11
  Overlap detected: Fish 1 ↔ Fish 3 [frame 1205] IoU=0.09
  Overlap detected: Fish 2 ↔ Fish 3 [frame 1205] IoU=0.47
  Overlap detected: Fish 1 ↔ Fish 2 [frame 1206] IoU=0.11
  Overlap detected: Fish 1 ↔ Fish 3 [frame 1206] IoU=0.09
  Overlap detected: Fish 2 ↔ Fish 3 [frame 1206] IoU=0.49
  Overlap detected: Fish 1 ↔ Fish 2 [frame 1207] IoU=0.11
  Overlap detected: Fish 1 ↔ Fish 3 [frame 1207] IoU=0.09
  Overlap detected: Fish 2 ↔ Fish 3 [frame 1207] IoU=0.49
  Overlap detected: Fish 1 ↔ Fish 2 [frame 1208] IoU=0.11
  Overlap detected: Fish 1 ↔ Fish 3 [frame 1208] IoU=0.06
  Overlap detected: Fish 2 ↔ Fish 3 [frame 1208] IoU=0.42
  Overlap detected: Fish 1 ↔ Fish 2 [frame 1209] IoU=0.11
  Overlap detected: Fish 1 ↔ Fish 3 [frame 1209] IoU=0.06
  Overlap detected: Fish 2 ↔ Fish 3 [frame 1209] IoU=0.41
  Fish 1 ↔ Fish 3: crossing resolved, no swap needed
  Overlap detected: Fish 1 ↔ Fish 2 [frame 1210] IoU=0.11
  Overlap detected: Fish 1 ↔ Fish 3 [frame 1210] IoU=0.02
  Overlap detected: Fish 2 ↔ Fish 3 [frame 1210] IoU=0.35
  Overlap detected: Fish 1 ↔ Fish 2 [frame 1211] IoU=0.11
  Overlap detected: Fish 1 ↔ Fish 3 [frame 1211] IoU=0.03
  Overlap detected: Fish 2 ↔ Fish 3 [frame 1211] IoU=0.31
  Overlap detected: Fish 1 ↔ Fish 2 [frame 1212] IoU=0.11
  Overlap detected: Fish 1 ↔ Fish 3 [frame 1212] IoU=0.02
  Overlap detected: Fish 2 ↔ Fish 3 [frame 1212] IoU=0.30
  Fish 2 recovered after 7 missing frames
  Overlap detected: Fish 1 ↔ Fish 3 [frame 1213] IoU=0.01
  Overlap detected: Fish 2 ↔ Fish 3 [frame 1213] IoU=0.49
  Overlap detected: Fish 1 ↔ Fish 3 [frame 1214] IoU=0.01
  Overlap detected: Fish 2 ↔ Fish 3 [frame 1214] IoU=0.41
  Overlap detected: Fish 1 ↔ Fish 3 [frame 1215] IoU=0.01
  Overlap detected: Fish 2 ↔ Fish 3 [frame 1215] IoU=0.40
  Overlap detected: Fish 2 ↔ Fish 3 [frame 1216] IoU=0.45
  Overlap detected: Fish 2 ↔ Fish 3 [frame 1217] IoU=0.45
  Overlap detected: Fish 2 ↔ Fish 3 [frame 1218] IoU=0.46
  Overlap detected: Fish 2 ↔ Fish 3 [frame 1219] IoU=0.46
  Overlap detected: Fish 1 ↔ Fish 3 [frame 1220] IoU=0.01
  Overlap detected: Fish 2 ↔ Fish 3 [frame 1220] IoU=0.46
  Overlap detected: Fish 2 ↔ Fish 3 [frame 1221] IoU=0.46
  Overlap detected: Fish 2 ↔ Fish 3 [frame 1222] IoU=0.46
  Overlap detected: Fish 2 ↔ Fish 3 [frame 1223] IoU=0.43
  Overlap detected: Fish 2 ↔ Fish 3 [frame 1224] IoU=0.40
  Fish 2 recovered after 9 missing frames
  Overlap detected: Fish 2 ↔ Fish 3 [frame 1225] IoU=0.23
  Fish 1 recovered after 46 missing frames
  Overlap detected: Fish 1 ↔ Fish 2 [frame 1226] IoU=0.19
  Crossing started: Fish 1 ↔ Fish 2 [frame 1226]
  Overlap detected: Fish 1 ↔ Fish 3 [frame 1226] IoU=0.48
  Crossing started: Fish 1 ↔ Fish 3 [frame 1226]
  Overlap detected: Fish 2 ↔ Fish 3 [frame 1226] IoU=0.25
  Overlap detected: Fish 1 ↔ Fish 2 [frame 1227] IoU=0.47
  Overlap detected: Fish 1 ↔ Fish 3 [frame 1227] IoU=0.46
  Overlap detected: Fish 2 ↔ Fish 3 [frame 1227] IoU=0.22
  Overlap detected: Fish 1 ↔ Fish 2 [frame 1228] IoU=0.15
  Overlap detected: Fish 1 ↔ Fish 3 [frame 1228] IoU=0.41
  Overlap detected: Fish 2 ↔ Fish 3 [frame 1228] IoU=0.19
  Overlap detected: Fish 1 ↔ Fish 2 [frame 1229] IoU=0.46
  Overlap detected: Fish 1 ↔ Fish 3 [frame 1229] IoU=0.26
  Overlap detected: Fish 2 ↔ Fish 3 [frame 1229] IoU=0.24
  Overlap detected: Fish 1 ↔ Fish 2 [frame 1230] IoU=0.70
  Overlap detected: Fish 1 ↔ Fish 3 [frame 1230] IoU=0.13
  Overlap detected: Fish 2 ↔ Fish 3 [frame 1230] IoU=0.12
  Frame 1230/11769 | second 20
  Fish 2 recovered after 1 missing frames
  Overlap detected: Fish 1 ↔ Fish 2 [frame 1231] IoU=0.51
  Overlap detected: Fish 1 ↔ Fish 3 [frame 1231] IoU=0.25
  Overlap detected: Fish 2 ↔ Fish 3 [frame 1231] IoU=0.33
  Fish 1 recovered after 1 missing frames
  Overlap detected: Fish 1 ↔ Fish 2 [frame 1232] IoU=0.36
  Overlap detected: Fish 1 ↔ Fish 3 [frame 1232] IoU=0.09
  Overlap detected: Fish 2 ↔ Fish 3 [frame 1232] IoU=0.01
  Overlap detected: Fish 1 ↔ Fish 2 [frame 1233] IoU=0.17
  Overlap detected: Fish 1 ↔ Fish 3 [frame 1233] IoU=0.06
  Fish 2 ↔ Fish 3: crossing resolved, no swap needed
  Overlap detected: Fish 1 ↔ Fish 2 [frame 1234] IoU=0.04
  Overlap detected: Fish 1 ↔ Fish 3 [frame 1234] IoU=0.00
  Overlap detected: Fish 1 ↔ Fish 2 [frame 1235] IoU=0.08
  Overlap detected: Fish 1 ↔ Fish 3 [frame 1235] IoU=0.01
  Overlap detected: Fish 1 ↔ Fish 2 [frame 1236] IoU=0.04
  Overlap detected: Fish 1 ↔ Fish 3 [frame 1236] IoU=0.00
  Overlap detected: Fish 1 ↔ Fish 2 [frame 1237] IoU=0.04
  Overlap detected: Fish 1 ↔ Fish 3 [frame 1237] IoU=0.00
  Overlap detected: Fish 1 ↔ Fish 2 [frame 1238] IoU=0.04
  Overlap detected: Fish 1 ↔ Fish 3 [frame 1238] IoU=0.00
  Overlap detected: Fish 1 ↔ Fish 2 [frame 1239] IoU=0.04
  Overlap detected: Fish 1 ↔ Fish 3 [frame 1239] IoU=0.01
  Overlap detected: Fish 1 ↔ Fish 2 [frame 1240] IoU=0.07
  Overlap detected: Fish 1 ↔ Fish 3 [frame 1240] IoU=0.00
  Overlap detected: Fish 1 ↔ Fish 2 [frame 1241] IoU=0.06
  Overlap detected: Fish 1 ↔ Fish 2 [frame 1242] IoU=0.04
  Overlap detected: Fish 1 ↔ Fish 2 [frame 1243] IoU=0.05
  Overlap detected: Fish 1 ↔ Fish 2 [frame 1244] IoU=0.19
  Overlap detected: Fish 2 ↔ Fish 3 [frame 1244] IoU=0.02
  Fish 1 recovered after 1 missing frames
  Overlap detected: Fish 1 ↔ Fish 2 [frame 1245] IoU=0.26
  Overlap detected: Fish 1 ↔ Fish 3 [frame 1245] IoU=0.00
  Overlap detected: Fish 1 ↔ Fish 2 [frame 1246] IoU=0.04
  Overlap detected: Fish 1 ↔ Fish 2 [frame 1247] IoU=0.02
  Overlap detected: Fish 1 ↔ Fish 2 [frame 1248] IoU=0.02
  Overlap detected: Fish 1 ↔ Fish 2 [frame 1249] IoU=0.03
  Overlap detected: Fish 1 ↔ Fish 2 [frame 1250] IoU=0.01
  Overlap detected: Fish 1 ↔ Fish 2 [frame 1251] IoU=0.01
  Overlap detected: Fish 1 ↔ Fish 2 [frame 1252] IoU=0.01
  Overlap detected: Fish 1 ↔ Fish 2 [frame 1253] IoU=0.00
  Overlap detected: Fish 1 ↔ Fish 2 [frame 1254] IoU=0.00
  Overlap detected: Fish 1 ↔ Fish 2 [frame 1255] IoU=0.00
  Frame 1260/11769 | second 21
  Overlap detected: Fish 1 ↔ Fish 3 [frame 1279] IoU=0.01
  Overlap detected: Fish 1 ↔ Fish 3 [frame 1280] IoU=0.01
  Overlap detected: Fish 1 ↔ Fish 3 [frame 1281] IoU=0.00
  Overlap detected: Fish 1 ↔ Fish 2 [frame 1282] IoU=0.00
  Overlap detected: Fish 1 ↔ Fish 3 [frame 1282] IoU=0.02
  Overlap detected: Fish 1 ↔ Fish 2 [frame 1283] IoU=0.00
  Overlap detected: Fish 1 ↔ Fish 3 [frame 1283] IoU=0.01
  Overlap detected: Fish 1 ↔ Fish 2 [frame 1284] IoU=0.00
  Overlap detected: Fish 1 ↔ Fish 2 [frame 1285] IoU=0.01
  Overlap detected: Fish 1 ↔ Fish 2 [frame 1286] IoU=0.00
  Overlap detected: Fish 1 ↔ Fish 2 [frame 1287] IoU=0.00
  Overlap detected: Fish 1 ↔ Fish 2 [frame 1288] IoU=0.00
  Overlap detected: Fish 1 ↔ Fish 2 [frame 1289] IoU=0.01
  Overlap detected: Fish 1 ↔ Fish 2 [frame 1290] IoU=0.01
  Frame 1290/11769 | second 21
  Overlap detected: Fish 1 ↔ Fish 2 [frame 1291] IoU=0.01
  Overlap detected: Fish 1 ↔ Fish 2 [frame 1292] IoU=0.02
  Overlap detected: Fish 1 ↔ Fish 2 [frame 1293] IoU=0.03
  Overlap detected: Fish 1 ↔ Fish 2 [frame 1294] IoU=0.03
  Overlap detected: Fish 1 ↔ Fish 2 [frame 1295] IoU=0.03
  Overlap detected: Fish 1 ↔ Fish 2 [frame 1296] IoU=0.03
  Overlap detected: Fish 1 ↔ Fish 2 [frame 1297] IoU=0.03
  Overlap detected: Fish 1 ↔ Fish 2 [frame 1298] IoU=0.01
  Overlap detected: Fish 1 ↔ Fish 2 [frame 1301] IoU=0.02
  Overlap detected: Fish 1 ↔ Fish 2 [frame 1302] IoU=0.01
  Overlap detected: Fish 1 ↔ Fish 2 [frame 1303] IoU=0.01
  Overlap detected: Fish 1 ↔ Fish 2 [frame 1304] IoU=0.01
  Overlap detected: Fish 1 ↔ Fish 2 [frame 1305] IoU=0.01
  Overlap detected: Fish 1 ↔ Fish 2 [frame 1306] IoU=0.02
  Overlap detected: Fish 1 ↔ Fish 2 [frame 1307] IoU=0.01
  Overlap detected: Fish 1 ↔ Fish 2 [frame 1308] IoU=0.00
  Overlap detected: Fish 1 ↔ Fish 2 [frame 1320] IoU=0.00
  Frame 1320/11769 | second 22
  Overlap detected: Fish 1 ↔ Fish 2 [frame 1328] IoU=0.01
  Overlap detected: Fish 1 ↔ Fish 2 [frame 1329] IoU=0.01
  Overlap detected: Fish 1 ↔ Fish 2 [frame 1330] IoU=0.02
  Overlap detected: Fish 1 ↔ Fish 2 [frame 1331] IoU=0.02
  Overlap detected: Fish 1 ↔ Fish 2 [frame 1332] IoU=0.01
  Overlap detected: Fish 1 ↔ Fish 2 [frame 1333] IoU=0.01
  Overlap detected: Fish 1 ↔ Fish 2 [frame 1334] IoU=0.02
  Overlap detected: Fish 1 ↔ Fish 2 [frame 1335] IoU=0.03
  Overlap detected: Fish 1 ↔ Fish 2 [frame 1336] IoU=0.03
  Overlap detected: Fish 1 ↔ Fish 2 [frame 1337] IoU=0.05
  Overlap detected: Fish 1 ↔ Fish 2 [frame 1338] IoU=0.04
  Overlap detected: Fish 1 ↔ Fish 2 [frame 1339] IoU=0.06
  Overlap detected: Fish 1 ↔ Fish 2 [frame 1340] IoU=0.10
  Overlap detected: Fish 1 ↔ Fish 2 [frame 1341] IoU=0.09
  Overlap detected: Fish 1 ↔ Fish 2 [frame 1342] IoU=0.05
  Overlap detected: Fish 1 ↔ Fish 2 [frame 1343] IoU=0.05
  Overlap detected: Fish 1 ↔ Fish 2 [frame 1344] IoU=0.08
  Overlap detected: Fish 1 ↔ Fish 2 [frame 1345] IoU=0.11
  Overlap detected: Fish 1 ↔ Fish 2 [frame 1346] IoU=0.17
  Overlap detected: Fish 1 ↔ Fish 2 [frame 1347] IoU=0.18
  Overlap detected: Fish 1 ↔ Fish 2 [frame 1348] IoU=0.16
  Overlap detected: Fish 1 ↔ Fish 2 [frame 1349] IoU=0.10
  Overlap detected: Fish 1 ↔ Fish 2 [frame 1350] IoU=0.18
  Frame 1350/11769 | second 22
  Overlap detected: Fish 1 ↔ Fish 2 [frame 1351] IoU=0.10
  Overlap detected: Fish 1 ↔ Fish 2 [frame 1352] IoU=0.06
  Overlap detected: Fish 1 ↔ Fish 2 [frame 1353] IoU=0.04
  Overlap detected: Fish 1 ↔ Fish 2 [frame 1354] IoU=0.05
  Overlap detected: Fish 1 ↔ Fish 2 [frame 1355] IoU=0.04
  Overlap detected: Fish 1 ↔ Fish 2 [frame 1356] IoU=0.04
  Overlap detected: Fish 1 ↔ Fish 2 [frame 1357] IoU=0.05
  Overlap detected: Fish 1 ↔ Fish 2 [frame 1358] IoU=0.03
  Overlap detected: Fish 1 ↔ Fish 2 [frame 1359] IoU=0.02
  Overlap detected: Fish 1 ↔ Fish 2 [frame 1360] IoU=0.02
  Overlap detected: Fish 1 ↔ Fish 2 [frame 1361] IoU=0.01
  Overlap detected: Fish 1 ↔ Fish 2 [frame 1362] IoU=0.01
  Frame 1380/11769 | second 23
  Overlap detected: Fish 1 ↔ Fish 2 [frame 1389] IoU=0.00
  Overlap detected: Fish 1 ↔ Fish 2 [frame 1397] IoU=0.00
  Overlap detected: Fish 1 ↔ Fish 2 [frame 1398] IoU=0.05
  Overlap detected: Fish 1 ↔ Fish 2 [frame 1399] IoU=0.10
  Overlap detected: Fish 1 ↔ Fish 2 [frame 1400] IoU=0.39
  Crossing started: Fish 1 ↔ Fish 2 [frame 1400]
  Overlap detected: Fish 1 ↔ Fish 2 [frame 1401] IoU=0.37
  Overlap detected: Fish 1 ↔ Fish 2 [frame 1402] IoU=0.38
  Overlap detected: Fish 1 ↔ Fish 2 [frame 1403] IoU=0.34
  Overlap detected: Fish 1 ↔ Fish 2 [frame 1404] IoU=0.35
  Overlap detected: Fish 1 ↔ Fish 2 [frame 1405] IoU=0.35
  Overlap detected: Fish 1 ↔ Fish 2 [frame 1406] IoU=0.33
  Overlap detected: Fish 1 ↔ Fish 2 [frame 1407] IoU=0.32
  Overlap detected: Fish 1 ↔ Fish 2 [frame 1408] IoU=0.29
  Overlap detected: Fish 1 ↔ Fish 2 [frame 1409] IoU=0.29
  Overlap detected: Fish 1 ↔ Fish 2 [frame 1410] IoU=0.29
  Frame 1410/11769 | second 23
  Overlap detected: Fish 1 ↔ Fish 2 [frame 1411] IoU=0.28
  Overlap detected: Fish 1 ↔ Fish 2 [frame 1412] IoU=0.25
  Overlap detected: Fish 1 ↔ Fish 2 [frame 1413] IoU=0.25
  Overlap detected: Fish 1 ↔ Fish 2 [frame 1414] IoU=0.24
  Fish 1 recovered after 15 missing frames
  Overlap detected: Fish 1 ↔ Fish 2 [frame 1415] IoU=0.44
  Overlap detected: Fish 1 ↔ Fish 2 [frame 1416] IoU=0.21
  Fish 1 ↔ Fish 2: IDs swapped back after crossing
  Overlap detected: Fish 1 ↔ Fish 2 [frame 1417] IoU=0.49
  Crossing started: Fish 1 ↔ Fish 2 [frame 1417]
  Overlap detected: Fish 1 ↔ Fish 2 [frame 1418] IoU=0.50
  Overlap detected: Fish 1 ↔ Fish 2 [frame 1419] IoU=0.15
  Fish 1 ↔ Fish 2: crossing resolved, no swap needed
  Overlap detected: Fish 1 ↔ Fish 2 [frame 1420] IoU=0.30
  Overlap detected: Fish 1 ↔ Fish 2 [frame 1421] IoU=0.36
  Overlap detected: Fish 1 ↔ Fish 2 [frame 1422] IoU=0.50
  Crossing started: Fish 1 ↔ Fish 2 [frame 1422]
  Overlap detected: Fish 1 ↔ Fish 2 [frame 1423] IoU=0.45
  Fish 1 recovered after 4 missing frames
  Overlap detected: Fish 1 ↔ Fish 2 [frame 1424] IoU=0.21
  Fish 1 ↔ Fish 2: crossing resolved, no swap needed
  Overlap detected: Fish 1 ↔ Fish 2 [frame 1425] IoU=0.00
  Overlap detected: Fish 1 ↔ Fish 2 [frame 1426] IoU=0.03
  Overlap detected: Fish 1 ↔ Fish 2 [frame 1427] IoU=0.03
  Overlap detected: Fish 1 ↔ Fish 2 [frame 1428] IoU=0.01
  Overlap detected: Fish 1 ↔ Fish 2 [frame 1431] IoU=0.01
  Overlap detected: Fish 1 ↔ Fish 2 [frame 1432] IoU=0.01
  Overlap detected: Fish 1 ↔ Fish 2 [frame 1433] IoU=0.02
  Overlap detected: Fish 1 ↔ Fish 2 [frame 1434] IoU=0.00
  Frame 1440/11769 | second 24
  Overlap detected: Fish 1 ↔ Fish 2 [frame 1446] IoU=0.00
  Overlap detected: Fish 1 ↔ Fish 2 [frame 1457] IoU=0.02
  Overlap detected: Fish 1 ↔ Fish 2 [frame 1458] IoU=0.00
  Overlap detected: Fish 1 ↔ Fish 2 [frame 1459] IoU=0.00
  Overlap detected: Fish 1 ↔ Fish 2 [frame 1462] IoU=0.01
  Overlap detected: Fish 1 ↔ Fish 2 [frame 1463] IoU=0.01
  Overlap detected: Fish 1 ↔ Fish 2 [frame 1464] IoU=0.03
  Overlap detected: Fish 1 ↔ Fish 2 [frame 1465] IoU=0.03
  Overlap detected: Fish 1 ↔ Fish 2 [frame 1466] IoU=0.03
  Overlap detected: Fish 1 ↔ Fish 2 [frame 1467] IoU=0.03
  Overlap detected: Fish 1 ↔ Fish 2 [frame 1468] IoU=0.05
  Overlap detected: Fish 1 ↔ Fish 2 [frame 1469] IoU=0.06
  Overlap detected: Fish 1 ↔ Fish 2 [frame 1470] IoU=0.05
  Frame 1470/11769 | second 24
  Overlap detected: Fish 1 ↔ Fish 2 [frame 1471] IoU=0.04
  Overlap detected: Fish 1 ↔ Fish 2 [frame 1472] IoU=0.03
  Overlap detected: Fish 1 ↔ Fish 2 [frame 1473] IoU=0.01
  Overlap detected: Fish 1 ↔ Fish 2 [frame 1474] IoU=0.04
  Overlap detected: Fish 1 ↔ Fish 2 [frame 1475] IoU=0.03
  Overlap detected: Fish 1 ↔ Fish 2 [frame 1476] IoU=0.01
  Overlap detected: Fish 1 ↔ Fish 2 [frame 1477] IoU=0.01
  Overlap detected: Fish 1 ↔ Fish 2 [frame 1478] IoU=0.02
  Overlap detected: Fish 1 ↔ Fish 2 [frame 1479] IoU=0.02
  Overlap detected: Fish 1 ↔ Fish 2 [frame 1480] IoU=0.03
  Overlap detected: Fish 1 ↔ Fish 2 [frame 1481] IoU=0.02
  Overlap detected: Fish 1 ↔ Fish 2 [frame 1482] IoU=0.03
  Overlap detected: Fish 1 ↔ Fish 2 [frame 1483] IoU=0.02
  Overlap detected: Fish 1 ↔ Fish 2 [frame 1484] IoU=0.03
  Overlap detected: Fish 1 ↔ Fish 2 [frame 1485] IoU=0.04
  Overlap detected: Fish 1 ↔ Fish 2 [frame 1486] IoU=0.03
  Overlap detected: Fish 1 ↔ Fish 2 [frame 1487] IoU=0.04
  Overlap detected: Fish 1 ↔ Fish 2 [frame 1488] IoU=0.03
  Overlap detected: Fish 1 ↔ Fish 2 [frame 1489] IoU=0.01
  Frame 1500/11769 | second 25
  Frame 1530/11769 | second 25
  Frame 1560/11769 | second 26
  Frame 1590/11769 | second 26
  Frame 1620/11769 | second 27
  Frame 1650/11769 | second 27
  Frame 1680/11769 | second 28
  Overlap detected: Fish 1 ↔ Fish 3 [frame 1706] IoU=0.00
  Overlap detected: Fish 1 ↔ Fish 3 [frame 1709] IoU=0.07
  Overlap detected: Fish 1 ↔ Fish 3 [frame 1710] IoU=0.11
  Frame 1710/11769 | second 28
  Overlap detected: Fish 1 ↔ Fish 3 [frame 1711] IoU=0.11
  Overlap detected: Fish 1 ↔ Fish 3 [frame 1712] IoU=0.10
  Overlap detected: Fish 1 ↔ Fish 3 [frame 1713] IoU=0.11
  Overlap detected: Fish 1 ↔ Fish 3 [frame 1714] IoU=0.15
  Overlap detected: Fish 1 ↔ Fish 3 [frame 1715] IoU=0.16
  Crossing started: Fish 1 ↔ Fish 3 [frame 1715]
  Overlap detected: Fish 1 ↔ Fish 3 [frame 1716] IoU=0.17
  Overlap detected: Fish 1 ↔ Fish 3 [frame 1717] IoU=0.14
  Fish 1 ↔ Fish 3: crossing resolved, no swap needed
  Overlap detected: Fish 1 ↔ Fish 3 [frame 1718] IoU=0.16
  Overlap detected: Fish 1 ↔ Fish 3 [frame 1719] IoU=0.14
  Overlap detected: Fish 1 ↔ Fish 3 [frame 1720] IoU=0.14
  Overlap detected: Fish 1 ↔ Fish 3 [frame 1721] IoU=0.14
  Overlap detected: Fish 1 ↔ Fish 3 [frame 1722] IoU=0.15
  Overlap detected: Fish 1 ↔ Fish 3 [frame 1723] IoU=0.13
  Overlap detected: Fish 1 ↔ Fish 3 [frame 1724] IoU=0.11
  Overlap detected: Fish 1 ↔ Fish 3 [frame 1725] IoU=0.09
  Overlap detected: Fish 1 ↔ Fish 3 [frame 1726] IoU=0.08
  Overlap detected: Fish 1 ↔ Fish 3 [frame 1727] IoU=0.07
  Overlap detected: Fish 1 ↔ Fish 3 [frame 1728] IoU=0.09
  Overlap detected: Fish 1 ↔ Fish 3 [frame 1729] IoU=0.07
  Overlap detected: Fish 1 ↔ Fish 3 [frame 1730] IoU=0.04
  Overlap detected: Fish 1 ↔ Fish 3 [frame 1731] IoU=0.04
  Overlap detected: Fish 1 ↔ Fish 3 [frame 1732] IoU=0.06
  Overlap detected: Fish 1 ↔ Fish 3 [frame 1733] IoU=0.08
  Overlap detected: Fish 1 ↔ Fish 3 [frame 1734] IoU=0.05
  Overlap detected: Fish 1 ↔ Fish 3 [frame 1735] IoU=0.04
  Overlap detected: Fish 1 ↔ Fish 3 [frame 1736] IoU=0.02
  Overlap detected: Fish 1 ↔ Fish 3 [frame 1737] IoU=0.01
  Frame 1740/11769 | second 29
  Frame 1770/11769 | second 29
  Frame 1800/11769 | second 30
  Overlap detected: Fish 2 ↔ Fish 3 [frame 1820] IoU=0.00
  Overlap detected: Fish 2 ↔ Fish 3 [frame 1821] IoU=0.00
  Frame 1830/11769 | second 30
  Overlap detected: Fish 1 ↔ Fish 4 [frame 1833] IoU=0.01
  Overlap detected: Fish 1 ↔ Fish 4 [frame 1834] IoU=0.01
  Overlap detected: Fish 1 ↔ Fish 4 [frame 1835] IoU=0.02
  Overlap detected: Fish 1 ↔ Fish 4 [frame 1836] IoU=0.02
  Overlap detected: Fish 1 ↔ Fish 4 [frame 1837] IoU=0.02
  Overlap detected: Fish 1 ↔ Fish 4 [frame 1838] IoU=0.01
  Overlap detected: Fish 1 ↔ Fish 4 [frame 1839] IoU=0.03
  Overlap detected: Fish 1 ↔ Fish 4 [frame 1840] IoU=0.04
  Overlap detected: Fish 1 ↔ Fish 4 [frame 1841] IoU=0.02
  Overlap detected: Fish 1 ↔ Fish 4 [frame 1842] IoU=0.03
  Overlap detected: Fish 1 ↔ Fish 4 [frame 1843] IoU=0.03
  Overlap detected: Fish 1 ↔ Fish 4 [frame 1844] IoU=0.04
  Overlap detected: Fish 1 ↔ Fish 4 [frame 1845] IoU=0.05
  Overlap detected: Fish 1 ↔ Fish 4 [frame 1846] IoU=0.04
  Overlap detected: Fish 1 ↔ Fish 4 [frame 1847] IoU=0.03
  Overlap detected: Fish 1 ↔ Fish 4 [frame 1848] IoU=0.03
  Overlap detected: Fish 1 ↔ Fish 4 [frame 1849] IoU=0.02
  Overlap detected: Fish 1 ↔ Fish 4 [frame 1850] IoU=0.05
  Overlap detected: Fish 1 ↔ Fish 4 [frame 1851] IoU=0.02
  Overlap detected: Fish 1 ↔ Fish 4 [frame 1852] IoU=0.06
  Overlap detected: Fish 1 ↔ Fish 4 [frame 1853] IoU=0.08
  Overlap detected: Fish 1 ↔ Fish 4 [frame 1854] IoU=0.11
  Overlap detected: Fish 1 ↔ Fish 4 [frame 1855] IoU=0.09
  Overlap detected: Fish 1 ↔ Fish 4 [frame 1856] IoU=0.12
  Overlap detected: Fish 1 ↔ Fish 4 [frame 1857] IoU=0.11
  Overlap detected: Fish 1 ↔ Fish 4 [frame 1858] IoU=0.11
  Overlap detected: Fish 1 ↔ Fish 4 [frame 1859] IoU=0.10
  Overlap detected: Fish 1 ↔ Fish 4 [frame 1860] IoU=0.10
  Frame 1860/11769 | second 31
  Overlap detected: Fish 1 ↔ Fish 4 [frame 1861] IoU=0.09
  Overlap detected: Fish 1 ↔ Fish 4 [frame 1862] IoU=0.11
  Overlap detected: Fish 1 ↔ Fish 4 [frame 1863] IoU=0.11
  Overlap detected: Fish 1 ↔ Fish 4 [frame 1864] IoU=0.13
  Overlap detected: Fish 2 ↔ Fish 3 [frame 1864] IoU=0.01
  Overlap detected: Fish 1 ↔ Fish 4 [frame 1865] IoU=0.13
  Overlap detected: Fish 1 ↔ Fish 4 [frame 1866] IoU=0.14
  Overlap detected: Fish 2 ↔ Fish 3 [frame 1866] IoU=0.01
  Overlap detected: Fish 1 ↔ Fish 4 [frame 1867] IoU=0.11
  Overlap detected: Fish 2 ↔ Fish 3 [frame 1867] IoU=0.03
  Overlap detected: Fish 1 ↔ Fish 4 [frame 1868] IoU=0.13
  Overlap detected: Fish 2 ↔ Fish 3 [frame 1868] IoU=0.03
  Overlap detected: Fish 1 ↔ Fish 4 [frame 1869] IoU=0.14
  Overlap detected: Fish 2 ↔ Fish 3 [frame 1869] IoU=0.13
  Overlap detected: Fish 1 ↔ Fish 4 [frame 1870] IoU=0.16
  Crossing started: Fish 1 ↔ Fish 4 [frame 1870]
  Overlap detected: Fish 2 ↔ Fish 3 [frame 1870] IoU=0.19
  Overlap detected: Fish 1 ↔ Fish 4 [frame 1871] IoU=0.17
  Overlap detected: Fish 2 ↔ Fish 3 [frame 1871] IoU=0.23
  Overlap detected: Fish 1 ↔ Fish 4 [frame 1872] IoU=0.18
  Overlap detected: Fish 2 ↔ Fish 3 [frame 1872] IoU=0.19
  Overlap detected: Fish 1 ↔ Fish 4 [frame 1873] IoU=0.17
  Overlap detected: Fish 2 ↔ Fish 3 [frame 1873] IoU=0.18
  Overlap detected: Fish 1 ↔ Fish 4 [frame 1874] IoU=0.16
  Overlap detected: Fish 2 ↔ Fish 3 [frame 1874] IoU=0.17
  Crossing started: Fish 2 ↔ Fish 3 [frame 1874]
  Overlap detected: Fish 1 ↔ Fish 4 [frame 1875] IoU=0.18
  Overlap detected: Fish 2 ↔ Fish 3 [frame 1875] IoU=0.19
  Overlap detected: Fish 1 ↔ Fish 4 [frame 1876] IoU=0.19
  Overlap detected: Fish 2 ↔ Fish 3 [frame 1876] IoU=0.21
  Overlap detected: Fish 1 ↔ Fish 4 [frame 1877] IoU=0.20
  Overlap detected: Fish 2 ↔ Fish 3 [frame 1877] IoU=0.20
  Overlap detected: Fish 1 ↔ Fish 4 [frame 1878] IoU=0.18
  Overlap detected: Fish 2 ↔ Fish 3 [frame 1878] IoU=0.19
  Overlap detected: Fish 1 ↔ Fish 4 [frame 1879] IoU=0.19
  Overlap detected: Fish 2 ↔ Fish 3 [frame 1879] IoU=0.22
  Overlap detected: Fish 1 ↔ Fish 4 [frame 1880] IoU=0.19
  Overlap detected: Fish 2 ↔ Fish 3 [frame 1880] IoU=0.27
  Overlap detected: Fish 1 ↔ Fish 4 [frame 1881] IoU=0.23
  Overlap detected: Fish 2 ↔ Fish 3 [frame 1881] IoU=0.30
  Overlap detected: Fish 1 ↔ Fish 4 [frame 1882] IoU=0.27
  Overlap detected: Fish 2 ↔ Fish 3 [frame 1882] IoU=0.32
  Overlap detected: Fish 1 ↔ Fish 4 [frame 1883] IoU=0.31
  Overlap detected: Fish 2 ↔ Fish 3 [frame 1883] IoU=0.35
  Overlap detected: Fish 1 ↔ Fish 4 [frame 1884] IoU=0.34
  Overlap detected: Fish 2 ↔ Fish 3 [frame 1884] IoU=0.38
  Overlap detected: Fish 1 ↔ Fish 4 [frame 1885] IoU=0.37
  Overlap detected: Fish 2 ↔ Fish 3 [frame 1885] IoU=0.39
  Overlap detected: Fish 1 ↔ Fish 4 [frame 1886] IoU=0.39
  Overlap detected: Fish 2 ↔ Fish 3 [frame 1886] IoU=0.42
  Overlap detected: Fish 1 ↔ Fish 4 [frame 1887] IoU=0.36
  Overlap detected: Fish 2 ↔ Fish 3 [frame 1887] IoU=0.41
  Overlap detected: Fish 1 ↔ Fish 4 [frame 1888] IoU=0.35
  Overlap detected: Fish 2 ↔ Fish 3 [frame 1888] IoU=0.44
  Overlap detected: Fish 1 ↔ Fish 4 [frame 1889] IoU=0.39
  Overlap detected: Fish 2 ↔ Fish 3 [frame 1889] IoU=0.39
  Overlap detected: Fish 1 ↔ Fish 4 [frame 1890] IoU=0.37
  Overlap detected: Fish 2 ↔ Fish 3 [frame 1890] IoU=0.47
  Frame 1890/11769 | second 31
  Fish 1 recovered after 22 missing frames
  Overlap detected: Fish 1 ↔ Fish 4 [frame 1891] IoU=0.32
  Overlap detected: Fish 2 ↔ Fish 3 [frame 1891] IoU=0.46
  Overlap detected: Fish 1 ↔ Fish 4 [frame 1892] IoU=0.32
  Overlap detected: Fish 2 ↔ Fish 3 [frame 1892] IoU=0.43
  Overlap detected: Fish 1 ↔ Fish 4 [frame 1893] IoU=0.09
  Overlap detected: Fish 2 ↔ Fish 3 [frame 1893] IoU=0.45
  Overlap detected: Fish 1 ↔ Fish 4 [frame 1894] IoU=0.42
  Overlap detected: Fish 2 ↔ Fish 3 [frame 1894] IoU=0.41
  Fish 2 recovered after 25 missing frames
  Overlap detected: Fish 1 ↔ Fish 4 [frame 1895] IoU=0.54
  Overlap detected: Fish 2 ↔ Fish 3 [frame 1895] IoU=0.80
  Fish 3 recovered after 1 missing frames
  Fish 4 recovered after 1 missing frames
  Overlap detected: Fish 1 ↔ Fish 4 [frame 1896] IoU=0.09
  Overlap detected: Fish 2 ↔ Fish 3 [frame 1896] IoU=0.81
  Overlap detected: Fish 1 ↔ Fish 4 [frame 1897] IoU=0.08
  Overlap detected: Fish 2 ↔ Fish 3 [frame 1897] IoU=0.86
  Fish 2 recovered after 2 missing frames
  Overlap detected: Fish 1 ↔ Fish 4 [frame 1898] IoU=0.08
  Overlap detected: Fish 2 ↔ Fish 3 [frame 1898] IoU=0.71
  Overlap detected: Fish 1 ↔ Fish 4 [frame 1899] IoU=0.08
  Overlap detected: Fish 2 ↔ Fish 3 [frame 1899] IoU=0.74
  Overlap detected: Fish 1 ↔ Fish 4 [frame 1900] IoU=0.03
  Overlap detected: Fish 2 ↔ Fish 3 [frame 1900] IoU=0.70
  Overlap detected: Fish 1 ↔ Fish 4 [frame 1901] IoU=0.02
  Overlap detected: Fish 2 ↔ Fish 3 [frame 1901] IoU=0.73
  Fish 3 recovered after 4 missing frames
  Fish 4 recovered after 1 missing frames
  Overlap detected: Fish 2 ↔ Fish 3 [frame 1902] IoU=0.80
  Overlap detected: Fish 2 ↔ Fish 3 [frame 1903] IoU=0.81
  Fish 2 recovered after 2 missing frames
  Overlap detected: Fish 2 ↔ Fish 3 [frame 1904] IoU=0.47
  Overlap detected: Fish 2 ↔ Fish 3 [frame 1905] IoU=0.23
  Overlap detected: Fish 2 ↔ Fish 3 [frame 1906] IoU=0.20
  Overlap detected: Fish 2 ↔ Fish 3 [frame 1907] IoU=0.30
  Overlap detected: Fish 2 ↔ Fish 3 [frame 1908] IoU=0.17
  Overlap detected: Fish 2 ↔ Fish 3 [frame 1909] IoU=0.12
  Overlap detected: Fish 2 ↔ Fish 3 [frame 1910] IoU=0.05
  Overlap detected: Fish 2 ↔ Fish 3 [frame 1911] IoU=0.05
  Overlap detected: Fish 2 ↔ Fish 3 [frame 1912] IoU=0.05
  Overlap detected: Fish 2 ↔ Fish 3 [frame 1913] IoU=0.06
  Overlap detected: Fish 2 ↔ Fish 3 [frame 1914] IoU=0.07
  Overlap detected: Fish 2 ↔ Fish 3 [frame 1915] IoU=0.05
  Overlap detected: Fish 2 ↔ Fish 3 [frame 1916] IoU=0.06
  Overlap detected: Fish 2 ↔ Fish 3 [frame 1917] IoU=0.05
  Overlap detected: Fish 2 ↔ Fish 3 [frame 1918] IoU=0.05
  Overlap detected: Fish 2 ↔ Fish 3 [frame 1919] IoU=0.06
  Overlap detected: Fish 2 ↔ Fish 3 [frame 1920] IoU=0.06
  Frame 1920/11769 | second 32
  Overlap detected: Fish 2 ↔ Fish 3 [frame 1921] IoU=0.07
  Overlap detected: Fish 2 ↔ Fish 3 [frame 1922] IoU=0.03
  Overlap detected: Fish 2 ↔ Fish 3 [frame 1923] IoU=0.03
  Overlap detected: Fish 2 ↔ Fish 3 [frame 1924] IoU=0.04
  Overlap detected: Fish 2 ↔ Fish 3 [frame 1925] IoU=0.03
  Overlap detected: Fish 2 ↔ Fish 3 [frame 1926] IoU=0.03
  Overlap detected: Fish 2 ↔ Fish 3 [frame 1927] IoU=0.04
  Overlap detected: Fish 2 ↔ Fish 3 [frame 1928] IoU=0.04
  Overlap detected: Fish 2 ↔ Fish 3 [frame 1929] IoU=0.04
  Fish 2 ↔ Fish 3: crossing resolved, no swap needed
  Overlap detected: Fish 2 ↔ Fish 3 [frame 1930] IoU=0.01
  Overlap detected: Fish 2 ↔ Fish 3 [frame 1931] IoU=0.01
  Overlap detected: Fish 2 ↔ Fish 3 [frame 1932] IoU=0.00
  Overlap detected: Fish 2 ↔ Fish 3 [frame 1934] IoU=0.00
  Overlap detected: Fish 2 ↔ Fish 3 [frame 1935] IoU=0.01
  Overlap detected: Fish 2 ↔ Fish 3 [frame 1936] IoU=0.01
  Overlap detected: Fish 2 ↔ Fish 3 [frame 1937] IoU=0.02
  Overlap detected: Fish 2 ↔ Fish 3 [frame 1938] IoU=0.01
  Overlap detected: Fish 2 ↔ Fish 3 [frame 1939] IoU=0.01
  Overlap detected: Fish 2 ↔ Fish 3 [frame 1940] IoU=0.00
  Overlap detected: Fish 2 ↔ Fish 3 [frame 1950] IoU=0.01
  Frame 1950/11769 | second 32
  Overlap detected: Fish 2 ↔ Fish 3 [frame 1951] IoU=0.02
  Overlap detected: Fish 2 ↔ Fish 3 [frame 1952] IoU=0.01
  Overlap detected: Fish 2 ↔ Fish 3 [frame 1953] IoU=0.02
  Overlap detected: Fish 2 ↔ Fish 3 [frame 1954] IoU=0.02
  Overlap detected: Fish 2 ↔ Fish 3 [frame 1955] IoU=0.02
  Overlap detected: Fish 2 ↔ Fish 3 [frame 1956] IoU=0.02
  Overlap detected: Fish 2 ↔ Fish 3 [frame 1957] IoU=0.02
  Overlap detected: Fish 2 ↔ Fish 3 [frame 1958] IoU=0.02
  Overlap detected: Fish 2 ↔ Fish 3 [frame 1959] IoU=0.01
  Overlap detected: Fish 2 ↔ Fish 3 [frame 1960] IoU=0.02
  Overlap detected: Fish 2 ↔ Fish 3 [frame 1961] IoU=0.01
  Overlap detected: Fish 2 ↔ Fish 3 [frame 1962] IoU=0.01
  Overlap detected: Fish 2 ↔ Fish 3 [frame 1963] IoU=0.01
  Overlap detected: Fish 2 ↔ Fish 3 [frame 1964] IoU=0.01
  Overlap detected: Fish 2 ↔ Fish 3 [frame 1965] IoU=0.00
  Overlap detected: Fish 2 ↔ Fish 3 [frame 1966] IoU=0.00
  Overlap detected: Fish 2 ↔ Fish 3 [frame 1968] IoU=0.00
  Frame 1980/11769 | second 33
  Overlap detected: Fish 2 ↔ Fish 3 [frame 1983] IoU=0.01
  Overlap detected: Fish 2 ↔ Fish 3 [frame 1984] IoU=0.01
  Overlap detected: Fish 2 ↔ Fish 3 [frame 1985] IoU=0.01
  Overlap detected: Fish 2 ↔ Fish 3 [frame 1986] IoU=0.01
  Overlap detected: Fish 2 ↔ Fish 3 [frame 1987] IoU=0.01
  Overlap detected: Fish 2 ↔ Fish 3 [frame 1988] IoU=0.02
  Overlap detected: Fish 2 ↔ Fish 3 [frame 1989] IoU=0.02
  Overlap detected: Fish 2 ↔ Fish 3 [frame 1990] IoU=0.02
  Overlap detected: Fish 2 ↔ Fish 3 [frame 1991] IoU=0.01
  Overlap detected: Fish 2 ↔ Fish 3 [frame 1992] IoU=0.02
  Overlap detected: Fish 1 ↔ Fish 4 [frame 1993] IoU=0.00
  Overlap detected: Fish 2 ↔ Fish 3 [frame 1993] IoU=0.01
  Overlap detected: Fish 2 ↔ Fish 3 [frame 1994] IoU=0.02
  Overlap detected: Fish 1 ↔ Fish 4 [frame 1995] IoU=0.01
  Overlap detected: Fish 2 ↔ Fish 3 [frame 1995] IoU=0.03
  Overlap detected: Fish 1 ↔ Fish 4 [frame 1996] IoU=0.01
  Overlap detected: Fish 2 ↔ Fish 3 [frame 1996] IoU=0.03
  Overlap detected: Fish 2 ↔ Fish 3 [frame 1997] IoU=0.04
  Overlap detected: Fish 2 ↔ Fish 3 [frame 1998] IoU=0.05
  Overlap detected: Fish 2 ↔ Fish 3 [frame 1999] IoU=0.05
  Overlap detected: Fish 1 ↔ Fish 4 [frame 2000] IoU=0.01
  Overlap detected: Fish 2 ↔ Fish 3 [frame 2000] IoU=0.06
  Overlap detected: Fish 2 ↔ Fish 3 [frame 2001] IoU=0.07
  Overlap detected: Fish 2 ↔ Fish 3 [frame 2002] IoU=0.05
  Overlap detected: Fish 2 ↔ Fish 3 [frame 2003] IoU=0.07
  Overlap detected: Fish 2 ↔ Fish 3 [frame 2004] IoU=0.07
  Overlap detected: Fish 2 ↔ Fish 3 [frame 2005] IoU=0.06
  Overlap detected: Fish 2 ↔ Fish 3 [frame 2006] IoU=0.05
  Overlap detected: Fish 2 ↔ Fish 3 [frame 2007] IoU=0.05
  Overlap detected: Fish 2 ↔ Fish 3 [frame 2008] IoU=0.05
  Overlap detected: Fish 2 ↔ Fish 3 [frame 2009] IoU=0.05
  Overlap detected: Fish 2 ↔ Fish 3 [frame 2010] IoU=0.07
  Frame 2010/11769 | second 33
  Overlap detected: Fish 2 ↔ Fish 3 [frame 2011] IoU=0.10
  Overlap detected: Fish 2 ↔ Fish 3 [frame 2012] IoU=0.11
  Overlap detected: Fish 2 ↔ Fish 3 [frame 2013] IoU=0.12
  Overlap detected: Fish 2 ↔ Fish 3 [frame 2014] IoU=0.12
  Overlap detected: Fish 2 ↔ Fish 3 [frame 2015] IoU=0.12
  Overlap detected: Fish 2 ↔ Fish 3 [frame 2016] IoU=0.12
  Overlap detected: Fish 2 ↔ Fish 3 [frame 2017] IoU=0.13
  Overlap detected: Fish 2 ↔ Fish 3 [frame 2018] IoU=0.14
  Overlap detected: Fish 2 ↔ Fish 3 [frame 2019] IoU=0.14
  Overlap detected: Fish 2 ↔ Fish 3 [frame 2020] IoU=0.12
  Overlap detected: Fish 2 ↔ Fish 3 [frame 2021] IoU=0.12
  Overlap detected: Fish 2 ↔ Fish 3 [frame 2022] IoU=0.12
  Overlap detected: Fish 2 ↔ Fish 3 [frame 2023] IoU=0.12
  Overlap detected: Fish 2 ↔ Fish 3 [frame 2024] IoU=0.12
  Overlap detected: Fish 2 ↔ Fish 3 [frame 2025] IoU=0.15
  Overlap detected: Fish 2 ↔ Fish 3 [frame 2026] IoU=0.15
  Overlap detected: Fish 2 ↔ Fish 3 [frame 2027] IoU=0.13
  Overlap detected: Fish 2 ↔ Fish 3 [frame 2028] IoU=0.13
  Overlap detected: Fish 2 ↔ Fish 3 [frame 2029] IoU=0.10
  Overlap detected: Fish 2 ↔ Fish 3 [frame 2030] IoU=0.10
  Overlap detected: Fish 2 ↔ Fish 3 [frame 2031] IoU=0.11
  Overlap detected: Fish 2 ↔ Fish 3 [frame 2032] IoU=0.10
  Overlap detected: Fish 2 ↔ Fish 3 [frame 2033] IoU=0.12
  Overlap detected: Fish 2 ↔ Fish 3 [frame 2034] IoU=0.12
  Crossing started: Fish 2 ↔ Fish 3 [frame 2034]
  Overlap detected: Fish 2 ↔ Fish 3 [frame 2035] IoU=0.12
  Overlap detected: Fish 2 ↔ Fish 3 [frame 2036] IoU=0.12
  Overlap detected: Fish 2 ↔ Fish 3 [frame 2037] IoU=0.12
  Overlap detected: Fish 2 ↔ Fish 3 [frame 2038] IoU=0.12
  Overlap detected: Fish 2 ↔ Fish 3 [frame 2039] IoU=0.11
  Overlap detected: Fish 2 ↔ Fish 3 [frame 2040] IoU=0.12
  Frame 2040/11769 | second 34
  Overlap detected: Fish 2 ↔ Fish 3 [frame 2041] IoU=0.12
  Overlap detected: Fish 2 ↔ Fish 3 [frame 2042] IoU=0.12
  Overlap detected: Fish 2 ↔ Fish 3 [frame 2043] IoU=0.12
  Overlap detected: Fish 2 ↔ Fish 3 [frame 2044] IoU=0.12
  Overlap detected: Fish 2 ↔ Fish 3 [frame 2045] IoU=0.12
  Overlap detected: Fish 2 ↔ Fish 3 [frame 2046] IoU=0.12
  Overlap detected: Fish 2 ↔ Fish 3 [frame 2047] IoU=0.12
  Overlap detected: Fish 2 ↔ Fish 3 [frame 2048] IoU=0.11
  Overlap detected: Fish 2 ↔ Fish 3 [frame 2049] IoU=0.11
  Overlap detected: Fish 1 ↔ Fish 4 [frame 2050] IoU=0.00
  Overlap detected: Fish 2 ↔ Fish 3 [frame 2050] IoU=0.12
  Overlap detected: Fish 2 ↔ Fish 3 [frame 2051] IoU=0.12
  Overlap detected: Fish 1 ↔ Fish 4 [frame 2052] IoU=0.03
  Overlap detected: Fish 2 ↔ Fish 3 [frame 2052] IoU=0.12
  Overlap detected: Fish 1 ↔ Fish 4 [frame 2053] IoU=0.00
  Overlap detected: Fish 2 ↔ Fish 3 [frame 2053] IoU=0.12
  Overlap detected: Fish 2 ↔ Fish 3 [frame 2054] IoU=0.12
  Overlap detected: Fish 2 ↔ Fish 3 [frame 2055] IoU=0.12
  Overlap detected: Fish 2 ↔ Fish 3 [frame 2056] IoU=0.12
  Overlap detected: Fish 2 ↔ Fish 3 [frame 2057] IoU=0.12
  Overlap detected: Fish 2 ↔ Fish 3 [frame 2058] IoU=0.13
  Overlap detected: Fish 1 ↔ Fish 4 [frame 2059] IoU=0.01
  Overlap detected: Fish 2 ↔ Fish 3 [frame 2059] IoU=0.11
  Overlap detected: Fish 1 ↔ Fish 4 [frame 2060] IoU=0.02
  Overlap detected: Fish 2 ↔ Fish 3 [frame 2060] IoU=0.11
  Fish 2 recovered after 31 missing frames
  Overlap detected: Fish 1 ↔ Fish 4 [frame 2061] IoU=0.15
  Crossing started: Fish 1 ↔ Fish 4 [frame 2061]
  Overlap detected: Fish 2 ↔ Fish 3 [frame 2061] IoU=0.17
  Fish 2 ↔ Fish 3: IDs swapped back after crossing
  Overlap detected: Fish 1 ↔ Fish 4 [frame 2062] IoU=0.19
  Overlap detected: Fish 2 ↔ Fish 3 [frame 2062] IoU=0.17
  Fish 3 recovered after 1 missing frames
  Overlap detected: Fish 1 ↔ Fish 4 [frame 2063] IoU=0.22
  Overlap detected: Fish 2 ↔ Fish 3 [frame 2063] IoU=0.19
  Crossing started: Fish 2 ↔ Fish 3 [frame 2063]
  Overlap detected: Fish 1 ↔ Fish 4 [frame 2064] IoU=0.21
  Overlap detected: Fish 2 ↔ Fish 3 [frame 2064] IoU=0.18
  Overlap detected: Fish 1 ↔ Fish 4 [frame 2065] IoU=0.19
  Overlap detected: Fish 2 ↔ Fish 3 [frame 2065] IoU=0.18
  Overlap detected: Fish 1 ↔ Fish 4 [frame 2066] IoU=0.16
  Overlap detected: Fish 2 ↔ Fish 3 [frame 2066] IoU=0.18
  Overlap detected: Fish 1 ↔ Fish 4 [frame 2067] IoU=0.15
  Overlap detected: Fish 2 ↔ Fish 3 [frame 2067] IoU=0.17
  Overlap detected: Fish 1 ↔ Fish 4 [frame 2068] IoU=0.14
  Overlap detected: Fish 2 ↔ Fish 3 [frame 2068] IoU=0.18
  Overlap detected: Fish 1 ↔ Fish 4 [frame 2069] IoU=0.16
  Overlap detected: Fish 2 ↔ Fish 3 [frame 2069] IoU=0.16
  Fish 1 recovered after 9 missing frames
  Overlap detected: Fish 1 ↔ Fish 4 [frame 2070] IoU=0.17
  Overlap detected: Fish 2 ↔ Fish 3 [frame 2070] IoU=0.15
  Frame 2070/11769 | second 34
  Overlap detected: Fish 1 ↔ Fish 4 [frame 2071] IoU=0.20
  Overlap detected: Fish 2 ↔ Fish 3 [frame 2071] IoU=0.19
  Overlap detected: Fish 1 ↔ Fish 4 [frame 2072] IoU=0.20
  Overlap detected: Fish 2 ↔ Fish 3 [frame 2072] IoU=0.18
  Overlap detected: Fish 1 ↔ Fish 4 [frame 2073] IoU=0.19
  Overlap detected: Fish 2 ↔ Fish 3 [frame 2073] IoU=0.12
  Overlap detected: Fish 1 ↔ Fish 4 [frame 2074] IoU=0.26
  Overlap detected: Fish 2 ↔ Fish 3 [frame 2074] IoU=0.11
  Overlap detected: Fish 1 ↔ Fish 4 [frame 2075] IoU=0.26
  Overlap detected: Fish 2 ↔ Fish 3 [frame 2075] IoU=0.11
  Overlap detected: Fish 1 ↔ Fish 4 [frame 2076] IoU=0.31
  Overlap detected: Fish 2 ↔ Fish 3 [frame 2076] IoU=0.09
  Overlap detected: Fish 1 ↔ Fish 4 [frame 2077] IoU=0.34
  Overlap detected: Fish 2 ↔ Fish 3 [frame 2077] IoU=0.08
  Overlap detected: Fish 1 ↔ Fish 4 [frame 2078] IoU=0.34
  Overlap detected: Fish 2 ↔ Fish 3 [frame 2078] IoU=0.09
  Overlap detected: Fish 1 ↔ Fish 4 [frame 2079] IoU=0.40
  Overlap detected: Fish 2 ↔ Fish 3 [frame 2079] IoU=0.07
  Overlap detected: Fish 1 ↔ Fish 4 [frame 2080] IoU=0.46
  Overlap detected: Fish 2 ↔ Fish 3 [frame 2080] IoU=0.07
  Overlap detected: Fish 1 ↔ Fish 4 [frame 2081] IoU=0.42
  Overlap detected: Fish 2 ↔ Fish 3 [frame 2081] IoU=0.07
  Overlap detected: Fish 1 ↔ Fish 4 [frame 2082] IoU=0.47
  Overlap detected: Fish 2 ↔ Fish 3 [frame 2082] IoU=0.05
  Overlap detected: Fish 1 ↔ Fish 4 [frame 2083] IoU=0.41
  Overlap detected: Fish 2 ↔ Fish 3 [frame 2083] IoU=0.04
  Overlap detected: Fish 1 ↔ Fish 4 [frame 2084] IoU=0.28
  Overlap detected: Fish 2 ↔ Fish 3 [frame 2084] IoU=0.02
  Overlap detected: Fish 1 ↔ Fish 4 [frame 2085] IoU=0.08
  Overlap detected: Fish 2 ↔ Fish 3 [frame 2085] IoU=0.01
  Overlap detected: Fish 1 ↔ Fish 4 [frame 2086] IoU=0.06
  Overlap detected: Fish 1 ↔ Fish 4 [frame 2087] IoU=0.06
  Overlap detected: Fish 1 ↔ Fish 4 [frame 2088] IoU=0.06
  Fish 1 ↔ Fish 4: crossing resolved, no swap needed
  Overlap detected: Fish 1 ↔ Fish 4 [frame 2089] IoU=0.09
  Crossing started: Fish 1 ↔ Fish 4 [frame 2089]
  Overlap detected: Fish 1 ↔ Fish 4 [frame 2090] IoU=0.03
  Fish 1 ↔ Fish 4: crossing resolved, no swap needed
  Overlap detected: Fish 1 ↔ Fish 4 [frame 2091] IoU=0.00
  Overlap detected: Fish 1 ↔ Fish 4 [frame 2092] IoU=0.00
  Overlap detected: Fish 1 ↔ Fish 4 [frame 2094] IoU=0.01
  Overlap detected: Fish 1 ↔ Fish 4 [frame 2095] IoU=0.01
  Frame 2100/11769 | second 35
  Overlap detected: Fish 1 ↔ Fish 4 [frame 2107] IoU=0.01
  Overlap detected: Fish 1 ↔ Fish 4 [frame 2108] IoU=0.01
  Overlap detected: Fish 1 ↔ Fish 4 [frame 2109] IoU=0.03
  Overlap detected: Fish 1 ↔ Fish 4 [frame 2110] IoU=0.03
  Overlap detected: Fish 1 ↔ Fish 4 [frame 2111] IoU=0.03
  Overlap detected: Fish 1 ↔ Fish 4 [frame 2112] IoU=0.05
  Overlap detected: Fish 1 ↔ Fish 4 [frame 2113] IoU=0.06
  Overlap detected: Fish 1 ↔ Fish 4 [frame 2114] IoU=0.08
  Overlap detected: Fish 1 ↔ Fish 4 [frame 2115] IoU=0.07
  Overlap detected: Fish 1 ↔ Fish 4 [frame 2116] IoU=0.09
  Overlap detected: Fish 1 ↔ Fish 4 [frame 2117] IoU=0.05
  Overlap detected: Fish 1 ↔ Fish 4 [frame 2118] IoU=0.06
  Overlap detected: Fish 1 ↔ Fish 4 [frame 2119] IoU=0.04
  Overlap detected: Fish 1 ↔ Fish 4 [frame 2120] IoU=0.05
  Overlap detected: Fish 1 ↔ Fish 4 [frame 2121] IoU=0.03
  Overlap detected: Fish 1 ↔ Fish 4 [frame 2122] IoU=0.03
  Overlap detected: Fish 1 ↔ Fish 4 [frame 2123] IoU=0.02
  Overlap detected: Fish 1 ↔ Fish 4 [frame 2124] IoU=0.03
  Overlap detected: Fish 1 ↔ Fish 4 [frame 2125] IoU=0.02
  Overlap detected: Fish 1 ↔ Fish 4 [frame 2126] IoU=0.02
  Overlap detected: Fish 1 ↔ Fish 4 [frame 2127] IoU=0.02
  Overlap detected: Fish 1 ↔ Fish 4 [frame 2128] IoU=0.03
  Overlap detected: Fish 1 ↔ Fish 4 [frame 2129] IoU=0.04
  Overlap detected: Fish 1 ↔ Fish 4 [frame 2130] IoU=0.04
  Frame 2130/11769 | second 35
  Overlap detected: Fish 1 ↔ Fish 4 [frame 2131] IoU=0.07
  Crossing started: Fish 1 ↔ Fish 4 [frame 2131]
  Overlap detected: Fish 1 ↔ Fish 4 [frame 2132] IoU=0.09
  Overlap detected: Fish 1 ↔ Fish 4 [frame 2133] IoU=0.26
  Overlap detected: Fish 1 ↔ Fish 4 [frame 2134] IoU=0.30
  Overlap detected: Fish 1 ↔ Fish 4 [frame 2135] IoU=0.31
  Overlap detected: Fish 1 ↔ Fish 4 [frame 2136] IoU=0.31
  Overlap detected: Fish 1 ↔ Fish 4 [frame 2137] IoU=0.32
  Overlap detected: Fish 1 ↔ Fish 4 [frame 2138] IoU=0.37
  Overlap detected: Fish 1 ↔ Fish 4 [frame 2139] IoU=0.36
  Overlap detected: Fish 2 ↔ Fish 3 [frame 2139] IoU=0.01
  Overlap detected: Fish 1 ↔ Fish 4 [frame 2140] IoU=0.41
  Overlap detected: Fish 1 ↔ Fish 4 [frame 2141] IoU=0.38
  Overlap detected: Fish 2 ↔ Fish 3 [frame 2141] IoU=0.00
  Overlap detected: Fish 1 ↔ Fish 4 [frame 2142] IoU=0.37
  Overlap detected: Fish 2 ↔ Fish 3 [frame 2142] IoU=0.00
  Overlap detected: Fish 1 ↔ Fish 4 [frame 2143] IoU=0.43
  Overlap detected: Fish 1 ↔ Fish 4 [frame 2144] IoU=0.41
  Overlap detected: Fish 1 ↔ Fish 4 [frame 2145] IoU=0.46
  Overlap detected: Fish 1 ↔ Fish 4 [frame 2146] IoU=0.48
  Overlap detected: Fish 1 ↔ Fish 4 [frame 2147] IoU=0.41
  Overlap detected: Fish 2 ↔ Fish 3 [frame 2147] IoU=0.00
  Overlap detected: Fish 1 ↔ Fish 4 [frame 2148] IoU=0.42
  Overlap detected: Fish 1 ↔ Fish 4 [frame 2149] IoU=0.42
  Overlap detected: Fish 2 ↔ Fish 3 [frame 2149] IoU=0.00
  Overlap detected: Fish 1 ↔ Fish 4 [frame 2150] IoU=0.51
  Overlap detected: Fish 2 ↔ Fish 3 [frame 2150] IoU=0.04
  Overlap detected: Fish 1 ↔ Fish 4 [frame 2151] IoU=0.48
  Overlap detected: Fish 2 ↔ Fish 3 [frame 2151] IoU=0.05
  Fish 1 recovered after 14 missing frames
  Overlap detected: Fish 1 ↔ Fish 4 [frame 2152] IoU=0.33
  Overlap detected: Fish 2 ↔ Fish 3 [frame 2152] IoU=0.06
  Overlap detected: Fish 1 ↔ Fish 4 [frame 2153] IoU=0.26
  Overlap detected: Fish 2 ↔ Fish 3 [frame 2153] IoU=0.06
  Overlap detected: Fish 1 ↔ Fish 4 [frame 2154] IoU=0.14
  Overlap detected: Fish 2 ↔ Fish 3 [frame 2154] IoU=0.05
  Overlap detected: Fish 1 ↔ Fish 4 [frame 2155] IoU=0.14
  Overlap detected: Fish 2 ↔ Fish 3 [frame 2155] IoU=0.05
  Overlap detected: Fish 1 ↔ Fish 4 [frame 2156] IoU=0.07
  Overlap detected: Fish 2 ↔ Fish 3 [frame 2156] IoU=0.04
  Overlap detected: Fish 1 ↔ Fish 4 [frame 2157] IoU=0.04
  Overlap detected: Fish 2 ↔ Fish 3 [frame 2157] IoU=0.06
  Overlap detected: Fish 1 ↔ Fish 4 [frame 2158] IoU=0.04
  Overlap detected: Fish 2 ↔ Fish 3 [frame 2158] IoU=0.02
  Overlap detected: Fish 1 ↔ Fish 4 [frame 2159] IoU=0.04
  Overlap detected: Fish 2 ↔ Fish 3 [frame 2159] IoU=0.03
  Fish 5 recovered after 3 missing frames
  Overlap detected: Fish 1 ↔ Fish 4 [frame 2160] IoU=0.04
  Overlap detected: Fish 2 ↔ Fish 3 [frame 2160] IoU=0.00
  Frame 2160/11769 | second 36
  Overlap detected: Fish 1 ↔ Fish 4 [frame 2161] IoU=0.02
  Overlap detected: Fish 1 ↔ Fish 4 [frame 2162] IoU=0.01
  Overlap detected: Fish 1 ↔ Fish 4 [frame 2163] IoU=0.03
  Overlap detected: Fish 1 ↔ Fish 4 [frame 2164] IoU=0.04
  Overlap detected: Fish 1 ↔ Fish 4 [frame 2165] IoU=0.01
  Overlap detected: Fish 1 ↔ Fish 4 [frame 2166] IoU=0.01
  Overlap detected: Fish 1 ↔ Fish 4 [frame 2167] IoU=0.01
  Overlap detected: Fish 1 ↔ Fish 4 [frame 2168] IoU=0.03
  Overlap detected: Fish 1 ↔ Fish 4 [frame 2169] IoU=0.03
  Crossing started: Fish 1 ↔ Fish 4 [frame 2169]
  Overlap detected: Fish 1 ↔ Fish 4 [frame 2170] IoU=0.04
  Overlap detected: Fish 1 ↔ Fish 4 [frame 2171] IoU=0.05
  Overlap detected: Fish 1 ↔ Fish 4 [frame 2172] IoU=0.05
  Overlap detected: Fish 1 ↔ Fish 4 [frame 2173] IoU=0.05
  Overlap detected: Fish 1 ↔ Fish 4 [frame 2174] IoU=0.06
  Overlap detected: Fish 1 ↔ Fish 4 [frame 2175] IoU=0.04
  Overlap detected: Fish 1 ↔ Fish 4 [frame 2176] IoU=0.03
  Crossing started: Fish 1 ↔ Fish 4 [frame 2176]
  Overlap detected: Fish 1 ↔ Fish 4 [frame 2177] IoU=0.04
  Overlap detected: Fish 1 ↔ Fish 4 [frame 2178] IoU=0.03
  Overlap detected: Fish 1 ↔ Fish 4 [frame 2179] IoU=0.05
  Overlap detected: Fish 1 ↔ Fish 4 [frame 2180] IoU=0.04
  Fish 1 ↔ Fish 4: crossing resolved, no swap needed
  Overlap detected: Fish 1 ↔ Fish 4 [frame 2181] IoU=0.08
  Overlap detected: Fish 1 ↔ Fish 4 [frame 2182] IoU=0.09
  Crossing started: Fish 1 ↔ Fish 4 [frame 2182]
  Overlap detected: Fish 1 ↔ Fish 4 [frame 2183] IoU=0.09
  Overlap detected: Fish 1 ↔ Fish 4 [frame 2184] IoU=0.09
  Overlap detected: Fish 1 ↔ Fish 4 [frame 2185] IoU=0.07
  Overlap detected: Fish 1 ↔ Fish 4 [frame 2186] IoU=0.07
  Overlap detected: Fish 1 ↔ Fish 4 [frame 2187] IoU=0.11
  Crossing started: Fish 1 ↔ Fish 4 [frame 2187]
  Overlap detected: Fish 1 ↔ Fish 4 [frame 2188] IoU=0.13
  Overlap detected: Fish 1 ↔ Fish 4 [frame 2189] IoU=0.09
  Overlap detected: Fish 1 ↔ Fish 4 [frame 2190] IoU=0.07
  Frame 2190/11769 | second 36
  Overlap detected: Fish 1 ↔ Fish 4 [frame 2191] IoU=0.21
  Overlap detected: Fish 1 ↔ Fish 4 [frame 2192] IoU=0.23
  Overlap detected: Fish 1 ↔ Fish 4 [frame 2193] IoU=0.43
  Overlap detected: Fish 1 ↔ Fish 4 [frame 2194] IoU=0.43
  Overlap detected: Fish 1 ↔ Fish 4 [frame 2195] IoU=0.38
  Overlap detected: Fish 1 ↔ Fish 4 [frame 2196] IoU=0.35
  Overlap detected: Fish 1 ↔ Fish 4 [frame 2197] IoU=0.31
  Overlap detected: Fish 1 ↔ Fish 4 [frame 2198] IoU=0.30
  Overlap detected: Fish 1 ↔ Fish 4 [frame 2199] IoU=0.29
  Fish 2 recovered after 8 missing frames
  Overlap detected: Fish 1 ↔ Fish 4 [frame 2200] IoU=0.27
  Fish 4 recovered after 8 missing frames
  Overlap detected: Fish 1 ↔ Fish 4 [frame 2201] IoU=0.12
  Fish 1 ↔ Fish 4: crossing resolved, no swap needed
  Overlap detected: Fish 1 ↔ Fish 4 [frame 2202] IoU=0.05
  Overlap detected: Fish 1 ↔ Fish 4 [frame 2203] IoU=0.04
  Overlap detected: Fish 1 ↔ Fish 4 [frame 2204] IoU=0.02
  Overlap detected: Fish 1 ↔ Fish 4 [frame 2205] IoU=0.01
  Frame 2220/11769 | second 37
  Frame 2250/11769 | second 37
  Frame 2280/11769 | second 38
  Frame 2310/11769 | second 38
  Fish 3 recovered after 182 missing frames
  Frame 2340/11769 | second 39
  Fish 4 recovered after 1 missing frames
  Frame 2370/11769 | second 39
  Frame 2400/11769 | second 40
  Frame 2430/11769 | second 40
  Overlap detected: Fish 1 ↔ Fish 4 [frame 2431] IoU=0.01
  Overlap detected: Fish 1 ↔ Fish 4 [frame 2432] IoU=0.00
  Overlap detected: Fish 1 ↔ Fish 4 [frame 2433] IoU=0.00
  Overlap detected: Fish 1 ↔ Fish 4 [frame 2434] IoU=0.01
  Overlap detected: Fish 1 ↔ Fish 4 [frame 2435] IoU=0.01
  Overlap detected: Fish 1 ↔ Fish 4 [frame 2436] IoU=0.00
  Overlap detected: Fish 1 ↔ Fish 4 [frame 2437] IoU=0.00
  Frame 2460/11769 | second 41
  Frame 2490/11769 | second 41
  Overlap detected: Fish 1 ↔ Fish 4 [frame 2505] IoU=0.00
  Overlap detected: Fish 1 ↔ Fish 4 [frame 2506] IoU=0.00
  Frame 2520/11769 | second 42
  Overlap detected: Fish 1 ↔ Fish 4 [frame 2534] IoU=0.02
  Overlap detected: Fish 1 ↔ Fish 4 [frame 2539] IoU=0.01
  Overlap detected: Fish 1 ↔ Fish 4 [frame 2540] IoU=0.01
  Overlap detected: Fish 1 ↔ Fish 4 [frame 2541] IoU=0.02
  Overlap detected: Fish 1 ↔ Fish 4 [frame 2542] IoU=0.03
  Overlap detected: Fish 1 ↔ Fish 4 [frame 2543] IoU=0.03
  Overlap detected: Fish 1 ↔ Fish 4 [frame 2544] IoU=0.01
  Overlap detected: Fish 1 ↔ Fish 4 [frame 2545] IoU=0.02
  Overlap detected: Fish 1 ↔ Fish 4 [frame 2546] IoU=0.01
  Frame 2550/11769 | second 42
  Overlap detected: Fish 1 ↔ Fish 4 [frame 2552] IoU=0.01
  Overlap detected: Fish 1 ↔ Fish 4 [frame 2553] IoU=0.02
  Overlap detected: Fish 1 ↔ Fish 4 [frame 2554] IoU=0.04
  Overlap detected: Fish 1 ↔ Fish 4 [frame 2555] IoU=0.07
  Overlap detected: Fish 1 ↔ Fish 4 [frame 2556] IoU=0.08
  Overlap detected: Fish 1 ↔ Fish 4 [frame 2557] IoU=0.07
  Overlap detected: Fish 1 ↔ Fish 4 [frame 2558] IoU=0.08
  Overlap detected: Fish 1 ↔ Fish 4 [frame 2559] IoU=0.10
  Overlap detected: Fish 1 ↔ Fish 4 [frame 2560] IoU=0.10
  Overlap detected: Fish 1 ↔ Fish 4 [frame 2561] IoU=0.10
  Crossing started: Fish 1 ↔ Fish 4 [frame 2561]
  Overlap detected: Fish 1 ↔ Fish 4 [frame 2562] IoU=0.08
  Overlap detected: Fish 1 ↔ Fish 4 [frame 2563] IoU=0.03
  Overlap detected: Fish 1 ↔ Fish 4 [frame 2564] IoU=0.02
  Overlap detected: Fish 1 ↔ Fish 4 [frame 2567] IoU=0.01
  Overlap detected: Fish 1 ↔ Fish 4 [frame 2569] IoU=0.01
  Overlap detected: Fish 1 ↔ Fish 4 [frame 2572] IoU=0.01
  Fish 1 ↔ Fish 4: crossing resolved, no swap needed
  Overlap detected: Fish 1 ↔ Fish 4 [frame 2573] IoU=0.02
  Overlap detected: Fish 1 ↔ Fish 4 [frame 2574] IoU=0.03
  Overlap detected: Fish 1 ↔ Fish 4 [frame 2575] IoU=0.02
  Overlap detected: Fish 1 ↔ Fish 4 [frame 2576] IoU=0.03
  Overlap detected: Fish 1 ↔ Fish 4 [frame 2577] IoU=0.02
  Overlap detected: Fish 1 ↔ Fish 4 [frame 2578] IoU=0.01
  Overlap detected: Fish 1 ↔ Fish 4 [frame 2579] IoU=0.02
  Overlap detected: Fish 1 ↔ Fish 4 [frame 2580] IoU=0.01
  Frame 2580/11769 | second 43
  Frame 2610/11769 | second 43
  Frame 2640/11769 | second 44
  Frame 2670/11769 | second 44
  Frame 2700/11769 | second 45
  Overlap detected: Fish 1 ↔ Fish 5 [frame 2705] IoU=0.01
  Overlap detected: Fish 1 ↔ Fish 5 [frame 2706] IoU=0.03
  Overlap detected: Fish 1 ↔ Fish 5 [frame 2707] IoU=0.04
  Overlap detected: Fish 1 ↔ Fish 5 [frame 2708] IoU=0.06
  Overlap detected: Fish 1 ↔ Fish 5 [frame 2709] IoU=0.06
  Overlap detected: Fish 1 ↔ Fish 5 [frame 2710] IoU=0.10
  Overlap detected: Fish 1 ↔ Fish 5 [frame 2711] IoU=0.06
  Overlap detected: Fish 1 ↔ Fish 5 [frame 2712] IoU=0.09
  Overlap detected: Fish 1 ↔ Fish 5 [frame 2713] IoU=0.10
  Overlap detected: Fish 1 ↔ Fish 5 [frame 2714] IoU=0.07
  Overlap detected: Fish 1 ↔ Fish 5 [frame 2715] IoU=0.08
  Overlap detected: Fish 1 ↔ Fish 5 [frame 2716] IoU=0.07
  Overlap detected: Fish 1 ↔ Fish 5 [frame 2717] IoU=0.03
  Overlap detected: Fish 1 ↔ Fish 5 [frame 2718] IoU=0.03
  Overlap detected: Fish 1 ↔ Fish 5 [frame 2719] IoU=0.02
  Overlap detected: Fish 1 ↔ Fish 5 [frame 2720] IoU=0.01
  Overlap detected: Fish 1 ↔ Fish 5 [frame 2722] IoU=0.00
  Overlap detected: Fish 1 ↔ Fish 5 [frame 2723] IoU=0.02
  Overlap detected: Fish 1 ↔ Fish 5 [frame 2724] IoU=0.00
  Overlap detected: Fish 1 ↔ Fish 4 [frame 2728] IoU=0.01
  Overlap detected: Fish 1 ↔ Fish 4 [frame 2729] IoU=0.02
  Overlap detected: Fish 1 ↔ Fish 5 [frame 2729] IoU=0.01
  Overlap detected: Fish 1 ↔ Fish 4 [frame 2730] IoU=0.02
  Overlap detected: Fish 1 ↔ Fish 5 [frame 2730] IoU=0.00
  Frame 2730/11769 | second 45
  Overlap detected: Fish 1 ↔ Fish 4 [frame 2731] IoU=0.03
  Overlap detected: Fish 1 ↔ Fish 5 [frame 2731] IoU=0.01
  Overlap detected: Fish 1 ↔ Fish 4 [frame 2732] IoU=0.07
  Overlap detected: Fish 1 ↔ Fish 5 [frame 2732] IoU=0.00
  Overlap detected: Fish 1 ↔ Fish 4 [frame 2733] IoU=0.11
  Overlap detected: Fish 1 ↔ Fish 5 [frame 2733] IoU=0.00
  Overlap detected: Fish 1 ↔ Fish 4 [frame 2734] IoU=0.16
  Overlap detected: Fish 1 ↔ Fish 5 [frame 2734] IoU=0.00
  Overlap detected: Fish 1 ↔ Fish 4 [frame 2735] IoU=0.17
  Overlap detected: Fish 1 ↔ Fish 4 [frame 2736] IoU=0.18
  Overlap detected: Fish 1 ↔ Fish 4 [frame 2737] IoU=0.23
  Overlap detected: Fish 1 ↔ Fish 4 [frame 2738] IoU=0.22
  Overlap detected: Fish 1 ↔ Fish 4 [frame 2739] IoU=0.19
  Overlap detected: Fish 1 ↔ Fish 4 [frame 2740] IoU=0.19
  Overlap detected: Fish 1 ↔ Fish 4 [frame 2741] IoU=0.24
  Overlap detected: Fish 1 ↔ Fish 4 [frame 2742] IoU=0.30
  Overlap detected: Fish 1 ↔ Fish 4 [frame 2743] IoU=0.40
  Crossing started: Fish 1 ↔ Fish 4 [frame 2743]
  Overlap detected: Fish 1 ↔ Fish 4 [frame 2744] IoU=0.45
  Overlap detected: Fish 1 ↔ Fish 4 [frame 2745] IoU=0.61
  Overlap detected: Fish 1 ↔ Fish 4 [frame 2746] IoU=0.59
  Fish 4 recovered after 3 missing frames
  Overlap detected: Fish 1 ↔ Fish 4 [frame 2747] IoU=0.40
  Overlap detected: Fish 1 ↔ Fish 4 [frame 2748] IoU=0.36
  Fish 1 recovered after 1 missing frames
  Overlap detected: Fish 1 ↔ Fish 4 [frame 2749] IoU=0.24
  Overlap detected: Fish 1 ↔ Fish 4 [frame 2750] IoU=0.02
  Frame 2760/11769 | second 46
  Fish 1 recovered after 1 missing frames
  Frame 2790/11769 | second 46
  Frame 2820/11769 | second 47
  Overlap detected: Fish 1 ↔ Fish 4 [frame 2827] IoU=0.01
  Overlap detected: Fish 1 ↔ Fish 4 [frame 2828] IoU=0.03
  Overlap detected: Fish 1 ↔ Fish 4 [frame 2829] IoU=0.03
  Overlap detected: Fish 1 ↔ Fish 4 [frame 2830] IoU=0.05
  Overlap detected: Fish 1 ↔ Fish 4 [frame 2831] IoU=0.06
  Overlap detected: Fish 1 ↔ Fish 4 [frame 2832] IoU=0.06
  Overlap detected: Fish 1 ↔ Fish 4 [frame 2833] IoU=0.11
  Overlap detected: Fish 1 ↔ Fish 4 [frame 2834] IoU=0.11
  Overlap detected: Fish 1 ↔ Fish 4 [frame 2835] IoU=0.11
  Overlap detected: Fish 1 ↔ Fish 4 [frame 2836] IoU=0.10
  Overlap detected: Fish 1 ↔ Fish 4 [frame 2837] IoU=0.13
  Overlap detected: Fish 1 ↔ Fish 4 [frame 2838] IoU=0.13
  Overlap detected: Fish 1 ↔ Fish 4 [frame 2839] IoU=0.15
  Overlap detected: Fish 1 ↔ Fish 4 [frame 2840] IoU=0.16
  Overlap detected: Fish 1 ↔ Fish 4 [frame 2841] IoU=0.15
  Overlap detected: Fish 1 ↔ Fish 4 [frame 2842] IoU=0.18
  Overlap detected: Fish 1 ↔ Fish 4 [frame 2843] IoU=0.18
  Overlap detected: Fish 1 ↔ Fish 4 [frame 2844] IoU=0.22
  Crossing started: Fish 1 ↔ Fish 4 [frame 2844]
  Overlap detected: Fish 1 ↔ Fish 4 [frame 2845] IoU=0.18
  Fish 1 ↔ Fish 4: crossing resolved, no swap needed
  Overlap detected: Fish 1 ↔ Fish 4 [frame 2846] IoU=0.17
  Overlap detected: Fish 1 ↔ Fish 4 [frame 2847] IoU=0.16
  Overlap detected: Fish 1 ↔ Fish 4 [frame 2848] IoU=0.16
  Overlap detected: Fish 1 ↔ Fish 4 [frame 2849] IoU=0.17
  Overlap detected: Fish 1 ↔ Fish 4 [frame 2850] IoU=0.21
  Frame 2850/11769 | second 47
  Overlap detected: Fish 1 ↔ Fish 4 [frame 2851] IoU=0.20
  Overlap detected: Fish 1 ↔ Fish 4 [frame 2852] IoU=0.16
  Overlap detected: Fish 1 ↔ Fish 4 [frame 2853] IoU=0.14
  Overlap detected: Fish 1 ↔ Fish 4 [frame 2854] IoU=0.11
  Overlap detected: Fish 1 ↔ Fish 4 [frame 2855] IoU=0.07
  Overlap detected: Fish 1 ↔ Fish 4 [frame 2856] IoU=0.03
  Overlap detected: Fish 1 ↔ Fish 4 [frame 2857] IoU=0.01
  Overlap detected: Fish 1 ↔ Fish 4 [frame 2879] IoU=0.03
  Overlap detected: Fish 1 ↔ Fish 4 [frame 2880] IoU=0.03
  Frame 2880/11769 | second 48
  Overlap detected: Fish 1 ↔ Fish 4 [frame 2881] IoU=0.03
  Overlap detected: Fish 1 ↔ Fish 4 [frame 2882] IoU=0.04
  Overlap detected: Fish 1 ↔ Fish 4 [frame 2883] IoU=0.02
  Overlap detected: Fish 1 ↔ Fish 4 [frame 2884] IoU=0.01
  Overlap detected: Fish 1 ↔ Fish 4 [frame 2885] IoU=0.02
  Overlap detected: Fish 1 ↔ Fish 4 [frame 2886] IoU=0.07
  Overlap detected: Fish 1 ↔ Fish 4 [frame 2887] IoU=0.06
  Overlap detected: Fish 1 ↔ Fish 4 [frame 2888] IoU=0.05
  Overlap detected: Fish 1 ↔ Fish 4 [frame 2889] IoU=0.05
  Overlap detected: Fish 1 ↔ Fish 4 [frame 2890] IoU=0.06
  Overlap detected: Fish 1 ↔ Fish 4 [frame 2891] IoU=0.06
  Overlap detected: Fish 1 ↔ Fish 4 [frame 2892] IoU=0.05
  Overlap detected: Fish 1 ↔ Fish 4 [frame 2893] IoU=0.11
  Overlap detected: Fish 1 ↔ Fish 4 [frame 2894] IoU=0.09
  Overlap detected: Fish 1 ↔ Fish 4 [frame 2895] IoU=0.10
  Overlap detected: Fish 1 ↔ Fish 4 [frame 2896] IoU=0.09
  Overlap detected: Fish 1 ↔ Fish 4 [frame 2897] IoU=0.09
  Overlap detected: Fish 1 ↔ Fish 4 [frame 2898] IoU=0.20
  Overlap detected: Fish 1 ↔ Fish 4 [frame 2899] IoU=0.12
  Overlap detected: Fish 1 ↔ Fish 4 [frame 2900] IoU=0.07
  Overlap detected: Fish 1 ↔ Fish 4 [frame 2901] IoU=0.20
  Overlap detected: Fish 1 ↔ Fish 4 [frame 2902] IoU=0.23
  Overlap detected: Fish 1 ↔ Fish 4 [frame 2903] IoU=0.52
  Crossing started: Fish 1 ↔ Fish 4 [frame 2903]
  Overlap detected: Fish 1 ↔ Fish 4 [frame 2904] IoU=0.55
  Overlap detected: Fish 1 ↔ Fish 4 [frame 2905] IoU=0.56
  Overlap detected: Fish 1 ↔ Fish 4 [frame 2906] IoU=0.55
  Overlap detected: Fish 1 ↔ Fish 4 [frame 2907] IoU=0.53
  Overlap detected: Fish 1 ↔ Fish 4 [frame 2908] IoU=0.53
  Fish 3 recovered after 1 missing frames
  Overlap detected: Fish 1 ↔ Fish 4 [frame 2909] IoU=0.58
  Overlap detected: Fish 1 ↔ Fish 4 [frame 2910] IoU=0.50
  Frame 2910/11769 | second 48
  Overlap detected: Fish 1 ↔ Fish 4 [frame 2911] IoU=0.44
  Fish 3 recovered after 2 missing frames
  Overlap detected: Fish 1 ↔ Fish 4 [frame 2912] IoU=0.54
  Overlap detected: Fish 1 ↔ Fish 4 [frame 2913] IoU=0.51
  Overlap detected: Fish 1 ↔ Fish 4 [frame 2914] IoU=0.55
  Overlap detected: Fish 1 ↔ Fish 4 [frame 2915] IoU=0.58
  Crossing started: Fish 2 ↔ Fish 3 [frame 2915]
  Overlap detected: Fish 1 ↔ Fish 4 [frame 2916] IoU=0.56
  Overlap detected: Fish 1 ↔ Fish 4 [frame 2917] IoU=0.59
  Overlap detected: Fish 1 ↔ Fish 4 [frame 2918] IoU=0.58
  Overlap detected: Fish 1 ↔ Fish 4 [frame 2919] IoU=0.62
  Overlap detected: Fish 1 ↔ Fish 4 [frame 2920] IoU=0.59
  Overlap detected: Fish 1 ↔ Fish 4 [frame 2921] IoU=0.63
  Overlap detected: Fish 1 ↔ Fish 4 [frame 2922] IoU=0.62
  Overlap detected: Fish 1 ↔ Fish 4 [frame 2923] IoU=0.62
  Overlap detected: Fish 1 ↔ Fish 4 [frame 2924] IoU=0.62
  Overlap detected: Fish 1 ↔ Fish 4 [frame 2925] IoU=0.63
  Overlap detected: Fish 1 ↔ Fish 4 [frame 2926] IoU=0.63
  Overlap detected: Fish 1 ↔ Fish 4 [frame 2927] IoU=0.64
  Overlap detected: Fish 1 ↔ Fish 4 [frame 2928] IoU=0.63
  Fish 4 recovered after 26 missing frames
  Overlap detected: Fish 1 ↔ Fish 4 [frame 2929] IoU=0.28
  Overlap detected: Fish 1 ↔ Fish 4 [frame 2930] IoU=0.18
  Fish 1 ↔ Fish 4: IDs swapped back after crossing
  Overlap detected: Fish 1 ↔ Fish 4 [frame 2931] IoU=0.17
  Overlap detected: Fish 1 ↔ Fish 4 [frame 2932] IoU=0.14
  Overlap detected: Fish 1 ↔ Fish 4 [frame 2933] IoU=0.08
  Fish 2 recovered after 2 missing frames
  Overlap detected: Fish 1 ↔ Fish 4 [frame 2934] IoU=0.11
  Overlap detected: Fish 1 ↔ Fish 4 [frame 2935] IoU=0.05
  Overlap detected: Fish 1 ↔ Fish 4 [frame 2936] IoU=0.02
  Overlap detected: Fish 1 ↔ Fish 4 [frame 2937] IoU=0.01
  Overlap detected: Fish 1 ↔ Fish 4 [frame 2938] IoU=0.01
  Overlap detected: Fish 1 ↔ Fish 4 [frame 2939] IoU=0.01
  Overlap detected: Fish 1 ↔ Fish 4 [frame 2940] IoU=0.02
  Overlap detected: Fish 2 ↔ Fish 3 [frame 2940] IoU=0.01
  Frame 2940/11769 | second 49
  Overlap detected: Fish 2 ↔ Fish 3 [frame 2941] IoU=0.01
  Overlap detected: Fish 1 ↔ Fish 4 [frame 2942] IoU=0.00
  Overlap detected: Fish 2 ↔ Fish 3 [frame 2942] IoU=0.01
  Overlap detected: Fish 2 ↔ Fish 3 [frame 2943] IoU=0.00
  Overlap detected: Fish 1 ↔ Fish 4 [frame 2944] IoU=0.03
  Overlap detected: Fish 2 ↔ Fish 3 [frame 2944] IoU=0.04
  Overlap detected: Fish 1 ↔ Fish 4 [frame 2945] IoU=0.02
  Overlap detected: Fish 2 ↔ Fish 3 [frame 2945] IoU=0.07
  Fish 2 recovered after 1 missing frames
  Overlap detected: Fish 2 ↔ Fish 3 [frame 2946] IoU=0.05
  Overlap detected: Fish 2 ↔ Fish 3 [frame 2947] IoU=0.05
  Overlap detected: Fish 2 ↔ Fish 3 [frame 2948] IoU=0.05
  Overlap detected: Fish 2 ↔ Fish 3 [frame 2949] IoU=0.09
  Overlap detected: Fish 2 ↔ Fish 3 [frame 2950] IoU=0.06
  Overlap detected: Fish 2 ↔ Fish 3 [frame 2951] IoU=0.19
  Overlap detected: Fish 1 ↔ Fish 4 [frame 2952] IoU=0.07
  Overlap detected: Fish 2 ↔ Fish 3 [frame 2952] IoU=0.48
  Overlap detected: Fish 1 ↔ Fish 4 [frame 2953] IoU=0.02
  Overlap detected: Fish 2 ↔ Fish 3 [frame 2953] IoU=0.46
  Overlap detected: Fish 1 ↔ Fish 4 [frame 2954] IoU=0.06
  Overlap detected: Fish 2 ↔ Fish 3 [frame 2954] IoU=0.46
  Overlap detected: Fish 1 ↔ Fish 4 [frame 2955] IoU=0.05
  Overlap detected: Fish 2 ↔ Fish 3 [frame 2955] IoU=0.45
  Overlap detected: Fish 1 ↔ Fish 4 [frame 2956] IoU=0.12
  Overlap detected: Fish 2 ↔ Fish 3 [frame 2956] IoU=0.42
  Overlap detected: Fish 2 ↔ Fish 3 [frame 2957] IoU=0.40
  Overlap detected: Fish 1 ↔ Fish 4 [frame 2958] IoU=0.20
  Overlap detected: Fish 2 ↔ Fish 3 [frame 2958] IoU=0.36
  Overlap detected: Fish 1 ↔ Fish 4 [frame 2959] IoU=0.21
  Overlap detected: Fish 2 ↔ Fish 3 [frame 2959] IoU=0.33
  Overlap detected: Fish 1 ↔ Fish 4 [frame 2960] IoU=0.15
  Overlap detected: Fish 2 ↔ Fish 3 [frame 2960] IoU=0.32
  Overlap detected: Fish 1 ↔ Fish 4 [frame 2961] IoU=0.12
  Overlap detected: Fish 2 ↔ Fish 3 [frame 2961] IoU=0.33
  Overlap detected: Fish 1 ↔ Fish 4 [frame 2962] IoU=0.05
  Overlap detected: Fish 2 ↔ Fish 3 [frame 2962] IoU=0.33
  Overlap detected: Fish 1 ↔ Fish 4 [frame 2963] IoU=0.04
  Overlap detected: Fish 2 ↔ Fish 3 [frame 2963] IoU=0.32
  Overlap detected: Fish 1 ↔ Fish 4 [frame 2964] IoU=0.04
  Overlap detected: Fish 2 ↔ Fish 3 [frame 2964] IoU=0.31
  Overlap detected: Fish 1 ↔ Fish 4 [frame 2965] IoU=0.03
  Overlap detected: Fish 2 ↔ Fish 3 [frame 2965] IoU=0.30
  Overlap detected: Fish 2 ↔ Fish 3 [frame 2966] IoU=0.30
  Overlap detected: Fish 2 ↔ Fish 3 [frame 2967] IoU=0.30
  Overlap detected: Fish 2 ↔ Fish 3 [frame 2968] IoU=0.30
  Overlap detected: Fish 2 ↔ Fish 3 [frame 2969] IoU=0.29
  Overlap detected: Fish 2 ↔ Fish 3 [frame 2970] IoU=0.29
  Frame 2970/11769 | second 49
  Overlap detected: Fish 2 ↔ Fish 3 [frame 2971] IoU=0.29
  Overlap detected: Fish 2 ↔ Fish 3 [frame 2972] IoU=0.28
  Overlap detected: Fish 2 ↔ Fish 3 [frame 2973] IoU=0.28
  Overlap detected: Fish 2 ↔ Fish 3 [frame 2974] IoU=0.28
  Overlap detected: Fish 2 ↔ Fish 3 [frame 2975] IoU=0.28
  Overlap detected: Fish 2 ↔ Fish 3 [frame 2976] IoU=0.27
  Overlap detected: Fish 2 ↔ Fish 3 [frame 2977] IoU=0.21
  Overlap detected: Fish 2 ↔ Fish 3 [frame 2978] IoU=0.22
  Overlap detected: Fish 2 ↔ Fish 3 [frame 2979] IoU=0.22
  Overlap detected: Fish 2 ↔ Fish 3 [frame 2980] IoU=0.18
  Overlap detected: Fish 2 ↔ Fish 3 [frame 2981] IoU=0.18
  Overlap detected: Fish 2 ↔ Fish 3 [frame 2982] IoU=0.17
  Overlap detected: Fish 2 ↔ Fish 3 [frame 2983] IoU=0.16
  Overlap detected: Fish 2 ↔ Fish 3 [frame 2984] IoU=0.17
  Fish 3 recovered after 31 missing frames
  Overlap detected: Fish 2 ↔ Fish 3 [frame 2985] IoU=0.49
  Overlap detected: Fish 2 ↔ Fish 3 [frame 2986] IoU=0.42
  Overlap detected: Fish 2 ↔ Fish 3 [frame 2987] IoU=0.29
  Overlap detected: Fish 2 ↔ Fish 3 [frame 2988] IoU=0.20
  Overlap detected: Fish 2 ↔ Fish 3 [frame 2989] IoU=0.21
  Overlap detected: Fish 2 ↔ Fish 3 [frame 2990] IoU=0.22
  Overlap detected: Fish 2 ↔ Fish 3 [frame 2991] IoU=0.13
  Overlap detected: Fish 2 ↔ Fish 3 [frame 2992] IoU=0.11
  Fish 2 ↔ Fish 3: crossing resolved, no swap needed
  Overlap detected: Fish 2 ↔ Fish 3 [frame 2993] IoU=0.10
  Overlap detected: Fish 2 ↔ Fish 3 [frame 2994] IoU=0.10
  Overlap detected: Fish 2 ↔ Fish 3 [frame 2995] IoU=0.10
  Crossing started: Fish 2 ↔ Fish 3 [frame 2995]
  Overlap detected: Fish 2 ↔ Fish 3 [frame 2996] IoU=0.09
  Overlap detected: Fish 2 ↔ Fish 3 [frame 2997] IoU=0.10
  Fish 2 ↔ Fish 3: crossing resolved, no swap needed
  Overlap detected: Fish 2 ↔ Fish 3 [frame 2998] IoU=0.11
  Overlap detected: Fish 2 ↔ Fish 3 [frame 2999] IoU=0.12
  Crossing started: Fish 2 ↔ Fish 3 [frame 2999]
  Overlap detected: Fish 2 ↔ Fish 3 [frame 3000] IoU=0.12
  Frame 3000/11769 | second 50
  Overlap detected: Fish 2 ↔ Fish 3 [frame 3001] IoU=0.10
  Fish 2 ↔ Fish 3: crossing resolved, no swap needed
  Overlap detected: Fish 2 ↔ Fish 3 [frame 3002] IoU=0.09
  Overlap detected: Fish 2 ↔ Fish 3 [frame 3003] IoU=0.08
  Overlap detected: Fish 2 ↔ Fish 3 [frame 3004] IoU=0.09
  Overlap detected: Fish 2 ↔ Fish 3 [frame 3005] IoU=0.07
  Overlap detected: Fish 2 ↔ Fish 3 [frame 3006] IoU=0.05
  Overlap detected: Fish 2 ↔ Fish 3 [frame 3007] IoU=0.02
  Overlap detected: Fish 2 ↔ Fish 3 [frame 3008] IoU=0.01
  Overlap detected: Fish 1 ↔ Fish 4 [frame 3013] IoU=0.01
  Overlap detected: Fish 1 ↔ Fish 4 [frame 3014] IoU=0.00
  Overlap detected: Fish 1 ↔ Fish 4 [frame 3015] IoU=0.02
  Overlap detected: Fish 1 ↔ Fish 4 [frame 3016] IoU=0.02
  Overlap detected: Fish 1 ↔ Fish 4 [frame 3017] IoU=0.02
  Overlap detected: Fish 1 ↔ Fish 4 [frame 3018] IoU=0.04
  Overlap detected: Fish 1 ↔ Fish 4 [frame 3019] IoU=0.04
  Overlap detected: Fish 1 ↔ Fish 4 [frame 3020] IoU=0.04
  Overlap detected: Fish 1 ↔ Fish 4 [frame 3021] IoU=0.08
  Overlap detected: Fish 1 ↔ Fish 4 [frame 3022] IoU=0.10
  Overlap detected: Fish 1 ↔ Fish 4 [frame 3023] IoU=0.10
  Overlap detected: Fish 1 ↔ Fish 4 [frame 3024] IoU=0.10
  Overlap detected: Fish 1 ↔ Fish 4 [frame 3025] IoU=0.01
  Overlap detected: Fish 1 ↔ Fish 4 [frame 3026] IoU=0.02
  Overlap detected: Fish 1 ↔ Fish 4 [frame 3027] IoU=0.08
  Overlap detected: Fish 1 ↔ Fish 4 [frame 3028] IoU=0.08
  Overlap detected: Fish 1 ↔ Fish 4 [frame 3029] IoU=0.06
  Overlap detected: Fish 1 ↔ Fish 4 [frame 3030] IoU=0.05
  Frame 3030/11769 | second 50
  Overlap detected: Fish 1 ↔ Fish 4 [frame 3031] IoU=0.03
  Overlap detected: Fish 3 ↔ Fish 5 [frame 3046] IoU=0.01
  Overlap detected: Fish 3 ↔ Fish 5 [frame 3047] IoU=0.01
  Overlap detected: Fish 1 ↔ Fish 4 [frame 3048] IoU=0.02
  Overlap detected: Fish 3 ↔ Fish 5 [frame 3048] IoU=0.01
  Overlap detected: Fish 1 ↔ Fish 4 [frame 3049] IoU=0.03
  Overlap detected: Fish 3 ↔ Fish 5 [frame 3049] IoU=0.01
  Overlap detected: Fish 1 ↔ Fish 4 [frame 3050] IoU=0.04
  Overlap detected: Fish 3 ↔ Fish 5 [frame 3050] IoU=0.00
  Overlap detected: Fish 1 ↔ Fish 4 [frame 3051] IoU=0.06
  Overlap detected: Fish 1 ↔ Fish 4 [frame 3052] IoU=0.05
  Overlap detected: Fish 1 ↔ Fish 4 [frame 3053] IoU=0.14
  Overlap detected: Fish 1 ↔ Fish 4 [frame 3054] IoU=0.19
  Overlap detected: Fish 1 ↔ Fish 4 [frame 3055] IoU=0.20
  Overlap detected: Fish 1 ↔ Fish 4 [frame 3056] IoU=0.24
  Crossing started: Fish 1 ↔ Fish 4 [frame 3056]
  Overlap detected: Fish 1 ↔ Fish 4 [frame 3057] IoU=0.22
  Overlap detected: Fish 1 ↔ Fish 4 [frame 3058] IoU=0.34
  Overlap detected: Fish 1 ↔ Fish 4 [frame 3059] IoU=0.36
  Overlap detected: Fish 1 ↔ Fish 4 [frame 3060] IoU=0.30
  Frame 3060/11769 | second 51
  Overlap detected: Fish 1 ↔ Fish 4 [frame 3061] IoU=0.30
  Overlap detected: Fish 1 ↔ Fish 4 [frame 3062] IoU=0.33
  Overlap detected: Fish 1 ↔ Fish 4 [frame 3063] IoU=0.40
  Overlap detected: Fish 1 ↔ Fish 4 [frame 3064] IoU=0.49
  Fish 4 recovered after 2 missing frames
  Overlap detected: Fish 1 ↔ Fish 4 [frame 3065] IoU=0.49
  Overlap detected: Fish 1 ↔ Fish 4 [frame 3066] IoU=0.47
  Overlap detected: Fish 1 ↔ Fish 4 [frame 3067] IoU=0.42
  Overlap detected: Fish 1 ↔ Fish 4 [frame 3068] IoU=0.32
  Overlap detected: Fish 1 ↔ Fish 4 [frame 3069] IoU=0.38
  Overlap detected: Fish 1 ↔ Fish 4 [frame 3070] IoU=0.21
  Overlap detected: Fish 1 ↔ Fish 4 [frame 3071] IoU=0.35
  Overlap detected: Fish 1 ↔ Fish 4 [frame 3072] IoU=0.01
  Fish 1 ↔ Fish 4: crossing resolved, no swap needed
  Frame 3090/11769 | second 51
  Overlap detected: Fish 1 ↔ Fish 4 [frame 3097] IoU=0.02
  Overlap detected: Fish 1 ↔ Fish 4 [frame 3098] IoU=0.02
  Overlap detected: Fish 1 ↔ Fish 4 [frame 3099] IoU=0.03
  Overlap detected: Fish 1 ↔ Fish 4 [frame 3100] IoU=0.05
  Overlap detected: Fish 1 ↔ Fish 4 [frame 3101] IoU=0.06
  Overlap detected: Fish 1 ↔ Fish 4 [frame 3102] IoU=0.06
  Overlap detected: Fish 1 ↔ Fish 4 [frame 3103] IoU=0.07
  Overlap detected: Fish 1 ↔ Fish 4 [frame 3104] IoU=0.08
  Overlap detected: Fish 1 ↔ Fish 4 [frame 3105] IoU=0.09
  Overlap detected: Fish 1 ↔ Fish 4 [frame 3106] IoU=0.04
  Overlap detected: Fish 1 ↔ Fish 4 [frame 3107] IoU=0.05
  Overlap detected: Fish 1 ↔ Fish 4 [frame 3108] IoU=0.04
  Overlap detected: Fish 1 ↔ Fish 4 [frame 3109] IoU=0.03
  Overlap detected: Fish 1 ↔ Fish 4 [frame 3110] IoU=0.02
  Overlap detected: Fish 1 ↔ Fish 4 [frame 3111] IoU=0.01
  Frame 3120/11769 | second 52
  Overlap detected: Fish 1 ↔ Fish 4 [frame 3148] IoU=0.03
  Frame 3150/11769 | second 52
  Overlap detected: Fish 1 ↔ Fish 4 [frame 3152] IoU=0.01
  Frame 3180/11769 | second 53
  Frame 3210/11769 | second 53
  Frame 3240/11769 | second 54
  Fish 5 recovered after 13 missing frames
  Fish 5 recovered after 1 missing frames
  Frame 3270/11769 | second 54
  Frame 3300/11769 | second 55
  Frame 3330/11769 | second 55
  Frame 3360/11769 | second 56
  Frame 3390/11769 | second 56
  Fish 2 recovered after 1 missing frames
  Crossing started: Fish 3 ↔ Fish 5 [frame 3391]
  Overlap detected: Fish 3 ↔ Fish 5 [frame 3395] IoU=0.02
  Overlap detected: Fish 3 ↔ Fish 5 [frame 3396] IoU=0.04
  Overlap detected: Fish 3 ↔ Fish 5 [frame 3397] IoU=0.05
  Overlap detected: Fish 3 ↔ Fish 5 [frame 3398] IoU=0.05
  Overlap detected: Fish 3 ↔ Fish 5 [frame 3399] IoU=0.07
  Overlap detected: Fish 3 ↔ Fish 5 [frame 3400] IoU=0.05
  Overlap detected: Fish 3 ↔ Fish 5 [frame 3401] IoU=0.01
  Overlap detected: Fish 3 ↔ Fish 5 [frame 3402] IoU=0.03
  Overlap detected: Fish 3 ↔ Fish 5 [frame 3403] IoU=0.03
  Fish 3 ↔ Fish 5: crossing resolved, no swap needed
  Overlap detected: Fish 3 ↔ Fish 5 [frame 3404] IoU=0.02
  Overlap detected: Fish 3 ↔ Fish 5 [frame 3405] IoU=0.02
  Overlap detected: Fish 3 ↔ Fish 5 [frame 3406] IoU=0.02
  Overlap detected: Fish 3 ↔ Fish 5 [frame 3407] IoU=0.10
  Crossing started: Fish 3 ↔ Fish 5 [frame 3407]
  Overlap detected: Fish 3 ↔ Fish 5 [frame 3408] IoU=0.23
  Overlap detected: Fish 3 ↔ Fish 5 [frame 3409] IoU=0.25
  Overlap detected: Fish 3 ↔ Fish 5 [frame 3410] IoU=0.26
  Overlap detected: Fish 3 ↔ Fish 5 [frame 3411] IoU=0.25
  Overlap detected: Fish 3 ↔ Fish 5 [frame 3412] IoU=0.25
  Overlap detected: Fish 3 ↔ Fish 5 [frame 3413] IoU=0.21
  Overlap detected: Fish 3 ↔ Fish 5 [frame 3414] IoU=0.17
  Overlap detected: Fish 3 ↔ Fish 5 [frame 3415] IoU=0.17
  Overlap detected: Fish 3 ↔ Fish 5 [frame 3416] IoU=0.15
  Overlap detected: Fish 3 ↔ Fish 5 [frame 3417] IoU=0.13
  Overlap detected: Fish 3 ↔ Fish 5 [frame 3418] IoU=0.12
  Overlap detected: Fish 3 ↔ Fish 5 [frame 3419] IoU=0.12
  Overlap detected: Fish 3 ↔ Fish 5 [frame 3420] IoU=0.12
  Frame 3420/11769 | second 57
  Overlap detected: Fish 3 ↔ Fish 5 [frame 3421] IoU=0.12
  Overlap detected: Fish 3 ↔ Fish 5 [frame 3422] IoU=0.12
  Overlap detected: Fish 3 ↔ Fish 5 [frame 3423] IoU=0.11
  Overlap detected: Fish 3 ↔ Fish 5 [frame 3424] IoU=0.09
  Fish 3 ↔ Fish 5: crossing resolved, no swap needed
  Overlap detected: Fish 3 ↔ Fish 5 [frame 3425] IoU=0.10
  Overlap detected: Fish 3 ↔ Fish 5 [frame 3426] IoU=0.09
  Overlap detected: Fish 3 ↔ Fish 5 [frame 3427] IoU=0.10
  Overlap detected: Fish 3 ↔ Fish 5 [frame 3428] IoU=0.09
  Overlap detected: Fish 3 ↔ Fish 5 [frame 3429] IoU=0.08
  Overlap detected: Fish 3 ↔ Fish 5 [frame 3430] IoU=0.07
  Overlap detected: Fish 3 ↔ Fish 5 [frame 3431] IoU=0.07
  Overlap detected: Fish 3 ↔ Fish 5 [frame 3432] IoU=0.05
  Overlap detected: Fish 3 ↔ Fish 5 [frame 3433] IoU=0.04
  Overlap detected: Fish 3 ↔ Fish 5 [frame 3434] IoU=0.04
  Overlap detected: Fish 3 ↔ Fish 5 [frame 3435] IoU=0.04
  Overlap detected: Fish 3 ↔ Fish 5 [frame 3437] IoU=0.02
  Fish 5 recovered after 31 missing frames
  Overlap detected: Fish 3 ↔ Fish 5 [frame 3439] IoU=0.28
  Crossing started: Fish 3 ↔ Fish 5 [frame 3439]
  Overlap detected: Fish 3 ↔ Fish 5 [frame 3440] IoU=0.11
  Overlap detected: Fish 3 ↔ Fish 5 [frame 3441] IoU=0.10
  Overlap detected: Fish 3 ↔ Fish 5 [frame 3442] IoU=0.09
  Overlap detected: Fish 3 ↔ Fish 5 [frame 3443] IoU=0.10
  Overlap detected: Fish 3 ↔ Fish 5 [frame 3444] IoU=0.14
  Overlap detected: Fish 3 ↔ Fish 5 [frame 3445] IoU=0.13
  Overlap detected: Fish 3 ↔ Fish 5 [frame 3446] IoU=0.20
  Overlap detected: Fish 3 ↔ Fish 5 [frame 3447] IoU=0.47
  Overlap detected: Fish 3 ↔ Fish 5 [frame 3448] IoU=0.48
  Overlap detected: Fish 3 ↔ Fish 5 [frame 3449] IoU=0.48
  Overlap detected: Fish 3 ↔ Fish 5 [frame 3450] IoU=0.47
  Frame 3450/11769 | second 57
  Fish 3 recovered after 1 missing frames
  Overlap detected: Fish 3 ↔ Fish 5 [frame 3451] IoU=0.39
  Overlap detected: Fish 3 ↔ Fish 5 [frame 3452] IoU=0.44
  Fish 3 recovered after 1 missing frames
  Overlap detected: Fish 3 ↔ Fish 5 [frame 3453] IoU=0.40
  Overlap detected: Fish 3 ↔ Fish 5 [frame 3454] IoU=0.41
  Fish 3 recovered after 1 missing frames
  Overlap detected: Fish 3 ↔ Fish 5 [frame 3455] IoU=0.41
  Overlap detected: Fish 3 ↔ Fish 5 [frame 3456] IoU=0.42
  Overlap detected: Fish 3 ↔ Fish 5 [frame 3457] IoU=0.41
  Overlap detected: Fish 3 ↔ Fish 5 [frame 3458] IoU=0.36
  Overlap detected: Fish 3 ↔ Fish 5 [frame 3459] IoU=0.39
  Overlap detected: Fish 3 ↔ Fish 5 [frame 3460] IoU=0.42
  Overlap detected: Fish 3 ↔ Fish 5 [frame 3461] IoU=0.46
  Overlap detected: Fish 3 ↔ Fish 5 [frame 3462] IoU=0.45
  Overlap detected: Fish 3 ↔ Fish 5 [frame 3463] IoU=0.45
  Overlap detected: Fish 3 ↔ Fish 5 [frame 3464] IoU=0.41
  Overlap detected: Fish 3 ↔ Fish 5 [frame 3465] IoU=0.41
  Overlap detected: Fish 3 ↔ Fish 5 [frame 3466] IoU=0.39
  Overlap detected: Fish 3 ↔ Fish 5 [frame 3467] IoU=0.36
  Overlap detected: Fish 3 ↔ Fish 5 [frame 3468] IoU=0.35
  Overlap detected: Fish 3 ↔ Fish 5 [frame 3469] IoU=0.35
  Overlap detected: Fish 3 ↔ Fish 5 [frame 3470] IoU=0.35
  Overlap detected: Fish 3 ↔ Fish 5 [frame 3471] IoU=0.33
  Fish 3 recovered after 16 missing frames
  Overlap detected: Fish 3 ↔ Fish 5 [frame 3472] IoU=0.16
  Overlap detected: Fish 3 ↔ Fish 5 [frame 3473] IoU=0.18
  Overlap detected: Fish 3 ↔ Fish 5 [frame 3474] IoU=0.17
  Overlap detected: Fish 3 ↔ Fish 5 [frame 3475] IoU=0.26
  Overlap detected: Fish 3 ↔ Fish 5 [frame 3476] IoU=0.11
  Overlap detected: Fish 3 ↔ Fish 5 [frame 3477] IoU=0.08
  Overlap detected: Fish 3 ↔ Fish 5 [frame 3478] IoU=0.07
  Overlap detected: Fish 3 ↔ Fish 5 [frame 3479] IoU=0.07
  Overlap detected: Fish 3 ↔ Fish 5 [frame 3480] IoU=0.07
  Frame 3480/11769 | second 58
  Overlap detected: Fish 3 ↔ Fish 5 [frame 3481] IoU=0.07
  Overlap detected: Fish 3 ↔ Fish 5 [frame 3482] IoU=0.06
  Overlap detected: Fish 3 ↔ Fish 5 [frame 3483] IoU=0.04
  Overlap detected: Fish 3 ↔ Fish 5 [frame 3484] IoU=0.03
  Fish 3 ↔ Fish 5: crossing resolved, no swap needed
  Overlap detected: Fish 3 ↔ Fish 5 [frame 3485] IoU=0.02
  Overlap detected: Fish 3 ↔ Fish 5 [frame 3486] IoU=0.01
  Overlap detected: Fish 3 ↔ Fish 5 [frame 3488] IoU=0.00
  Frame 3510/11769 | second 58
  Frame 3540/11769 | second 59
  Frame 3570/11769 | second 59
  Frame 3600/11769 | second 60
  Frame 3630/11769 | second 60
  Frame 3660/11769 | second 61
  Overlap detected: Fish 3 ↔ Fish 5 [frame 3671] IoU=0.00
  Overlap detected: Fish 3 ↔ Fish 5 [frame 3672] IoU=0.02
  Overlap detected: Fish 3 ↔ Fish 5 [frame 3673] IoU=0.03
  Overlap detected: Fish 3 ↔ Fish 5 [frame 3674] IoU=0.01
  Overlap detected: Fish 3 ↔ Fish 5 [frame 3683] IoU=0.03
  Overlap detected: Fish 3 ↔ Fish 5 [frame 3684] IoU=0.26
  Crossing started: Fish 3 ↔ Fish 5 [frame 3684]
  Overlap detected: Fish 3 ↔ Fish 5 [frame 3685] IoU=0.30
  Overlap detected: Fish 3 ↔ Fish 5 [frame 3686] IoU=0.31
  Overlap detected: Fish 3 ↔ Fish 5 [frame 3687] IoU=0.30
  Overlap detected: Fish 3 ↔ Fish 5 [frame 3688] IoU=0.25
  Overlap detected: Fish 3 ↔ Fish 5 [frame 3689] IoU=0.25
  Overlap detected: Fish 3 ↔ Fish 5 [frame 3690] IoU=0.25
  Frame 3690/11769 | second 61
  Overlap detected: Fish 3 ↔ Fish 5 [frame 3691] IoU=0.25
  Fish 3 recovered after 8 missing frames
  Overlap detected: Fish 3 ↔ Fish 5 [frame 3692] IoU=0.78
  Overlap detected: Fish 3 ↔ Fish 5 [frame 3693] IoU=0.72
  Overlap detected: Fish 3 ↔ Fish 5 [frame 3694] IoU=0.66
  Overlap detected: Fish 3 ↔ Fish 5 [frame 3695] IoU=0.63
  Fish 5 recovered after 4 missing frames
  Overlap detected: Fish 3 ↔ Fish 5 [frame 3696] IoU=0.04
  Fish 3 ↔ Fish 5: crossing resolved, no swap needed
  Frame 3720/11769 | second 62
  Overlap detected: Fish 1 ↔ Fish 4 [frame 3740] IoU=0.03
  Overlap detected: Fish 1 ↔ Fish 4 [frame 3741] IoU=0.04
  Overlap detected: Fish 1 ↔ Fish 4 [frame 3742] IoU=0.05
  Overlap detected: Fish 1 ↔ Fish 4 [frame 3743] IoU=0.01
  Overlap detected: Fish 1 ↔ Fish 4 [frame 3744] IoU=0.00
  Overlap detected: Fish 1 ↔ Fish 4 [frame 3745] IoU=0.02
  Frame 3750/11769 | second 62
  Fish 3 recovered after 14 missing frames
  Overlap detected: Fish 1 ↔ Fish 4 [frame 3756] IoU=0.01
  Overlap detected: Fish 1 ↔ Fish 4 [frame 3760] IoU=0.02
  Overlap detected: Fish 1 ↔ Fish 4 [frame 3761] IoU=0.03
  Overlap detected: Fish 1 ↔ Fish 4 [frame 3762] IoU=0.04
  Overlap detected: Fish 1 ↔ Fish 4 [frame 3763] IoU=0.03
  Overlap detected: Fish 1 ↔ Fish 4 [frame 3764] IoU=0.04
  Fish 4 recovered after 1 missing frames
  Overlap detected: Fish 1 ↔ Fish 4 [frame 3765] IoU=0.15
  Overlap detected: Fish 1 ↔ Fish 4 [frame 3766] IoU=0.15
  Overlap detected: Fish 1 ↔ Fish 4 [frame 3767] IoU=0.13
  Overlap detected: Fish 1 ↔ Fish 4 [frame 3768] IoU=0.11
  Overlap detected: Fish 1 ↔ Fish 4 [frame 3769] IoU=0.11
  Overlap detected: Fish 1 ↔ Fish 4 [frame 3770] IoU=0.11
  Overlap detected: Fish 1 ↔ Fish 4 [frame 3771] IoU=0.09
  Overlap detected: Fish 1 ↔ Fish 4 [frame 3772] IoU=0.09
  Overlap detected: Fish 1 ↔ Fish 4 [frame 3773] IoU=0.08
  Overlap detected: Fish 1 ↔ Fish 4 [frame 3774] IoU=0.10
  Overlap detected: Fish 1 ↔ Fish 4 [frame 3775] IoU=0.07
  Overlap detected: Fish 1 ↔ Fish 4 [frame 3776] IoU=0.20
  Overlap detected: Fish 1 ↔ Fish 4 [frame 3777] IoU=0.18
  Overlap detected: Fish 1 ↔ Fish 4 [frame 3778] IoU=0.21
  Overlap detected: Fish 1 ↔ Fish 4 [frame 3779] IoU=0.28
  Overlap detected: Fish 1 ↔ Fish 4 [frame 3780] IoU=0.29
  Frame 3780/11769 | second 63
  Overlap detected: Fish 1 ↔ Fish 4 [frame 3781] IoU=0.28
  Overlap detected: Fish 1 ↔ Fish 4 [frame 3782] IoU=0.25
  Overlap detected: Fish 1 ↔ Fish 4 [frame 3783] IoU=0.23
  Overlap detected: Fish 1 ↔ Fish 4 [frame 3784] IoU=0.21
  Overlap detected: Fish 1 ↔ Fish 4 [frame 3785] IoU=0.22
  Overlap detected: Fish 1 ↔ Fish 4 [frame 3786] IoU=0.25
  Overlap detected: Fish 1 ↔ Fish 4 [frame 3787] IoU=0.25
  Overlap detected: Fish 1 ↔ Fish 4 [frame 3788] IoU=0.24
  Overlap detected: Fish 1 ↔ Fish 4 [frame 3789] IoU=0.23
  Fish 4 recovered after 3 missing frames
  Overlap detected: Fish 1 ↔ Fish 4 [frame 3790] IoU=0.18
  Overlap detected: Fish 1 ↔ Fish 4 [frame 3791] IoU=0.19
  Overlap detected: Fish 1 ↔ Fish 4 [frame 3792] IoU=0.15
  Overlap detected: Fish 1 ↔ Fish 4 [frame 3793] IoU=0.16
  Overlap detected: Fish 1 ↔ Fish 4 [frame 3794] IoU=0.14
  Overlap detected: Fish 1 ↔ Fish 4 [frame 3795] IoU=0.12
  Overlap detected: Fish 1 ↔ Fish 4 [frame 3796] IoU=0.08
  Overlap detected: Fish 1 ↔ Fish 4 [frame 3797] IoU=0.06
  Overlap detected: Fish 1 ↔ Fish 4 [frame 3799] IoU=0.00
  Overlap detected: Fish 1 ↔ Fish 4 [frame 3804] IoU=0.01
  Overlap detected: Fish 1 ↔ Fish 4 [frame 3805] IoU=0.03
  Overlap detected: Fish 1 ↔ Fish 4 [frame 3806] IoU=0.06
  Overlap detected: Fish 1 ↔ Fish 4 [frame 3807] IoU=0.05
  Overlap detected: Fish 1 ↔ Fish 4 [frame 3808] IoU=0.05
  Overlap detected: Fish 1 ↔ Fish 4 [frame 3809] IoU=0.03
  Overlap detected: Fish 1 ↔ Fish 4 [frame 3810] IoU=0.04
  Frame 3810/11769 | second 63
  Overlap detected: Fish 1 ↔ Fish 4 [frame 3811] IoU=0.05
  Overlap detected: Fish 1 ↔ Fish 4 [frame 3812] IoU=0.00
  Overlap detected: Fish 1 ↔ Fish 4 [frame 3813] IoU=0.01
  Overlap detected: Fish 1 ↔ Fish 3 [frame 3816] IoU=0.01
  Overlap detected: Fish 1 ↔ Fish 3 [frame 3817] IoU=0.03
  Overlap detected: Fish 1 ↔ Fish 5 [frame 3817] IoU=0.00
  Overlap detected: Fish 1 ↔ Fish 3 [frame 3818] IoU=0.05
  Overlap detected: Fish 1 ↔ Fish 5 [frame 3818] IoU=0.01
  Overlap detected: Fish 1 ↔ Fish 3 [frame 3819] IoU=0.06
  Overlap detected: Fish 1 ↔ Fish 5 [frame 3819] IoU=0.02
  Overlap detected: Fish 1 ↔ Fish 3 [frame 3820] IoU=0.07
  Overlap detected: Fish 1 ↔ Fish 5 [frame 3820] IoU=0.02
  Overlap detected: Fish 1 ↔ Fish 3 [frame 3821] IoU=0.12
  Overlap detected: Fish 1 ↔ Fish 5 [frame 3821] IoU=0.04
  Overlap detected: Fish 1 ↔ Fish 3 [frame 3822] IoU=0.10
  Overlap detected: Fish 1 ↔ Fish 5 [frame 3822] IoU=0.07
  Overlap detected: Fish 1 ↔ Fish 3 [frame 3823] IoU=0.10
  Overlap detected: Fish 1 ↔ Fish 5 [frame 3823] IoU=0.10
  Overlap detected: Fish 1 ↔ Fish 3 [frame 3824] IoU=0.09
  Crossing started: Fish 1 ↔ Fish 3 [frame 3824]
  Overlap detected: Fish 1 ↔ Fish 5 [frame 3824] IoU=0.11
  Overlap detected: Fish 1 ↔ Fish 3 [frame 3825] IoU=0.02
  Overlap detected: Fish 1 ↔ Fish 5 [frame 3825] IoU=0.13
  Overlap detected: Fish 1 ↔ Fish 3 [frame 3826] IoU=0.03
  Overlap detected: Fish 1 ↔ Fish 5 [frame 3826] IoU=0.18
  Overlap detected: Fish 1 ↔ Fish 3 [frame 3827] IoU=0.04
  Overlap detected: Fish 1 ↔ Fish 5 [frame 3827] IoU=0.22
  Overlap detected: Fish 1 ↔ Fish 3 [frame 3828] IoU=0.01
  Overlap detected: Fish 1 ↔ Fish 5 [frame 3828] IoU=0.22
  Crossing started: Fish 1 ↔ Fish 5 [frame 3828]
  Overlap detected: Fish 1 ↔ Fish 5 [frame 3829] IoU=0.25
  Overlap detected: Fish 1 ↔ Fish 5 [frame 3830] IoU=0.29
  Fish 1 ↔ Fish 3: crossing resolved, no swap needed
  Overlap detected: Fish 1 ↔ Fish 5 [frame 3831] IoU=0.31
  Overlap detected: Fish 1 ↔ Fish 5 [frame 3832] IoU=0.29
  Fish 5 recovered after 3 missing frames
  Overlap detected: Fish 1 ↔ Fish 5 [frame 3833] IoU=0.28
  Overlap detected: Fish 1 ↔ Fish 5 [frame 3834] IoU=0.21
  Overlap detected: Fish 1 ↔ Fish 5 [frame 3835] IoU=0.18
  Fish 3 recovered after 7 missing frames
  Overlap detected: Fish 1 ↔ Fish 3 [frame 3836] IoU=0.44
  Crossing started: Fish 1 ↔ Fish 3 [frame 3836]
  Overlap detected: Fish 1 ↔ Fish 5 [frame 3836] IoU=0.18
  Overlap detected: Fish 3 ↔ Fish 5 [frame 3836] IoU=0.48
  Crossing started: Fish 3 ↔ Fish 5 [frame 3836]
  Overlap detected: Fish 1 ↔ Fish 3 [frame 3837] IoU=0.38
  Overlap detected: Fish 1 ↔ Fish 5 [frame 3837] IoU=0.11
  Overlap detected: Fish 3 ↔ Fish 5 [frame 3837] IoU=0.45
  Overlap detected: Fish 1 ↔ Fish 3 [frame 3838] IoU=0.33
  Overlap detected: Fish 1 ↔ Fish 5 [frame 3838] IoU=0.08
  Overlap detected: Fish 3 ↔ Fish 5 [frame 3838] IoU=0.47
  Overlap detected: Fish 1 ↔ Fish 3 [frame 3839] IoU=0.31
  Overlap detected: Fish 1 ↔ Fish 5 [frame 3839] IoU=0.05
  Overlap detected: Fish 3 ↔ Fish 5 [frame 3839] IoU=0.42
  Overlap detected: Fish 1 ↔ Fish 3 [frame 3840] IoU=0.30
  Overlap detected: Fish 1 ↔ Fish 5 [frame 3840] IoU=0.05
  Overlap detected: Fish 3 ↔ Fish 5 [frame 3840] IoU=0.43
  Frame 3840/11769 | second 64
  Overlap detected: Fish 1 ↔ Fish 3 [frame 3841] IoU=0.30
  Overlap detected: Fish 1 ↔ Fish 5 [frame 3841] IoU=0.05
  Overlap detected: Fish 3 ↔ Fish 5 [frame 3841] IoU=0.39
  Overlap detected: Fish 1 ↔ Fish 3 [frame 3842] IoU=0.29
  Overlap detected: Fish 1 ↔ Fish 5 [frame 3842] IoU=0.03
  Overlap detected: Fish 3 ↔ Fish 5 [frame 3842] IoU=0.41
  Fish 3 recovered after 6 missing frames
  Overlap detected: Fish 1 ↔ Fish 3 [frame 3843] IoU=0.86
  Overlap detected: Fish 1 ↔ Fish 5 [frame 3843] IoU=0.03
  Overlap detected: Fish 3 ↔ Fish 5 [frame 3843] IoU=0.05
  Overlap detected: Fish 1 ↔ Fish 3 [frame 3844] IoU=0.84
  Overlap detected: Fish 1 ↔ Fish 5 [frame 3844] IoU=0.04
  Overlap detected: Fish 3 ↔ Fish 5 [frame 3844] IoU=0.04
  Overlap detected: Fish 1 ↔ Fish 3 [frame 3845] IoU=0.80
  Overlap detected: Fish 1 ↔ Fish 5 [frame 3845] IoU=0.04
  Overlap detected: Fish 3 ↔ Fish 5 [frame 3845] IoU=0.05
  Overlap detected: Fish 1 ↔ Fish 3 [frame 3846] IoU=0.81
  Overlap detected: Fish 1 ↔ Fish 5 [frame 3846] IoU=0.03
  Overlap detected: Fish 3 ↔ Fish 5 [frame 3846] IoU=0.04
  Overlap detected: Fish 1 ↔ Fish 3 [frame 3847] IoU=0.78
  Overlap detected: Fish 1 ↔ Fish 5 [frame 3847] IoU=0.04
  Overlap detected: Fish 3 ↔ Fish 5 [frame 3847] IoU=0.02
  Overlap detected: Fish 1 ↔ Fish 3 [frame 3848] IoU=0.76
  Overlap detected: Fish 1 ↔ Fish 5 [frame 3848] IoU=0.04
  Overlap detected: Fish 3 ↔ Fish 5 [frame 3848] IoU=0.03
  Fish 3 ↔ Fish 5: crossing resolved, no swap needed
  Overlap detected: Fish 1 ↔ Fish 3 [frame 3849] IoU=0.73
  Overlap detected: Fish 1 ↔ Fish 5 [frame 3849] IoU=0.07
  Overlap detected: Fish 3 ↔ Fish 5 [frame 3849] IoU=0.05
  Overlap detected: Fish 1 ↔ Fish 3 [frame 3850] IoU=0.63
  Overlap detected: Fish 1 ↔ Fish 5 [frame 3850] IoU=0.04
  Overlap detected: Fish 3 ↔ Fish 5 [frame 3850] IoU=0.03
  Overlap detected: Fish 1 ↔ Fish 3 [frame 3851] IoU=0.58
  Overlap detected: Fish 1 ↔ Fish 5 [frame 3851] IoU=0.04
  Overlap detected: Fish 3 ↔ Fish 5 [frame 3851] IoU=0.03
  Overlap detected: Fish 1 ↔ Fish 3 [frame 3852] IoU=0.56
  Overlap detected: Fish 1 ↔ Fish 5 [frame 3852] IoU=0.05
  Overlap detected: Fish 3 ↔ Fish 5 [frame 3852] IoU=0.03
  Overlap detected: Fish 1 ↔ Fish 3 [frame 3853] IoU=0.46
  Overlap detected: Fish 1 ↔ Fish 5 [frame 3853] IoU=0.05
  Overlap detected: Fish 3 ↔ Fish 5 [frame 3853] IoU=0.01
  Overlap detected: Fish 1 ↔ Fish 3 [frame 3854] IoU=0.41
  Overlap detected: Fish 1 ↔ Fish 5 [frame 3854] IoU=0.05
  Overlap detected: Fish 3 ↔ Fish 5 [frame 3854] IoU=0.01
  Overlap detected: Fish 1 ↔ Fish 3 [frame 3855] IoU=0.38
  Overlap detected: Fish 1 ↔ Fish 5 [frame 3855] IoU=0.06
  Overlap detected: Fish 3 ↔ Fish 5 [frame 3855] IoU=0.00
  Fish 1 recovered after 13 missing frames
  Overlap detected: Fish 1 ↔ Fish 5 [frame 3856] IoU=0.78
  Crossing started: Fish 1 ↔ Fish 5 [frame 3856]
  Fish 5 recovered after 1 missing frames
  Overlap detected: Fish 1 ↔ Fish 5 [frame 3857] IoU=0.76
  Overlap detected: Fish 1 ↔ Fish 5 [frame 3858] IoU=0.68
  Overlap detected: Fish 1 ↔ Fish 5 [frame 3859] IoU=0.63
  Overlap detected: Fish 1 ↔ Fish 5 [frame 3860] IoU=0.63
  Overlap detected: Fish 1 ↔ Fish 5 [frame 3861] IoU=0.51
  Overlap detected: Fish 1 ↔ Fish 5 [frame 3862] IoU=0.40
  Overlap detected: Fish 1 ↔ Fish 5 [frame 3863] IoU=0.30
  Overlap detected: Fish 1 ↔ Fish 5 [frame 3864] IoU=0.30
  Overlap detected: Fish 1 ↔ Fish 5 [frame 3865] IoU=0.25
  Fish 1 recovered after 9 missing frames
  Overlap detected: Fish 3 ↔ Fish 5 [frame 3866] IoU=0.00
  Overlap detected: Fish 3 ↔ Fish 5 [frame 3867] IoU=0.00
  Overlap detected: Fish 3 ↔ Fish 5 [frame 3868] IoU=0.00
  Overlap detected: Fish 3 ↔ Fish 5 [frame 3869] IoU=0.00
  Frame 3870/11769 | second 64
  Overlap detected: Fish 3 ↔ Fish 5 [frame 3880] IoU=0.02
  Crossing started: Fish 3 ↔ Fish 5 [frame 3880]
  Overlap detected: Fish 3 ↔ Fish 5 [frame 3881] IoU=0.02
  Overlap detected: Fish 3 ↔ Fish 5 [frame 3882] IoU=0.02
  Overlap detected: Fish 3 ↔ Fish 5 [frame 3883] IoU=0.00
  Overlap detected: Fish 3 ↔ Fish 5 [frame 3884] IoU=0.01
  Overlap detected: Fish 3 ↔ Fish 5 [frame 3885] IoU=0.02
  Fish 3 ↔ Fish 5: crossing resolved, no swap needed
  Overlap detected: Fish 3 ↔ Fish 5 [frame 3886] IoU=0.03
  Overlap detected: Fish 3 ↔ Fish 5 [frame 3887] IoU=0.05
  Overlap detected: Fish 3 ↔ Fish 5 [frame 3888] IoU=0.04
  Overlap detected: Fish 3 ↔ Fish 5 [frame 3889] IoU=0.07
  Overlap detected: Fish 3 ↔ Fish 4 [frame 3890] IoU=0.00
  Overlap detected: Fish 3 ↔ Fish 5 [frame 3890] IoU=0.11
  Overlap detected: Fish 3 ↔ Fish 5 [frame 3891] IoU=0.06
  Overlap detected: Fish 3 ↔ Fish 5 [frame 3892] IoU=0.05
  Overlap detected: Fish 3 ↔ Fish 5 [frame 3893] IoU=0.01
  Overlap detected: Fish 3 ↔ Fish 5 [frame 3894] IoU=0.01
  Crossing started: Fish 3 ↔ Fish 4 [frame 3897]
  Frame 3900/11769 | second 65
  Fish 3 ↔ Fish 4: crossing resolved, no swap needed
  Overlap detected: Fish 3 ↔ Fish 4 [frame 3915] IoU=0.00
  Overlap detected: Fish 3 ↔ Fish 4 [frame 3916] IoU=0.00
  Frame 3930/11769 | second 65
  Frame 3960/11769 | second 66
  Fish 2 recovered after 21 missing frames
  Overlap detected: Fish 1 ↔ Fish 5 [frame 3990] IoU=0.00
  Frame 3990/11769 | second 66
  Overlap detected: Fish 1 ↔ Fish 5 [frame 3991] IoU=0.01
  Overlap detected: Fish 1 ↔ Fish 5 [frame 3992] IoU=0.11
  Overlap detected: Fish 1 ↔ Fish 5 [frame 3993] IoU=0.04
  Overlap detected: Fish 1 ↔ Fish 5 [frame 3994] IoU=0.03
  Overlap detected: Fish 1 ↔ Fish 5 [frame 3995] IoU=0.01
  Overlap detected: Fish 1 ↔ Fish 5 [frame 3997] IoU=0.00
  Frame 4020/11769 | second 67
  Overlap detected: Fish 1 ↔ Fish 5 [frame 4024] IoU=0.01
  Overlap detected: Fish 1 ↔ Fish 5 [frame 4025] IoU=0.05
  Overlap detected: Fish 1 ↔ Fish 5 [frame 4026] IoU=0.11
  Fish 1 recovered after 1 missing frames
  Overlap detected: Fish 1 ↔ Fish 5 [frame 4027] IoU=0.05
  Overlap detected: Fish 1 ↔ Fish 5 [frame 4028] IoU=0.25
  Crossing started: Fish 1 ↔ Fish 5 [frame 4028]
  Fish 1 recovered after 1 missing frames
  Overlap detected: Fish 1 ↔ Fish 5 [frame 4029] IoU=0.05
  Fish 1 ↔ Fish 5: crossing resolved, no swap needed
  Overlap detected: Fish 1 ↔ Fish 5 [frame 4030] IoU=0.03
  Frame 4050/11769 | second 67
  Overlap detected: Fish 2 ↔ Fish 4 [frame 4055] IoU=0.01
  Overlap detected: Fish 2 ↔ Fish 4 [frame 4056] IoU=0.03
  Overlap detected: Fish 2 ↔ Fish 4 [frame 4057] IoU=0.04
  Fish 2 recovered after 2 missing frames
  Overlap detected: Fish 2 ↔ Fish 4 [frame 4058] IoU=0.04
  Overlap detected: Fish 2 ↔ Fish 4 [frame 4059] IoU=0.05
  Fish 2 recovered after 1 missing frames
  Overlap detected: Fish 2 ↔ Fish 4 [frame 4060] IoU=0.06
  Overlap detected: Fish 2 ↔ Fish 4 [frame 4061] IoU=0.05
  Overlap detected: Fish 2 ↔ Fish 4 [frame 4062] IoU=0.06
  Overlap detected: Fish 2 ↔ Fish 4 [frame 4063] IoU=0.08
  Overlap detected: Fish 2 ↔ Fish 4 [frame 4064] IoU=0.06
  Fish 2 recovered after 4 missing frames
  Overlap detected: Fish 2 ↔ Fish 4 [frame 4065] IoU=0.02
  Overlap detected: Fish 2 ↔ Fish 4 [frame 4066] IoU=0.02
  Overlap detected: Fish 2 ↔ Fish 4 [frame 4067] IoU=0.01
  Fish 2 recovered after 1 missing frames
  Overlap detected: Fish 2 ↔ Fish 4 [frame 4068] IoU=0.01
  Fish 2 recovered after 4 missing frames
  Frame 4080/11769 | second 68
  Fish 2 recovered after 1 missing frames
  Fish 2 recovered after 1 missing frames
  Frame 4110/11769 | second 68
  Overlap detected: Fish 1 ↔ Fish 5 [frame 4126] IoU=0.04
  Overlap detected: Fish 1 ↔ Fish 5 [frame 4127] IoU=0.31
  Crossing started: Fish 1 ↔ Fish 5 [frame 4127]
  Fish 1 recovered after 1 missing frames
  Fish 1 ↔ Fish 5: crossing resolved, no swap needed
  Fish 1 recovered after 4 missing frames
  Overlap detected: Fish 2 ↔ Fish 4 [frame 4133] IoU=0.00
  Overlap detected: Fish 2 ↔ Fish 4 [frame 4134] IoU=0.11
  Overlap detected: Fish 1 ↔ Fish 5 [frame 4135] IoU=0.05
  Overlap detected: Fish 2 ↔ Fish 4 [frame 4135] IoU=0.16
  Crossing started: Fish 2 ↔ Fish 4 [frame 4135]
  Overlap detected: Fish 1 ↔ Fish 5 [frame 4136] IoU=0.02
  Crossing started: Fish 1 ↔ Fish 5 [frame 4136]
  Overlap detected: Fish 2 ↔ Fish 4 [frame 4136] IoU=0.31
  Overlap detected: Fish 1 ↔ Fish 5 [frame 4137] IoU=0.04
  Overlap detected: Fish 2 ↔ Fish 4 [frame 4137] IoU=0.32
  Overlap detected: Fish 1 ↔ Fish 5 [frame 4138] IoU=0.01
  Overlap detected: Fish 2 ↔ Fish 4 [frame 4138] IoU=0.24
  Fish 2 ↔ Fish 4: crossing resolved, no swap needed
  Overlap detected: Fish 2 ↔ Fish 4 [frame 4139] IoU=0.19
  Overlap detected: Fish 2 ↔ Fish 4 [frame 4140] IoU=0.16
  Frame 4140/11769 | second 69
  Overlap detected: Fish 2 ↔ Fish 4 [frame 4141] IoU=0.19
  Overlap detected: Fish 2 ↔ Fish 4 [frame 4142] IoU=0.24
  Overlap detected: Fish 2 ↔ Fish 4 [frame 4143] IoU=0.24
  Fish 1 ↔ Fish 5: crossing resolved, no swap needed
  Overlap detected: Fish 2 ↔ Fish 4 [frame 4144] IoU=0.18
  Overlap detected: Fish 2 ↔ Fish 4 [frame 4145] IoU=0.14
  Crossing started: Fish 1 ↔ Fish 5 [frame 4146]
  Overlap detected: Fish 2 ↔ Fish 4 [frame 4146] IoU=0.13
  Overlap detected: Fish 2 ↔ Fish 4 [frame 4147] IoU=0.12
  Overlap detected: Fish 2 ↔ Fish 4 [frame 4148] IoU=0.12
  Overlap detected: Fish 1 ↔ Fish 5 [frame 4149] IoU=0.00
  Overlap detected: Fish 2 ↔ Fish 4 [frame 4149] IoU=0.11
  Overlap detected: Fish 2 ↔ Fish 4 [frame 4150] IoU=0.12
  Overlap detected: Fish 2 ↔ Fish 4 [frame 4151] IoU=0.09
  Fish 1 ↔ Fish 5: crossing resolved, no swap needed
  Overlap detected: Fish 2 ↔ Fish 4 [frame 4152] IoU=0.07
  Overlap detected: Fish 1 ↔ Fish 5 [frame 4153] IoU=0.01
  Overlap detected: Fish 2 ↔ Fish 4 [frame 4153] IoU=0.24
  Overlap detected: Fish 1 ↔ Fish 5 [frame 4154] IoU=0.00
  Overlap detected: Fish 2 ↔ Fish 4 [frame 4154] IoU=0.22
  Overlap detected: Fish 2 ↔ Fish 4 [frame 4155] IoU=0.22
  Crossing started: Fish 2 ↔ Fish 4 [frame 4155]
  Overlap detected: Fish 2 ↔ Fish 4 [frame 4156] IoU=0.21
  Overlap detected: Fish 2 ↔ Fish 4 [frame 4157] IoU=0.17
  Fish 2 recovered after 3 missing frames
  Fish 2 ↔ Fish 4: crossing resolved, no swap needed
  Frame 4170/11769 | second 69
  Crossing started: Fish 4 ↔ Fish 5 [frame 4176]
  Fish 4 ↔ Fish 5: crossing resolved, no swap needed
  Frame 4200/11769 | second 70
  Crossing started: Fish 1 ↔ Fish 5 [frame 4218]
  Overlap detected: Fish 1 ↔ Fish 3 [frame 4220] IoU=0.00
  Overlap detected: Fish 1 ↔ Fish 3 [frame 4221] IoU=0.05
  Overlap detected: Fish 1 ↔ Fish 3 [frame 4222] IoU=0.07
  Overlap detected: Fish 3 ↔ Fish 5 [frame 4222] IoU=0.02
  Overlap detected: Fish 1 ↔ Fish 3 [frame 4223] IoU=0.08
  Overlap detected: Fish 3 ↔ Fish 5 [frame 4223] IoU=0.02
  Overlap detected: Fish 1 ↔ Fish 3 [frame 4224] IoU=0.14
  Overlap detected: Fish 3 ↔ Fish 5 [frame 4224] IoU=0.04
  Crossing started: Fish 3 ↔ Fish 5 [frame 4224]
  Overlap detected: Fish 1 ↔ Fish 3 [frame 4225] IoU=0.10
  Overlap detected: Fish 1 ↔ Fish 5 [frame 4225] IoU=0.01
  Overlap detected: Fish 3 ↔ Fish 5 [frame 4225] IoU=0.04
  Overlap detected: Fish 1 ↔ Fish 3 [frame 4226] IoU=0.12
  Overlap detected: Fish 1 ↔ Fish 5 [frame 4226] IoU=0.02
  Overlap detected: Fish 3 ↔ Fish 5 [frame 4226] IoU=0.15
  Fish 1 ↔ Fish 5: crossing resolved, no swap needed
  Overlap detected: Fish 1 ↔ Fish 3 [frame 4227] IoU=0.13
  Overlap detected: Fish 3 ↔ Fish 5 [frame 4227] IoU=0.10
  Overlap detected: Fish 1 ↔ Fish 3 [frame 4228] IoU=0.11
  Overlap detected: Fish 3 ↔ Fish 5 [frame 4228] IoU=0.25
  Overlap detected: Fish 1 ↔ Fish 3 [frame 4229] IoU=0.16
  Crossing started: Fish 1 ↔ Fish 3 [frame 4229]
  Overlap detected: Fish 1 ↔ Fish 5 [frame 4229] IoU=0.01
  Overlap detected: Fish 3 ↔ Fish 5 [frame 4229] IoU=0.47
  Overlap detected: Fish 1 ↔ Fish 3 [frame 4230] IoU=0.18
  Overlap detected: Fish 1 ↔ Fish 5 [frame 4230] IoU=0.01
  Overlap detected: Fish 3 ↔ Fish 5 [frame 4230] IoU=0.47
  Fish 1 ↔ Fish 3: crossing resolved, no swap needed
  Frame 4230/11769 | second 70
  Fish 1 recovered after 2 missing frames
  Overlap detected: Fish 1 ↔ Fish 3 [frame 4231] IoU=0.06
  Crossing started: Fish 1 ↔ Fish 3 [frame 4231]
  Overlap detected: Fish 1 ↔ Fish 5 [frame 4231] IoU=0.00
  Overlap detected: Fish 3 ↔ Fish 5 [frame 4231] IoU=0.40
  Overlap detected: Fish 1 ↔ Fish 3 [frame 4232] IoU=0.07
  Overlap detected: Fish 1 ↔ Fish 5 [frame 4232] IoU=0.00
  Overlap detected: Fish 3 ↔ Fish 5 [frame 4232] IoU=0.40
  Fish 5 recovered after 3 missing frames
  Overlap detected: Fish 1 ↔ Fish 3 [frame 4233] IoU=0.06
  Overlap detected: Fish 3 ↔ Fish 5 [frame 4233] IoU=0.14
  Overlap detected: Fish 1 ↔ Fish 3 [frame 4234] IoU=0.00
  Overlap detected: Fish 3 ↔ Fish 5 [frame 4234] IoU=0.04
  Overlap detected: Fish 1 ↔ Fish 3 [frame 4235] IoU=0.00
  Overlap detected: Fish 3 ↔ Fish 5 [frame 4235] IoU=0.01
  Overlap detected: Fish 1 ↔ Fish 3 [frame 4236] IoU=0.02
  Overlap detected: Fish 1 ↔ Fish 3 [frame 4237] IoU=0.07
  Overlap detected: Fish 1 ↔ Fish 3 [frame 4238] IoU=0.12
  Overlap detected: Fish 1 ↔ Fish 3 [frame 4239] IoU=0.12
  Overlap detected: Fish 3 ↔ Fish 4 [frame 4239] IoU=0.00
  Overlap detected: Fish 1 ↔ Fish 3 [frame 4240] IoU=0.11
  Overlap detected: Fish 1 ↔ Fish 3 [frame 4241] IoU=0.13
  Overlap detected: Fish 3 ↔ Fish 4 [frame 4241] IoU=0.00
  Overlap detected: Fish 1 ↔ Fish 3 [frame 4242] IoU=0.10
  Overlap detected: Fish 1 ↔ Fish 3 [frame 4243] IoU=0.03
  Overlap detected: Fish 1 ↔ Fish 3 [frame 4244] IoU=0.01
  Overlap detected: Fish 1 ↔ Fish 3 [frame 4245] IoU=0.01
  Frame 4260/11769 | second 71
  Overlap detected: Fish 1 ↔ Fish 3 [frame 4273] IoU=0.01
  Overlap detected: Fish 1 ↔ Fish 3 [frame 4274] IoU=0.01
  Overlap detected: Fish 1 ↔ Fish 3 [frame 4275] IoU=0.01
  Overlap detected: Fish 1 ↔ Fish 3 [frame 4276] IoU=0.03
  Overlap detected: Fish 1 ↔ Fish 3 [frame 4277] IoU=0.03
  Overlap detected: Fish 1 ↔ Fish 3 [frame 4278] IoU=0.01
  Fish 2 recovered after 4 missing frames
  Overlap detected: Fish 1 ↔ Fish 3 [frame 4283] IoU=0.00
  Fish 2 recovered after 4 missing frames
  Overlap detected: Fish 1 ↔ Fish 3 [frame 4290] IoU=0.02
  Frame 4290/11769 | second 71
  Overlap detected: Fish 1 ↔ Fish 3 [frame 4291] IoU=0.06
  Overlap detected: Fish 1 ↔ Fish 3 [frame 4292] IoU=0.07
  Overlap detected: Fish 1 ↔ Fish 3 [frame 4293] IoU=0.03
  Overlap detected: Fish 1 ↔ Fish 3 [frame 4294] IoU=0.04
  Overlap detected: Fish 1 ↔ Fish 3 [frame 4295] IoU=0.01
  Overlap detected: Fish 3 ↔ Fish 4 [frame 4305] IoU=0.01
  Overlap detected: Fish 3 ↔ Fish 4 [frame 4306] IoU=0.01
  Fish 4 recovered after 1 missing frames
  Crossing started: Fish 3 ↔ Fish 4 [frame 4307]
  Overlap detected: Fish 3 ↔ Fish 4 [frame 4308] IoU=0.05
  Overlap detected: Fish 3 ↔ Fish 4 [frame 4309] IoU=0.18
  Overlap detected: Fish 3 ↔ Fish 4 [frame 4310] IoU=0.17
  Overlap detected: Fish 3 ↔ Fish 4 [frame 4311] IoU=0.41
  Overlap detected: Fish 3 ↔ Fish 4 [frame 4312] IoU=0.52
  Fish 3 recovered after 1 missing frames
  Overlap detected: Fish 3 ↔ Fish 4 [frame 4313] IoU=0.07
  Overlap detected: Fish 3 ↔ Fish 4 [frame 4314] IoU=0.02
  Overlap detected: Fish 3 ↔ Fish 4 [frame 4315] IoU=0.09
  Overlap detected: Fish 3 ↔ Fish 4 [frame 4316] IoU=0.06
  Overlap detected: Fish 3 ↔ Fish 4 [frame 4317] IoU=0.04
  Overlap detected: Fish 3 ↔ Fish 4 [frame 4318] IoU=0.03
  Fish 3 ↔ Fish 4: crossing resolved, no swap needed
  Overlap detected: Fish 3 ↔ Fish 4 [frame 4319] IoU=0.03
  Overlap detected: Fish 3 ↔ Fish 4 [frame 4320] IoU=0.03
  Frame 4320/11769 | second 72
  Fish 3 recovered after 1 missing frames
  Overlap detected: Fish 3 ↔ Fish 4 [frame 4341] IoU=0.08
  Overlap detected: Fish 3 ↔ Fish 4 [frame 4342] IoU=0.16
  Crossing started: Fish 3 ↔ Fish 4 [frame 4342]
  Overlap detected: Fish 3 ↔ Fish 4 [frame 4343] IoU=0.17
  Overlap detected: Fish 3 ↔ Fish 4 [frame 4344] IoU=0.22
  Overlap detected: Fish 3 ↔ Fish 4 [frame 4345] IoU=0.26
  Overlap detected: Fish 3 ↔ Fish 4 [frame 4346] IoU=0.27
  Overlap detected: Fish 3 ↔ Fish 4 [frame 4347] IoU=0.26
  Overlap detected: Fish 3 ↔ Fish 4 [frame 4348] IoU=0.31
  Overlap detected: Fish 3 ↔ Fish 4 [frame 4349] IoU=0.30
  Overlap detected: Fish 3 ↔ Fish 4 [frame 4350] IoU=0.30
  Frame 4350/11769 | second 72
  Overlap detected: Fish 3 ↔ Fish 4 [frame 4351] IoU=0.27
  Overlap detected: Fish 3 ↔ Fish 4 [frame 4352] IoU=0.29
  Fish 4 recovered after 12 missing frames
  Overlap detected: Fish 3 ↔ Fish 4 [frame 4353] IoU=0.37
  Overlap detected: Fish 3 ↔ Fish 4 [frame 4354] IoU=0.39
  Overlap detected: Fish 3 ↔ Fish 4 [frame 4355] IoU=0.51
  Overlap detected: Fish 3 ↔ Fish 4 [frame 4356] IoU=0.50
  Fish 4 recovered after 2 missing frames
  Overlap detected: Fish 3 ↔ Fish 4 [frame 4357] IoU=0.36
  Overlap detected: Fish 3 ↔ Fish 4 [frame 4358] IoU=0.10
  Overlap detected: Fish 3 ↔ Fish 4 [frame 4359] IoU=0.23
  Fish 3 ↔ Fish 4: crossing resolved, no swap needed
  Overlap detected: Fish 3 ↔ Fish 4 [frame 4360] IoU=0.01
  Frame 4380/11769 | second 73
  Overlap detected: Fish 3 ↔ Fish 4 [frame 4393] IoU=0.01
  Overlap detected: Fish 3 ↔ Fish 4 [frame 4394] IoU=0.01
  Overlap detected: Fish 3 ↔ Fish 4 [frame 4395] IoU=0.01
  Overlap detected: Fish 3 ↔ Fish 4 [frame 4396] IoU=0.02
  Overlap detected: Fish 3 ↔ Fish 4 [frame 4397] IoU=0.03
  Overlap detected: Fish 3 ↔ Fish 4 [frame 4398] IoU=0.06
  Overlap detected: Fish 3 ↔ Fish 4 [frame 4399] IoU=0.06
  Overlap detected: Fish 3 ↔ Fish 4 [frame 4400] IoU=0.07
  Overlap detected: Fish 3 ↔ Fish 4 [frame 4401] IoU=0.04
  Frame 4410/11769 | second 73
  Frame 4440/11769 | second 74
  Frame 4470/11769 | second 74
  Overlap detected: Fish 3 ↔ Fish 5 [frame 4477] IoU=0.05
  Overlap detected: Fish 3 ↔ Fish 5 [frame 4478] IoU=0.48
  Crossing started: Fish 3 ↔ Fish 5 [frame 4478]
  Overlap detected: Fish 3 ↔ Fish 5 [frame 4479] IoU=0.42
  Overlap detected: Fish 3 ↔ Fish 5 [frame 4480] IoU=0.37
  Overlap detected: Fish 3 ↔ Fish 5 [frame 4481] IoU=0.37
  Overlap detected: Fish 3 ↔ Fish 5 [frame 4482] IoU=0.39
  Fish 3 recovered after 4 missing frames
  Overlap detected: Fish 3 ↔ Fish 5 [frame 4483] IoU=0.43
  Overlap detected: Fish 3 ↔ Fish 5 [frame 4484] IoU=0.14
  Overlap detected: Fish 3 ↔ Fish 5 [frame 4485] IoU=0.05
  Overlap detected: Fish 3 ↔ Fish 5 [frame 4486] IoU=0.04
  Fish 3 ↔ Fish 5: crossing resolved, no swap needed
  Overlap detected: Fish 3 ↔ Fish 5 [frame 4487] IoU=0.04
  Overlap detected: Fish 3 ↔ Fish 5 [frame 4488] IoU=0.04
  Overlap detected: Fish 3 ↔ Fish 5 [frame 4489] IoU=0.02
  Overlap detected: Fish 3 ↔ Fish 5 [frame 4490] IoU=0.03
  Crossing started: Fish 3 ↔ Fish 5 [frame 4490]
  Overlap detected: Fish 3 ↔ Fish 5 [frame 4491] IoU=0.03
  Overlap detected: Fish 3 ↔ Fish 5 [frame 4492] IoU=0.06
  Overlap detected: Fish 3 ↔ Fish 5 [frame 4493] IoU=0.10
  Overlap detected: Fish 3 ↔ Fish 5 [frame 4494] IoU=0.02
  Overlap detected: Fish 3 ↔ Fish 5 [frame 4495] IoU=0.04
  Overlap detected: Fish 3 ↔ Fish 5 [frame 4496] IoU=0.05
  Overlap detected: Fish 3 ↔ Fish 5 [frame 4497] IoU=0.07
  Overlap detected: Fish 3 ↔ Fish 5 [frame 4498] IoU=0.07
  Overlap detected: Fish 3 ↔ Fish 5 [frame 4499] IoU=0.08
  Overlap detected: Fish 3 ↔ Fish 5 [frame 4500] IoU=0.08
  Frame 4500/11769 | second 75
  Overlap detected: Fish 3 ↔ Fish 5 [frame 4501] IoU=0.08
  Fish 3 ↔ Fish 5: crossing resolved, no swap needed
  Frame 4530/11769 | second 75
  Frame 4560/11769 | second 76
  Overlap detected: Fish 3 ↔ Fish 5 [frame 4564] IoU=0.01
  Overlap detected: Fish 3 ↔ Fish 5 [frame 4565] IoU=0.01
  Overlap detected: Fish 3 ↔ Fish 5 [frame 4566] IoU=0.00
  Overlap detected: Fish 3 ↔ Fish 5 [frame 4567] IoU=0.00
  Overlap detected: Fish 2 ↔ Fish 5 [frame 4570] IoU=0.02
  Overlap detected: Fish 2 ↔ Fish 5 [frame 4571] IoU=0.02
  Overlap detected: Fish 2 ↔ Fish 5 [frame 4572] IoU=0.03
  Overlap detected: Fish 2 ↔ Fish 5 [frame 4573] IoU=0.03
  Overlap detected: Fish 2 ↔ Fish 5 [frame 4574] IoU=0.02
  Overlap detected: Fish 2 ↔ Fish 5 [frame 4575] IoU=0.01
  Overlap detected: Fish 2 ↔ Fish 3 [frame 4576] IoU=0.02
  Overlap detected: Fish 2 ↔ Fish 5 [frame 4576] IoU=0.02
  Overlap detected: Fish 2 ↔ Fish 3 [frame 4577] IoU=0.03
  Overlap detected: Fish 2 ↔ Fish 3 [frame 4578] IoU=0.08
  Overlap detected: Fish 3 ↔ Fish 5 [frame 4578] IoU=0.02
  Overlap detected: Fish 2 ↔ Fish 3 [frame 4579] IoU=0.11
  Overlap detected: Fish 3 ↔ Fish 5 [frame 4579] IoU=0.04
  Overlap detected: Fish 2 ↔ Fish 3 [frame 4580] IoU=0.09
  Overlap detected: Fish 3 ↔ Fish 5 [frame 4580] IoU=0.23
  Crossing started: Fish 3 ↔ Fish 5 [frame 4580]
  Overlap detected: Fish 2 ↔ Fish 3 [frame 4581] IoU=0.12
  Overlap detected: Fish 3 ↔ Fish 5 [frame 4581] IoU=0.24
  Overlap detected: Fish 2 ↔ Fish 3 [frame 4582] IoU=0.17
  Overlap detected: Fish 3 ↔ Fish 5 [frame 4582] IoU=0.25
  Overlap detected: Fish 2 ↔ Fish 3 [frame 4583] IoU=0.19
  Overlap detected: Fish 3 ↔ Fish 5 [frame 4583] IoU=0.24
  Overlap detected: Fish 2 ↔ Fish 3 [frame 4584] IoU=0.22
  Overlap detected: Fish 3 ↔ Fish 5 [frame 4584] IoU=0.25
  Overlap detected: Fish 2 ↔ Fish 3 [frame 4585] IoU=0.14
  Overlap detected: Fish 3 ↔ Fish 5 [frame 4585] IoU=0.29
  Overlap detected: Fish 2 ↔ Fish 3 [frame 4586] IoU=0.07
  Overlap detected: Fish 3 ↔ Fish 5 [frame 4586] IoU=0.28
  Overlap detected: Fish 2 ↔ Fish 3 [frame 4587] IoU=0.10
  Overlap detected: Fish 3 ↔ Fish 5 [frame 4587] IoU=0.22
  Overlap detected: Fish 2 ↔ Fish 3 [frame 4588] IoU=0.12
  Overlap detected: Fish 3 ↔ Fish 5 [frame 4588] IoU=0.17
  Overlap detected: Fish 3 ↔ Fish 5 [frame 4589] IoU=0.14
  Fish 5 recovered after 10 missing frames
  Overlap detected: Fish 2 ↔ Fish 5 [frame 4590] IoU=0.03
  Overlap detected: Fish 3 ↔ Fish 5 [frame 4590] IoU=0.02
  Fish 3 ↔ Fish 5: crossing resolved, no swap needed
  Frame 4590/11769 | second 76
  Overlap detected: Fish 2 ↔ Fish 5 [frame 4591] IoU=0.05
  Overlap detected: Fish 3 ↔ Fish 5 [frame 4591] IoU=0.01
  Overlap detected: Fish 2 ↔ Fish 5 [frame 4592] IoU=0.09
  Overlap detected: Fish 2 ↔ Fish 5 [frame 4593] IoU=0.09
  Overlap detected: Fish 2 ↔ Fish 5 [frame 4594] IoU=0.07
  Overlap detected: Fish 3 ↔ Fish 4 [frame 4594] IoU=0.01
  Overlap detected: Fish 2 ↔ Fish 5 [frame 4595] IoU=0.01
  Overlap detected: Fish 3 ↔ Fish 4 [frame 4595] IoU=0.07
  Overlap detected: Fish 2 ↔ Fish 5 [frame 4596] IoU=0.02
  Overlap detected: Fish 3 ↔ Fish 4 [frame 4596] IoU=0.10
  Crossing started: Fish 3 ↔ Fish 4 [frame 4596]
  Overlap detected: Fish 2 ↔ Fish 5 [frame 4597] IoU=0.04
  Overlap detected: Fish 3 ↔ Fish 4 [frame 4597] IoU=0.23
  Overlap detected: Fish 2 ↔ Fish 5 [frame 4598] IoU=0.05
  Overlap detected: Fish 3 ↔ Fish 4 [frame 4598] IoU=0.44
  Overlap detected: Fish 2 ↔ Fish 5 [frame 4599] IoU=0.03
  Overlap detected: Fish 3 ↔ Fish 4 [frame 4599] IoU=0.40
  Overlap detected: Fish 2 ↔ Fish 5 [frame 4600] IoU=0.05
  Overlap detected: Fish 3 ↔ Fish 4 [frame 4600] IoU=0.44
  Overlap detected: Fish 2 ↔ Fish 4 [frame 4601] IoU=0.00
  Overlap detected: Fish 2 ↔ Fish 5 [frame 4601] IoU=0.04
  Overlap detected: Fish 3 ↔ Fish 4 [frame 4601] IoU=0.31
  Overlap detected: Fish 2 ↔ Fish 4 [frame 4602] IoU=0.00
  Overlap detected: Fish 2 ↔ Fish 5 [frame 4602] IoU=0.01
  Overlap detected: Fish 3 ↔ Fish 4 [frame 4602] IoU=0.24
  Overlap detected: Fish 2 ↔ Fish 4 [frame 4603] IoU=0.00
  Overlap detected: Fish 2 ↔ Fish 5 [frame 4603] IoU=0.01
  Overlap detected: Fish 3 ↔ Fish 4 [frame 4603] IoU=0.25
  Overlap detected: Fish 2 ↔ Fish 4 [frame 4604] IoU=0.01
  Overlap detected: Fish 3 ↔ Fish 4 [frame 4604] IoU=0.23
  Fish 3 recovered after 7 missing frames
  Overlap detected: Fish 2 ↔ Fish 4 [frame 4605] IoU=0.02
  Overlap detected: Fish 3 ↔ Fish 4 [frame 4605] IoU=0.45
  Overlap detected: Fish 2 ↔ Fish 4 [frame 4606] IoU=0.04
  Overlap detected: Fish 3 ↔ Fish 4 [frame 4606] IoU=0.04
  Overlap detected: Fish 2 ↔ Fish 4 [frame 4607] IoU=0.04
  Overlap detected: Fish 3 ↔ Fish 4 [frame 4607] IoU=0.06
  Overlap detected: Fish 2 ↔ Fish 4 [frame 4608] IoU=0.05
  Crossing started: Fish 2 ↔ Fish 4 [frame 4608]
  Overlap detected: Fish 3 ↔ Fish 4 [frame 4608] IoU=0.03
  Fish 3 ↔ Fish 4: crossing resolved, no swap needed
  Fish 4 recovered after 2 missing frames
  Overlap detected: Fish 2 ↔ Fish 4 [frame 4609] IoU=0.05
  Overlap detected: Fish 2 ↔ Fish 4 [frame 4610] IoU=0.08
  Overlap detected: Fish 2 ↔ Fish 4 [frame 4611] IoU=0.06
  Overlap detected: Fish 2 ↔ Fish 4 [frame 4612] IoU=0.08
  Overlap detected: Fish 2 ↔ Fish 4 [frame 4613] IoU=0.06
  Overlap detected: Fish 2 ↔ Fish 4 [frame 4614] IoU=0.15
  Overlap detected: Fish 2 ↔ Fish 4 [frame 4615] IoU=0.21
  Overlap detected: Fish 2 ↔ Fish 4 [frame 4616] IoU=0.15
  Overlap detected: Fish 2 ↔ Fish 4 [frame 4617] IoU=0.24
  Overlap detected: Fish 2 ↔ Fish 4 [frame 4618] IoU=0.27
  Overlap detected: Fish 2 ↔ Fish 4 [frame 4619] IoU=0.34
  Overlap detected: Fish 2 ↔ Fish 4 [frame 4620] IoU=0.23
  Frame 4620/11769 | second 77
  Overlap detected: Fish 2 ↔ Fish 4 [frame 4621] IoU=0.11
  Overlap detected: Fish 2 ↔ Fish 4 [frame 4622] IoU=0.04
  Frame 4650/11769 | second 77
  Fish 4 recovered after 9 missing frames
  Crossing started: Fish 2 ↔ Fish 4 [frame 4655]
  Overlap detected: Fish 2 ↔ Fish 4 [frame 4657] IoU=0.04
  Overlap detected: Fish 2 ↔ Fish 4 [frame 4658] IoU=0.05
  Overlap detected: Fish 2 ↔ Fish 4 [frame 4659] IoU=0.10
  Overlap detected: Fish 2 ↔ Fish 4 [frame 4660] IoU=0.10
  Overlap detected: Fish 2 ↔ Fish 4 [frame 4661] IoU=0.09
  Overlap detected: Fish 2 ↔ Fish 4 [frame 4662] IoU=0.09
  Overlap detected: Fish 2 ↔ Fish 4 [frame 4663] IoU=0.10
  Overlap detected: Fish 2 ↔ Fish 4 [frame 4664] IoU=0.12
  Overlap detected: Fish 2 ↔ Fish 4 [frame 4665] IoU=0.05
  Fish 2 ↔ Fish 4: crossing resolved, no swap needed
  Overlap detected: Fish 2 ↔ Fish 4 [frame 4666] IoU=0.02
  Overlap detected: Fish 3 ↔ Fish 4 [frame 4666] IoU=0.02
  Overlap detected: Fish 3 ↔ Fish 4 [frame 4667] IoU=0.01
  Overlap detected: Fish 2 ↔ Fish 4 [frame 4668] IoU=0.02
  Overlap detected: Fish 3 ↔ Fish 4 [frame 4668] IoU=0.03
  Overlap detected: Fish 2 ↔ Fish 4 [frame 4669] IoU=0.02
  Overlap detected: Fish 3 ↔ Fish 4 [frame 4669] IoU=0.03
  Overlap detected: Fish 2 ↔ Fish 4 [frame 4670] IoU=0.01
  Overlap detected: Fish 3 ↔ Fish 4 [frame 4670] IoU=0.02
  Overlap detected: Fish 3 ↔ Fish 4 [frame 4671] IoU=0.00
  Overlap detected: Fish 3 ↔ Fish 4 [frame 4672] IoU=0.01
  Overlap detected: Fish 3 ↔ Fish 4 [frame 4673] IoU=0.00
  Frame 4680/11769 | second 78
  Fish 3 recovered after 6 missing frames
  Fish 3 recovered after 1 missing frames
  Overlap detected: Fish 2 ↔ Fish 5 [frame 4702] IoU=0.02
  Overlap detected: Fish 2 ↔ Fish 5 [frame 4703] IoU=0.03
  Overlap detected: Fish 2 ↔ Fish 5 [frame 4704] IoU=0.05
  Overlap detected: Fish 2 ↔ Fish 5 [frame 4705] IoU=0.08
  Overlap detected: Fish 2 ↔ Fish 5 [frame 4706] IoU=0.14
  Overlap detected: Fish 2 ↔ Fish 5 [frame 4707] IoU=0.26
  Crossing started: Fish 2 ↔ Fish 5 [frame 4707]
  Overlap detected: Fish 2 ↔ Fish 5 [frame 4708] IoU=0.21
  Overlap detected: Fish 2 ↔ Fish 5 [frame 4709] IoU=0.18
  Overlap detected: Fish 2 ↔ Fish 5 [frame 4710] IoU=0.10
  Frame 4710/11769 | second 78
  Fish 4 recovered after 42 missing frames
  Overlap detected: Fish 2 ↔ Fish 5 [frame 4711] IoU=0.10
  Overlap detected: Fish 3 ↔ Fish 4 [frame 4711] IoU=0.22
  Crossing started: Fish 3 ↔ Fish 4 [frame 4711]
  Overlap detected: Fish 2 ↔ Fish 5 [frame 4712] IoU=0.10
  Overlap detected: Fish 3 ↔ Fish 4 [frame 4712] IoU=0.26
  Fish 4 recovered after 1 missing frames
  Overlap detected: Fish 2 ↔ Fish 5 [frame 4713] IoU=0.07
  Overlap detected: Fish 3 ↔ Fish 4 [frame 4713] IoU=0.07
  Fish 3 ↔ Fish 4: crossing resolved, no swap needed
  Overlap detected: Fish 2 ↔ Fish 5 [frame 4714] IoU=0.02
  Overlap detected: Fish 3 ↔ Fish 4 [frame 4714] IoU=0.08
  Overlap detected: Fish 3 ↔ Fish 4 [frame 4715] IoU=0.10
  Fish 2 ↔ Fish 5: crossing resolved, no swap needed
  Overlap detected: Fish 3 ↔ Fish 4 [frame 4716] IoU=0.04
  Overlap detected: Fish 3 ↔ Fish 4 [frame 4717] IoU=0.05
  Overlap detected: Fish 3 ↔ Fish 4 [frame 4718] IoU=0.04
  Overlap detected: Fish 2 ↔ Fish 5 [frame 4719] IoU=0.01
  Overlap detected: Fish 3 ↔ Fish 4 [frame 4719] IoU=0.02
  Overlap detected: Fish 2 ↔ Fish 5 [frame 4720] IoU=0.01
  Overlap detected: Fish 3 ↔ Fish 4 [frame 4720] IoU=0.04
  Overlap detected: Fish 2 ↔ Fish 5 [frame 4721] IoU=0.01
  Overlap detected: Fish 3 ↔ Fish 4 [frame 4721] IoU=0.01
  Overlap detected: Fish 2 ↔ Fish 5 [frame 4722] IoU=0.03
  Overlap detected: Fish 2 ↔ Fish 5 [frame 4723] IoU=0.07
  Crossing started: Fish 2 ↔ Fish 5 [frame 4723]
  Overlap detected: Fish 2 ↔ Fish 5 [frame 4724] IoU=0.04
  Fish 2 ↔ Fish 5: crossing resolved, no swap needed
  Overlap detected: Fish 2 ↔ Fish 5 [frame 4725] IoU=0.04
  Overlap detected: Fish 2 ↔ Fish 5 [frame 4726] IoU=0.05
  Overlap detected: Fish 2 ↔ Fish 5 [frame 4727] IoU=0.06
  Overlap detected: Fish 2 ↔ Fish 5 [frame 4728] IoU=0.12
  Overlap detected: Fish 2 ↔ Fish 5 [frame 4729] IoU=0.08
  Overlap detected: Fish 2 ↔ Fish 5 [frame 4730] IoU=0.07
  Overlap detected: Fish 2 ↔ Fish 5 [frame 4731] IoU=0.06
  Overlap detected: Fish 2 ↔ Fish 5 [frame 4732] IoU=0.05
  Overlap detected: Fish 2 ↔ Fish 5 [frame 4733] IoU=0.03
  Overlap detected: Fish 3 ↔ Fish 4 [frame 4734] IoU=0.02
  Overlap detected: Fish 3 ↔ Fish 4 [frame 4735] IoU=0.03
  Overlap detected: Fish 3 ↔ Fish 4 [frame 4736] IoU=0.07
  Fish 3 recovered after 1 missing frames
  Overlap detected: Fish 2 ↔ Fish 5 [frame 4737] IoU=0.02
  Overlap detected: Fish 3 ↔ Fish 4 [frame 4737] IoU=0.85
  Crossing started: Fish 3 ↔ Fish 4 [frame 4737]
  Fish 4 recovered after 1 missing frames
  Overlap detected: Fish 3 ↔ Fish 4 [frame 4738] IoU=0.86
  Overlap detected: Fish 3 ↔ Fish 4 [frame 4739] IoU=0.69
  Overlap detected: Fish 3 ↔ Fish 4 [frame 4740] IoU=0.58
  Frame 4740/11769 | second 79
  Overlap detected: Fish 3 ↔ Fish 4 [frame 4741] IoU=0.51
  Overlap detected: Fish 3 ↔ Fish 4 [frame 4742] IoU=0.42
  Overlap detected: Fish 3 ↔ Fish 4 [frame 4743] IoU=0.34
  Fish 3 ↔ Fish 4: crossing resolved, no swap needed
  Fish 3 recovered after 6 missing frames
  Frame 4770/11769 | second 79
  Overlap detected: Fish 1 ↔ Fish 2 [frame 4784] IoU=0.00
  Overlap detected: Fish 1 ↔ Fish 2 [frame 4785] IoU=0.06
  Overlap detected: Fish 1 ↔ Fish 2 [frame 4786] IoU=0.05
  Overlap detected: Fish 1 ↔ Fish 2 [frame 4787] IoU=0.06
  Overlap detected: Fish 1 ↔ Fish 2 [frame 4788] IoU=0.10
  Overlap detected: Fish 1 ↔ Fish 2 [frame 4789] IoU=0.11
  Crossing started: Fish 1 ↔ Fish 2 [frame 4789]
  Overlap detected: Fish 1 ↔ Fish 2 [frame 4790] IoU=0.12
  Overlap detected: Fish 1 ↔ Fish 2 [frame 4791] IoU=0.11
  Overlap detected: Fish 1 ↔ Fish 2 [frame 4792] IoU=0.16
  Overlap detected: Fish 1 ↔ Fish 2 [frame 4793] IoU=0.18
  Overlap detected: Fish 1 ↔ Fish 2 [frame 4794] IoU=0.18
  Overlap detected: Fish 1 ↔ Fish 2 [frame 4795] IoU=0.19
  Overlap detected: Fish 1 ↔ Fish 2 [frame 4796] IoU=0.20
  Overlap detected: Fish 1 ↔ Fish 2 [frame 4797] IoU=0.21
  Overlap detected: Fish 1 ↔ Fish 2 [frame 4798] IoU=0.22
  Overlap detected: Fish 1 ↔ Fish 2 [frame 4799] IoU=0.22
  Fish 1 recovered after 15 missing frames
  Overlap detected: Fish 1 ↔ Fish 2 [frame 4800] IoU=0.90
  Frame 4800/11769 | second 80
  Overlap detected: Fish 1 ↔ Fish 2 [frame 4801] IoU=0.78
  Fish 2 recovered after 2 missing frames
  Overlap detected: Fish 1 ↔ Fish 2 [frame 4802] IoU=0.04
  Fish 1 ↔ Fish 2: crossing resolved, no swap needed
  Overlap detected: Fish 1 ↔ Fish 2 [frame 4803] IoU=0.01
  Frame 4830/11769 | second 80
  Frame 4860/11769 | second 81
  Overlap detected: Fish 3 ↔ Fish 4 [frame 4862] IoU=0.03
  Overlap detected: Fish 3 ↔ Fish 4 [frame 4863] IoU=0.05
  Overlap detected: Fish 3 ↔ Fish 4 [frame 4864] IoU=0.04
  Overlap detected: Fish 3 ↔ Fish 4 [frame 4865] IoU=0.05
  Overlap detected: Fish 3 ↔ Fish 4 [frame 4866] IoU=0.07
  Overlap detected: Fish 3 ↔ Fish 4 [frame 4867] IoU=0.08
  Overlap detected: Fish 3 ↔ Fish 4 [frame 4868] IoU=0.07
  Overlap detected: Fish 3 ↔ Fish 4 [frame 4869] IoU=0.06
  Overlap detected: Fish 3 ↔ Fish 4 [frame 4870] IoU=0.05
  Overlap detected: Fish 3 ↔ Fish 4 [frame 4871] IoU=0.04
  Overlap detected: Fish 3 ↔ Fish 4 [frame 4872] IoU=0.01
  Overlap detected: Fish 3 ↔ Fish 4 [frame 4873] IoU=0.02
  Overlap detected: Fish 3 ↔ Fish 4 [frame 4874] IoU=0.02
  Overlap detected: Fish 3 ↔ Fish 4 [frame 4875] IoU=0.07
  Overlap detected: Fish 3 ↔ Fish 4 [frame 4876] IoU=0.35
  Crossing started: Fish 3 ↔ Fish 4 [frame 4876]
  Overlap detected: Fish 3 ↔ Fish 4 [frame 4877] IoU=0.41
  Overlap detected: Fish 3 ↔ Fish 4 [frame 4878] IoU=0.42
  Overlap detected: Fish 3 ↔ Fish 4 [frame 4879] IoU=0.41
  Overlap detected: Fish 3 ↔ Fish 4 [frame 4880] IoU=0.39
  Overlap detected: Fish 3 ↔ Fish 4 [frame 4881] IoU=0.35
  Overlap detected: Fish 3 ↔ Fish 4 [frame 4882] IoU=0.34
  Overlap detected: Fish 3 ↔ Fish 4 [frame 4883] IoU=0.27
  Overlap detected: Fish 3 ↔ Fish 4 [frame 4884] IoU=0.21
  Overlap detected: Fish 3 ↔ Fish 4 [frame 4885] IoU=0.22
  Overlap detected: Fish 3 ↔ Fish 4 [frame 4886] IoU=0.17
  Overlap detected: Fish 3 ↔ Fish 4 [frame 4887] IoU=0.15
  Overlap detected: Fish 3 ↔ Fish 4 [frame 4888] IoU=0.13
  Fish 4 recovered after 13 missing frames
  Overlap detected: Fish 3 ↔ Fish 4 [frame 4889] IoU=0.47
  Fish 1 recovered after 1 missing frames
  Overlap detected: Fish 3 ↔ Fish 4 [frame 4890] IoU=0.58
  Frame 4890/11769 | second 81
  Fish 3 recovered after 1 missing frames
  Overlap detected: Fish 3 ↔ Fish 4 [frame 4891] IoU=0.42
  Overlap detected: Fish 3 ↔ Fish 4 [frame 4892] IoU=0.28
  Overlap detected: Fish 3 ↔ Fish 4 [frame 4893] IoU=0.17
  Overlap detected: Fish 3 ↔ Fish 4 [frame 4894] IoU=0.13
  Fish 3 recovered after 1 missing frames
  Overlap detected: Fish 3 ↔ Fish 4 [frame 4895] IoU=0.02
  Fish 3 ↔ Fish 4: crossing resolved, no swap needed
  Overlap detected: Fish 3 ↔ Fish 4 [frame 4896] IoU=0.01
  Fish 1 recovered after 1 missing frames
  Frame 4920/11769 | second 82
  Crossing started: Fish 1 ↔ Fish 5 [frame 4922]
  Fish 1 ↔ Fish 5: crossing resolved, no swap needed
  Overlap detected: Fish 1 ↔ Fish 5 [frame 4934] IoU=0.00
  Overlap detected: Fish 1 ↔ Fish 5 [frame 4935] IoU=0.00
  Overlap detected: Fish 1 ↔ Fish 5 [frame 4936] IoU=0.00
  Overlap detected: Fish 1 ↔ Fish 2 [frame 4937] IoU=0.03
  Overlap detected: Fish 1 ↔ Fish 2 [frame 4938] IoU=0.45
  Crossing started: Fish 1 ↔ Fish 2 [frame 4938]
  Overlap detected: Fish 1 ↔ Fish 2 [frame 4939] IoU=0.70
  Overlap detected: Fish 4 ↔ Fish 5 [frame 4939] IoU=0.01
  Overlap detected: Fish 1 ↔ Fish 2 [frame 4940] IoU=0.62
  Overlap detected: Fish 4 ↔ Fish 5 [frame 4940] IoU=0.03
  Fish 2 recovered after 2 missing frames
  Overlap detected: Fish 1 ↔ Fish 2 [frame 4941] IoU=0.81
  Overlap detected: Fish 4 ↔ Fish 5 [frame 4941] IoU=0.04
  Overlap detected: Fish 1 ↔ Fish 2 [frame 4942] IoU=0.73
  Overlap detected: Fish 4 ↔ Fish 5 [frame 4942] IoU=0.04
  Crossing started: Fish 4 ↔ Fish 5 [frame 4942]
  Overlap detected: Fish 1 ↔ Fish 2 [frame 4943] IoU=0.70
  Overlap detected: Fish 4 ↔ Fish 5 [frame 4943] IoU=0.04
  Overlap detected: Fish 1 ↔ Fish 2 [frame 4944] IoU=0.64
  Overlap detected: Fish 4 ↔ Fish 5 [frame 4944] IoU=0.04
  Overlap detected: Fish 1 ↔ Fish 2 [frame 4945] IoU=0.61
  Overlap detected: Fish 4 ↔ Fish 5 [frame 4945] IoU=0.02
  Overlap detected: Fish 1 ↔ Fish 2 [frame 4946] IoU=0.64
  Overlap detected: Fish 4 ↔ Fish 5 [frame 4946] IoU=0.02
  Overlap detected: Fish 1 ↔ Fish 2 [frame 4947] IoU=0.58
  Overlap detected: Fish 4 ↔ Fish 5 [frame 4947] IoU=0.02
  Fish 1 ↔ Fish 2: crossing resolved, no swap needed
  Overlap detected: Fish 1 ↔ Fish 2 [frame 4948] IoU=0.61
  Overlap detected: Fish 4 ↔ Fish 5 [frame 4948] IoU=0.02
  Fish 1 recovered after 8 missing frames
  Overlap detected: Fish 4 ↔ Fish 5 [frame 4949] IoU=0.02
  Overlap detected: Fish 4 ↔ Fish 5 [frame 4950] IoU=0.02
  Frame 4950/11769 | second 82
  Overlap detected: Fish 4 ↔ Fish 5 [frame 4951] IoU=0.03
  Fish 4 ↔ Fish 5: crossing resolved, no swap needed
  Overlap detected: Fish 4 ↔ Fish 5 [frame 4952] IoU=0.03
  Overlap detected: Fish 4 ↔ Fish 5 [frame 4953] IoU=0.03
  Overlap detected: Fish 4 ↔ Fish 5 [frame 4954] IoU=0.02
  Overlap detected: Fish 4 ↔ Fish 5 [frame 4955] IoU=0.01
  Overlap detected: Fish 2 ↔ Fish 4 [frame 4960] IoU=0.01
  Crossing started: Fish 2 ↔ Fish 4 [frame 4960]
  Overlap detected: Fish 2 ↔ Fish 4 [frame 4962] IoU=0.02
  Overlap detected: Fish 2 ↔ Fish 4 [frame 4963] IoU=0.07
  Overlap detected: Fish 2 ↔ Fish 4 [frame 4964] IoU=0.14
  Overlap detected: Fish 2 ↔ Fish 4 [frame 4965] IoU=0.11
  Overlap detected: Fish 2 ↔ Fish 4 [frame 4966] IoU=0.14
  Overlap detected: Fish 2 ↔ Fish 4 [frame 4967] IoU=0.17
  Overlap detected: Fish 2 ↔ Fish 4 [frame 4968] IoU=0.12
  Overlap detected: Fish 2 ↔ Fish 4 [frame 4969] IoU=0.12
  Overlap detected: Fish 2 ↔ Fish 4 [frame 4970] IoU=0.08
  Fish 2 ↔ Fish 4: crossing resolved, no swap needed
  Overlap detected: Fish 2 ↔ Fish 4 [frame 4971] IoU=0.08
  Overlap detected: Fish 2 ↔ Fish 4 [frame 4972] IoU=0.06
  Overlap detected: Fish 2 ↔ Fish 4 [frame 4973] IoU=0.09
  Overlap detected: Fish 2 ↔ Fish 4 [frame 4974] IoU=0.06
  Overlap detected: Fish 2 ↔ Fish 4 [frame 4975] IoU=0.00
  Overlap detected: Fish 2 ↔ Fish 4 [frame 4976] IoU=0.02
  Frame 4980/11769 | second 83
  Fish 1 recovered after 35 missing frames
  Frame 5010/11769 | second 83
  Overlap detected: Fish 1 ↔ Fish 4 [frame 5012] IoU=0.03
  Fish 1 recovered after 1 missing frames
  Fish 1 recovered after 3 missing frames
  Fish 1 recovered after 4 missing frames
  Fish 1 recovered after 1 missing frames
  Overlap detected: Fish 3 ↔ Fish 5 [frame 5030] IoU=0.01
  Overlap detected: Fish 3 ↔ Fish 5 [frame 5031] IoU=0.03
  Overlap detected: Fish 3 ↔ Fish 5 [frame 5032] IoU=0.09
  Overlap detected: Fish 3 ↔ Fish 5 [frame 5033] IoU=0.10
  Overlap detected: Fish 3 ↔ Fish 5 [frame 5034] IoU=0.13
  Crossing started: Fish 3 ↔ Fish 5 [frame 5034]
  Overlap detected: Fish 3 ↔ Fish 5 [frame 5035] IoU=0.14
  Overlap detected: Fish 3 ↔ Fish 5 [frame 5036] IoU=0.14
  Overlap detected: Fish 3 ↔ Fish 5 [frame 5037] IoU=0.16
  Overlap detected: Fish 3 ↔ Fish 5 [frame 5038] IoU=0.17
  Overlap detected: Fish 3 ↔ Fish 5 [frame 5039] IoU=0.19
  Overlap detected: Fish 3 ↔ Fish 5 [frame 5040] IoU=0.21
  Frame 5040/11769 | second 84
  Overlap detected: Fish 3 ↔ Fish 5 [frame 5041] IoU=0.19
  Overlap detected: Fish 3 ↔ Fish 5 [frame 5042] IoU=0.19
  Overlap detected: Fish 3 ↔ Fish 5 [frame 5043] IoU=0.18
  Overlap detected: Fish 3 ↔ Fish 5 [frame 5044] IoU=0.25
  Overlap detected: Fish 3 ↔ Fish 5 [frame 5045] IoU=0.28
  Overlap detected: Fish 3 ↔ Fish 5 [frame 5046] IoU=0.30
  Overlap detected: Fish 3 ↔ Fish 5 [frame 5047] IoU=0.33
  Overlap detected: Fish 3 ↔ Fish 5 [frame 5048] IoU=0.33
  Overlap detected: Fish 3 ↔ Fish 5 [frame 5049] IoU=0.33
  Overlap detected: Fish 3 ↔ Fish 5 [frame 5050] IoU=0.35
  Overlap detected: Fish 3 ↔ Fish 5 [frame 5051] IoU=0.38
  Fish 3 recovered after 20 missing frames
  Overlap detected: Fish 3 ↔ Fish 5 [frame 5052] IoU=0.46
  Overlap detected: Fish 3 ↔ Fish 5 [frame 5053] IoU=0.28
  Overlap detected: Fish 3 ↔ Fish 5 [frame 5054] IoU=0.00
  Fish 1 recovered after 34 missing frames
  Crossing started: Fish 3 ↔ Fish 5 [frame 5070]
  Frame 5070/11769 | second 84
  Overlap detected: Fish 3 ↔ Fish 5 [frame 5071] IoU=0.04
  Overlap detected: Fish 3 ↔ Fish 5 [frame 5072] IoU=0.24
  Overlap detected: Fish 3 ↔ Fish 5 [frame 5073] IoU=0.48
  Overlap detected: Fish 3 ↔ Fish 5 [frame 5074] IoU=0.38
  Overlap detected: Fish 3 ↔ Fish 5 [frame 5075] IoU=0.32
  Overlap detected: Fish 3 ↔ Fish 5 [frame 5076] IoU=0.28
  Overlap detected: Fish 3 ↔ Fish 5 [frame 5077] IoU=0.22
  Overlap detected: Fish 3 ↔ Fish 5 [frame 5078] IoU=0.23
  Overlap detected: Fish 3 ↔ Fish 5 [frame 5079] IoU=0.22
  Overlap detected: Fish 3 ↔ Fish 5 [frame 5080] IoU=0.22
  Overlap detected: Fish 3 ↔ Fish 5 [frame 5081] IoU=0.18
  Overlap detected: Fish 3 ↔ Fish 5 [frame 5082] IoU=0.16
  Overlap detected: Fish 3 ↔ Fish 5 [frame 5083] IoU=0.11
  Fish 3 ↔ Fish 5: crossing resolved, no swap needed
  Overlap detected: Fish 3 ↔ Fish 5 [frame 5084] IoU=0.03
  Fish 2 recovered after 1 missing frames
  Fish 3 recovered after 12 missing frames
  Crossing started: Fish 3 ↔ Fish 5 [frame 5085]
  Fish 3 ↔ Fish 5: crossing resolved, no swap needed
  Fish 3 recovered after 2 missing frames
  Overlap detected: Fish 3 ↔ Fish 5 [frame 5089] IoU=0.03
  Overlap detected: Fish 3 ↔ Fish 5 [frame 5090] IoU=0.01
  Overlap detected: Fish 3 ↔ Fish 5 [frame 5091] IoU=0.01
  Overlap detected: Fish 3 ↔ Fish 5 [frame 5092] IoU=0.01
  Overlap detected: Fish 3 ↔ Fish 5 [frame 5093] IoU=0.02
  Overlap detected: Fish 3 ↔ Fish 5 [frame 5094] IoU=0.03
  Overlap detected: Fish 3 ↔ Fish 5 [frame 5095] IoU=0.02
  Overlap detected: Fish 3 ↔ Fish 5 [frame 5096] IoU=0.01
  Frame 5100/11769 | second 85
  Fish 1 recovered after 7 missing frames
  Fish 2 recovered after 1 missing frames
  Fish 1 recovered after 9 missing frames
  Fish 1 recovered after 1 missing frames
  Fish 1 recovered after 3 missing frames
  Fish 2 recovered after 1 missing frames
  Overlap detected: Fish 1 ↔ Fish 4 [frame 5121] IoU=0.01
  Crossing started: Fish 1 ↔ Fish 4 [frame 5121]
  Overlap detected: Fish 1 ↔ Fish 4 [frame 5122] IoU=0.00
  Fish 1 ↔ Fish 4: crossing resolved, no swap needed
  Frame 5130/11769 | second 85
  Frame 5160/11769 | second 86
  Frame 5190/11769 | second 86
  Frame 5220/11769 | second 87
  Overlap detected: Fish 2 ↔ Fish 3 [frame 5247] IoU=0.01
  Overlap detected: Fish 2 ↔ Fish 3 [frame 5248] IoU=0.03
  Overlap detected: Fish 2 ↔ Fish 3 [frame 5249] IoU=0.03
  Overlap detected: Fish 2 ↔ Fish 3 [frame 5250] IoU=0.03
  Frame 5250/11769 | second 87
  Overlap detected: Fish 2 ↔ Fish 3 [frame 5251] IoU=0.04
  Overlap detected: Fish 2 ↔ Fish 3 [frame 5252] IoU=0.32
  Crossing started: Fish 2 ↔ Fish 3 [frame 5252]
  Overlap detected: Fish 2 ↔ Fish 3 [frame 5253] IoU=0.55
  Overlap detected: Fish 2 ↔ Fish 3 [frame 5254] IoU=0.53
  Fish 2 recovered after 2 missing frames
  Overlap detected: Fish 2 ↔ Fish 3 [frame 5255] IoU=0.28
  Overlap detected: Fish 2 ↔ Fish 3 [frame 5256] IoU=0.32
  Overlap detected: Fish 2 ↔ Fish 3 [frame 5257] IoU=0.18
  Overlap detected: Fish 2 ↔ Fish 3 [frame 5258] IoU=0.19
  Fish 2 ↔ Fish 3: crossing resolved, no swap needed
  Overlap detected: Fish 2 ↔ Fish 3 [frame 5259] IoU=0.28
  Overlap detected: Fish 2 ↔ Fish 3 [frame 5260] IoU=0.31
  Crossing started: Fish 2 ↔ Fish 3 [frame 5260]
  Overlap detected: Fish 2 ↔ Fish 3 [frame 5261] IoU=0.29
  Overlap detected: Fish 4 ↔ Fish 5 [frame 5261] IoU=0.00
  Overlap detected: Fish 2 ↔ Fish 3 [frame 5262] IoU=0.27
  Overlap detected: Fish 4 ↔ Fish 5 [frame 5262] IoU=0.01
  Overlap detected: Fish 2 ↔ Fish 3 [frame 5263] IoU=0.20
  Overlap detected: Fish 2 ↔ Fish 3 [frame 5264] IoU=0.22
  Overlap detected: Fish 4 ↔ Fish 5 [frame 5264] IoU=0.01
  Overlap detected: Fish 2 ↔ Fish 3 [frame 5265] IoU=0.23
  Overlap detected: Fish 4 ↔ Fish 5 [frame 5265] IoU=0.04
  Overlap detected: Fish 2 ↔ Fish 3 [frame 5266] IoU=0.13
  Overlap detected: Fish 4 ↔ Fish 5 [frame 5266] IoU=0.03
  Overlap detected: Fish 2 ↔ Fish 3 [frame 5267] IoU=0.09
  Overlap detected: Fish 4 ↔ Fish 5 [frame 5267] IoU=0.02
  Fish 2 ↔ Fish 3: crossing resolved, no swap needed
  Overlap detected: Fish 2 ↔ Fish 3 [frame 5268] IoU=0.08
  Overlap detected: Fish 4 ↔ Fish 5 [frame 5268] IoU=0.03
  Crossing started: Fish 4 ↔ Fish 5 [frame 5268]
  Overlap detected: Fish 2 ↔ Fish 3 [frame 5269] IoU=0.07
  Overlap detected: Fish 4 ↔ Fish 5 [frame 5269] IoU=0.03
  Overlap detected: Fish 2 ↔ Fish 3 [frame 5270] IoU=0.05
  Overlap detected: Fish 4 ↔ Fish 5 [frame 5270] IoU=0.04
  Overlap detected: Fish 2 ↔ Fish 3 [frame 5271] IoU=0.04
  Overlap detected: Fish 4 ↔ Fish 5 [frame 5271] IoU=0.02
  Overlap detected: Fish 2 ↔ Fish 3 [frame 5272] IoU=0.02
  Overlap detected: Fish 4 ↔ Fish 5 [frame 5272] IoU=0.06
  Overlap detected: Fish 2 ↔ Fish 3 [frame 5273] IoU=0.00
  Overlap detected: Fish 4 ↔ Fish 5 [frame 5273] IoU=0.08
  Overlap detected: Fish 4 ↔ Fish 5 [frame 5274] IoU=0.09
  Overlap detected: Fish 4 ↔ Fish 5 [frame 5275] IoU=0.09
  Fish 4 ↔ Fish 5: crossing resolved, no swap needed
  Overlap detected: Fish 4 ↔ Fish 5 [frame 5276] IoU=0.08
  Overlap detected: Fish 4 ↔ Fish 5 [frame 5277] IoU=0.08
  Overlap detected: Fish 4 ↔ Fish 5 [frame 5278] IoU=0.09
  Overlap detected: Fish 4 ↔ Fish 5 [frame 5279] IoU=0.10
  Overlap detected: Fish 4 ↔ Fish 5 [frame 5280] IoU=0.07
  Frame 5280/11769 | second 88
  Overlap detected: Fish 4 ↔ Fish 5 [frame 5281] IoU=0.04
  Frame 5310/11769 | second 88
  Overlap detected: Fish 4 ↔ Fish 5 [frame 5316] IoU=0.01
  Overlap detected: Fish 4 ↔ Fish 5 [frame 5317] IoU=0.02
  Overlap detected: Fish 4 ↔ Fish 5 [frame 5318] IoU=0.02
  Overlap detected: Fish 4 ↔ Fish 5 [frame 5319] IoU=0.01
  Overlap detected: Fish 4 ↔ Fish 5 [frame 5320] IoU=0.00
  Overlap detected: Fish 4 ↔ Fish 5 [frame 5323] IoU=0.01
  Overlap detected: Fish 4 ↔ Fish 5 [frame 5324] IoU=0.01
  Overlap detected: Fish 4 ↔ Fish 5 [frame 5325] IoU=0.00
  Overlap detected: Fish 2 ↔ Fish 3 [frame 5326] IoU=0.00
  Overlap detected: Fish 2 ↔ Fish 3 [frame 5331] IoU=0.02
  Overlap detected: Fish 2 ↔ Fish 3 [frame 5332] IoU=0.02
  Overlap detected: Fish 2 ↔ Fish 3 [frame 5333] IoU=0.03
  Overlap detected: Fish 2 ↔ Fish 3 [frame 5334] IoU=0.11
  Overlap detected: Fish 2 ↔ Fish 3 [frame 5335] IoU=0.34
  Crossing started: Fish 2 ↔ Fish 3 [frame 5335]
  Overlap detected: Fish 2 ↔ Fish 3 [frame 5336] IoU=0.20
  Overlap detected: Fish 2 ↔ Fish 3 [frame 5337] IoU=0.28
  Overlap detected: Fish 2 ↔ Fish 3 [frame 5338] IoU=0.28
  Overlap detected: Fish 2 ↔ Fish 3 [frame 5339] IoU=0.28
  Fish 3 recovered after 3 missing frames
  Overlap detected: Fish 2 ↔ Fish 3 [frame 5340] IoU=0.44
  Frame 5340/11769 | second 89
  Overlap detected: Fish 2 ↔ Fish 3 [frame 5341] IoU=0.44
  Overlap detected: Fish 2 ↔ Fish 3 [frame 5342] IoU=0.16
  Overlap detected: Fish 2 ↔ Fish 3 [frame 5343] IoU=0.07
  Fish 2 ↔ Fish 3: crossing resolved, no swap needed
  Overlap detected: Fish 2 ↔ Fish 3 [frame 5344] IoU=0.10
  Overlap detected: Fish 2 ↔ Fish 3 [frame 5345] IoU=0.09
  Overlap detected: Fish 2 ↔ Fish 3 [frame 5346] IoU=0.08
  Overlap detected: Fish 2 ↔ Fish 3 [frame 5347] IoU=0.07
  Overlap detected: Fish 2 ↔ Fish 3 [frame 5348] IoU=0.10
  Overlap detected: Fish 2 ↔ Fish 3 [frame 5349] IoU=0.47
  Crossing started: Fish 2 ↔ Fish 3 [frame 5349]
  Overlap detected: Fish 2 ↔ Fish 3 [frame 5350] IoU=0.17
  Overlap detected: Fish 2 ↔ Fish 3 [frame 5351] IoU=0.08
  Overlap detected: Fish 2 ↔ Fish 3 [frame 5352] IoU=0.08
  Fish 2 ↔ Fish 3: IDs swapped back after crossing
  Overlap detected: Fish 2 ↔ Fish 3 [frame 5353] IoU=0.03
  Crossing started: Fish 4 ↔ Fish 5 [frame 5353]
  Overlap detected: Fish 2 ↔ Fish 3 [frame 5354] IoU=0.06
  Overlap detected: Fish 2 ↔ Fish 3 [frame 5355] IoU=0.12
  Overlap detected: Fish 4 ↔ Fish 5 [frame 5355] IoU=0.00
  Overlap detected: Fish 2 ↔ Fish 3 [frame 5356] IoU=0.02
  Overlap detected: Fish 4 ↔ Fish 5 [frame 5356] IoU=0.00
  Overlap detected: Fish 2 ↔ Fish 3 [frame 5357] IoU=0.00
  Overlap detected: Fish 2 ↔ Fish 3 [frame 5358] IoU=0.30
  Overlap detected: Fish 4 ↔ Fish 5 [frame 5358] IoU=0.00
  Overlap detected: Fish 2 ↔ Fish 3 [frame 5359] IoU=0.44
  Crossing started: Fish 2 ↔ Fish 3 [frame 5359]
  Overlap detected: Fish 4 ↔ Fish 5 [frame 5359] IoU=0.01
  Overlap detected: Fish 2 ↔ Fish 3 [frame 5360] IoU=0.02
  Fish 2 ↔ Fish 3: crossing resolved, no swap needed
  Overlap detected: Fish 2 ↔ Fish 3 [frame 5361] IoU=0.01
  Overlap detected: Fish 4 ↔ Fish 5 [frame 5362] IoU=0.01
  Overlap detected: Fish 4 ↔ Fish 5 [frame 5363] IoU=0.02
  Overlap detected: Fish 4 ↔ Fish 5 [frame 5364] IoU=0.00
  Overlap detected: Fish 4 ↔ Fish 5 [frame 5365] IoU=0.01
  Fish 4 ↔ Fish 5: crossing resolved, no swap needed
  Overlap detected: Fish 4 ↔ Fish 5 [frame 5370] IoU=0.01
  Frame 5370/11769 | second 89
  Overlap detected: Fish 4 ↔ Fish 5 [frame 5371] IoU=0.00
  Frame 5400/11769 | second 90
  Frame 5430/11769 | second 90
  Fish 3 recovered after 3 missing frames
  Fish 3 recovered after 1 missing frames
  Frame 5460/11769 | second 91
  Overlap detected: Fish 1 ↔ Fish 4 [frame 5469] IoU=0.00
  Overlap detected: Fish 1 ↔ Fish 4 [frame 5472] IoU=0.01
  Overlap detected: Fish 1 ↔ Fish 4 [frame 5473] IoU=0.04
  Overlap detected: Fish 1 ↔ Fish 4 [frame 5474] IoU=0.05
  Overlap detected: Fish 1 ↔ Fish 4 [frame 5475] IoU=0.03
  Overlap detected: Fish 1 ↔ Fish 4 [frame 5476] IoU=0.03
  Overlap detected: Fish 1 ↔ Fish 4 [frame 5477] IoU=0.03
  Overlap detected: Fish 1 ↔ Fish 4 [frame 5478] IoU=0.02
  Overlap detected: Fish 1 ↔ Fish 4 [frame 5479] IoU=0.04
  Overlap detected: Fish 1 ↔ Fish 4 [frame 5480] IoU=0.09
  Overlap detected: Fish 1 ↔ Fish 4 [frame 5481] IoU=0.10
  Crossing started: Fish 1 ↔ Fish 4 [frame 5481]
  Overlap detected: Fish 1 ↔ Fish 4 [frame 5482] IoU=0.10
  Overlap detected: Fish 1 ↔ Fish 4 [frame 5483] IoU=0.15
  Overlap detected: Fish 1 ↔ Fish 4 [frame 5484] IoU=0.15
  Overlap detected: Fish 1 ↔ Fish 4 [frame 5485] IoU=0.16
  Overlap detected: Fish 1 ↔ Fish 4 [frame 5486] IoU=0.16
  Overlap detected: Fish 1 ↔ Fish 4 [frame 5487] IoU=0.15
  Overlap detected: Fish 1 ↔ Fish 4 [frame 5488] IoU=0.15
  Overlap detected: Fish 1 ↔ Fish 4 [frame 5489] IoU=0.17
  Overlap detected: Fish 1 ↔ Fish 4 [frame 5490] IoU=0.18
  Frame 5490/11769 | second 91
  Overlap detected: Fish 1 ↔ Fish 4 [frame 5491] IoU=0.18
  Overlap detected: Fish 1 ↔ Fish 4 [frame 5492] IoU=0.16
  Overlap detected: Fish 1 ↔ Fish 4 [frame 5493] IoU=0.21
  Overlap detected: Fish 1 ↔ Fish 4 [frame 5494] IoU=0.19
  Overlap detected: Fish 1 ↔ Fish 4 [frame 5495] IoU=0.20
  Overlap detected: Fish 1 ↔ Fish 4 [frame 5496] IoU=0.20
  Overlap detected: Fish 1 ↔ Fish 4 [frame 5497] IoU=0.17
  Overlap detected: Fish 1 ↔ Fish 4 [frame 5498] IoU=0.18
  Overlap detected: Fish 1 ↔ Fish 4 [frame 5499] IoU=0.11
  Overlap detected: Fish 1 ↔ Fish 4 [frame 5500] IoU=0.10
  Overlap detected: Fish 1 ↔ Fish 4 [frame 5501] IoU=0.18
  Overlap detected: Fish 1 ↔ Fish 4 [frame 5502] IoU=0.21
  Overlap detected: Fish 1 ↔ Fish 4 [frame 5503] IoU=0.19
  Overlap detected: Fish 1 ↔ Fish 4 [frame 5504] IoU=0.16
  Fish 1 recovered after 24 missing frames
  Overlap detected: Fish 1 ↔ Fish 4 [frame 5505] IoU=0.45
  Overlap detected: Fish 1 ↔ Fish 4 [frame 5506] IoU=0.77
  Fish 4 recovered after 1 missing frames
  Overlap detected: Fish 1 ↔ Fish 4 [frame 5507] IoU=0.23
  Overlap detected: Fish 1 ↔ Fish 4 [frame 5508] IoU=0.05
  Overlap detected: Fish 1 ↔ Fish 4 [frame 5509] IoU=0.07
  Overlap detected: Fish 1 ↔ Fish 4 [frame 5510] IoU=0.03
  Overlap detected: Fish 1 ↔ Fish 4 [frame 5511] IoU=0.17
  Overlap detected: Fish 1 ↔ Fish 4 [frame 5512] IoU=0.14
  Overlap detected: Fish 1 ↔ Fish 4 [frame 5513] IoU=0.01
  Overlap detected: Fish 1 ↔ Fish 4 [frame 5514] IoU=0.03
  Overlap detected: Fish 1 ↔ Fish 4 [frame 5515] IoU=0.00
  Fish 1 ↔ Fish 4: crossing resolved, no swap needed
  Frame 5520/11769 | second 92
  Frame 5550/11769 | second 92
  Overlap detected: Fish 2 ↔ Fish 4 [frame 5563] IoU=0.05
  Overlap detected: Fish 2 ↔ Fish 4 [frame 5564] IoU=0.12
  Overlap detected: Fish 2 ↔ Fish 4 [frame 5565] IoU=0.15
  Overlap detected: Fish 2 ↔ Fish 4 [frame 5566] IoU=0.13
  Crossing started: Fish 2 ↔ Fish 4 [frame 5566]
  Overlap detected: Fish 2 ↔ Fish 4 [frame 5567] IoU=0.14
  Overlap detected: Fish 2 ↔ Fish 4 [frame 5568] IoU=0.46
  Overlap detected: Fish 2 ↔ Fish 4 [frame 5569] IoU=0.38
  Overlap detected: Fish 2 ↔ Fish 4 [frame 5570] IoU=0.28
  Overlap detected: Fish 2 ↔ Fish 4 [frame 5571] IoU=0.27
  Overlap detected: Fish 2 ↔ Fish 4 [frame 5572] IoU=0.29
  Overlap detected: Fish 2 ↔ Fish 4 [frame 5573] IoU=0.50
  Overlap detected: Fish 2 ↔ Fish 4 [frame 5574] IoU=0.57
  Fish 4 recovered after 1 missing frames
  Overlap detected: Fish 2 ↔ Fish 4 [frame 5575] IoU=0.89
  Overlap detected: Fish 2 ↔ Fish 4 [frame 5576] IoU=0.78
  Fish 2 recovered after 2 missing frames
  Overlap detected: Fish 2 ↔ Fish 4 [frame 5577] IoU=0.86
  Overlap detected: Fish 2 ↔ Fish 4 [frame 5578] IoU=0.78
  Overlap detected: Fish 2 ↔ Fish 4 [frame 5579] IoU=0.68
  Overlap detected: Fish 2 ↔ Fish 4 [frame 5580] IoU=0.63
  Frame 5580/11769 | second 93
  Overlap detected: Fish 2 ↔ Fish 4 [frame 5581] IoU=0.54
  Overlap detected: Fish 2 ↔ Fish 4 [frame 5582] IoU=0.50
  Overlap detected: Fish 2 ↔ Fish 4 [frame 5583] IoU=0.49
  Fish 4 recovered after 7 missing frames
  Fish 2 ↔ Fish 4: crossing resolved, no swap needed
  Fish 3 recovered after 1 missing frames
  Fish 2 recovered after 20 missing frames
  Overlap detected: Fish 2 ↔ Fish 4 [frame 5605] IoU=0.14
  Crossing started: Fish 2 ↔ Fish 4 [frame 5605]
  Overlap detected: Fish 2 ↔ Fish 4 [frame 5606] IoU=0.13
  Overlap detected: Fish 2 ↔ Fish 4 [frame 5607] IoU=0.05
  Overlap detected: Fish 2 ↔ Fish 4 [frame 5608] IoU=0.06
  Overlap detected: Fish 2 ↔ Fish 4 [frame 5609] IoU=0.09
  Overlap detected: Fish 2 ↔ Fish 4 [frame 5610] IoU=0.04
  Frame 5610/11769 | second 93
  Overlap detected: Fish 2 ↔ Fish 4 [frame 5611] IoU=0.01
  Fish 2 ↔ Fish 4: crossing resolved, no swap needed
  Overlap detected: Fish 2 ↔ Fish 4 [frame 5612] IoU=0.02
  Crossing started: Fish 2 ↔ Fish 4 [frame 5612]
  Overlap detected: Fish 2 ↔ Fish 4 [frame 5613] IoU=0.02
  Overlap detected: Fish 2 ↔ Fish 4 [frame 5614] IoU=0.02
  Overlap detected: Fish 2 ↔ Fish 4 [frame 5615] IoU=0.04
  Overlap detected: Fish 2 ↔ Fish 4 [frame 5616] IoU=0.04
  Overlap detected: Fish 2 ↔ Fish 4 [frame 5617] IoU=0.05
  Overlap detected: Fish 2 ↔ Fish 4 [frame 5618] IoU=0.04
  Overlap detected: Fish 2 ↔ Fish 4 [frame 5619] IoU=0.02
  Overlap detected: Fish 2 ↔ Fish 4 [frame 5620] IoU=0.01
  Overlap detected: Fish 2 ↔ Fish 4 [frame 5621] IoU=0.07
  Overlap detected: Fish 2 ↔ Fish 4 [frame 5622] IoU=0.07
  Overlap detected: Fish 2 ↔ Fish 4 [frame 5623] IoU=0.04
  Overlap detected: Fish 2 ↔ Fish 4 [frame 5624] IoU=0.03
  Overlap detected: Fish 2 ↔ Fish 4 [frame 5625] IoU=0.07
  Overlap detected: Fish 2 ↔ Fish 4 [frame 5626] IoU=0.09
  Overlap detected: Fish 2 ↔ Fish 4 [frame 5627] IoU=0.10
  Overlap detected: Fish 2 ↔ Fish 4 [frame 5628] IoU=0.26
  Overlap detected: Fish 2 ↔ Fish 4 [frame 5629] IoU=0.38
  Overlap detected: Fish 2 ↔ Fish 4 [frame 5630] IoU=0.37
  Overlap detected: Fish 2 ↔ Fish 4 [frame 5631] IoU=0.50
  Overlap detected: Fish 2 ↔ Fish 4 [frame 5632] IoU=0.10
  Overlap detected: Fish 2 ↔ Fish 4 [frame 5633] IoU=0.03
  Fish 2 ↔ Fish 4: crossing resolved, no swap needed
  Overlap detected: Fish 2 ↔ Fish 4 [frame 5634] IoU=0.02
  Overlap detected: Fish 2 ↔ Fish 4 [frame 5635] IoU=0.02
  Overlap detected: Fish 2 ↔ Fish 4 [frame 5636] IoU=0.00
  Overlap detected: Fish 2 ↔ Fish 4 [frame 5639] IoU=0.00
  Frame 5640/11769 | second 94
  Overlap detected: Fish 2 ↔ Fish 4 [frame 5643] IoU=0.01
  Overlap detected: Fish 2 ↔ Fish 4 [frame 5644] IoU=0.03
  Overlap detected: Fish 2 ↔ Fish 4 [frame 5645] IoU=0.03
  Overlap detected: Fish 2 ↔ Fish 4 [frame 5646] IoU=0.04
  Overlap detected: Fish 2 ↔ Fish 4 [frame 5647] IoU=0.04
  Overlap detected: Fish 2 ↔ Fish 4 [frame 5648] IoU=0.08
  Overlap detected: Fish 2 ↔ Fish 4 [frame 5649] IoU=0.07
  Overlap detected: Fish 2 ↔ Fish 4 [frame 5650] IoU=0.08
  Overlap detected: Fish 2 ↔ Fish 4 [frame 5651] IoU=0.11
  Crossing started: Fish 2 ↔ Fish 4 [frame 5651]
  Overlap detected: Fish 2 ↔ Fish 4 [frame 5652] IoU=0.14
  Overlap detected: Fish 2 ↔ Fish 4 [frame 5653] IoU=0.42
  Overlap detected: Fish 2 ↔ Fish 4 [frame 5654] IoU=0.28
  Overlap detected: Fish 2 ↔ Fish 4 [frame 5655] IoU=0.28
  Overlap detected: Fish 2 ↔ Fish 4 [frame 5656] IoU=0.31
  Overlap detected: Fish 2 ↔ Fish 4 [frame 5657] IoU=0.12
  Overlap detected: Fish 2 ↔ Fish 4 [frame 5658] IoU=0.28
  Overlap detected: Fish 2 ↔ Fish 4 [frame 5659] IoU=0.16
  Overlap detected: Fish 2 ↔ Fish 4 [frame 5660] IoU=0.19
  Overlap detected: Fish 2 ↔ Fish 4 [frame 5661] IoU=0.13
  Overlap detected: Fish 2 ↔ Fish 4 [frame 5662] IoU=0.16
  Overlap detected: Fish 2 ↔ Fish 4 [frame 5663] IoU=0.18
  Overlap detected: Fish 2 ↔ Fish 4 [frame 5664] IoU=0.15
  Overlap detected: Fish 2 ↔ Fish 4 [frame 5665] IoU=0.16
  Overlap detected: Fish 2 ↔ Fish 4 [frame 5666] IoU=0.12
  Overlap detected: Fish 2 ↔ Fish 4 [frame 5667] IoU=0.10
  Overlap detected: Fish 2 ↔ Fish 4 [frame 5668] IoU=0.12
  Overlap detected: Fish 2 ↔ Fish 4 [frame 5669] IoU=0.12
  Overlap detected: Fish 2 ↔ Fish 4 [frame 5670] IoU=0.03
  Frame 5670/11769 | second 94
  Frame 5700/11769 | second 95
  Frame 5730/11769 | second 95
  Fish 5 recovered after 1 missing frames
  Overlap detected: Fish 1 ↔ Fish 3 [frame 5749] IoU=0.01
  Overlap detected: Fish 1 ↔ Fish 3 [frame 5750] IoU=0.02
  Overlap detected: Fish 1 ↔ Fish 3 [frame 5751] IoU=0.02
  Overlap detected: Fish 1 ↔ Fish 3 [frame 5752] IoU=0.03
  Overlap detected: Fish 1 ↔ Fish 3 [frame 5753] IoU=0.03
  Overlap detected: Fish 1 ↔ Fish 3 [frame 5754] IoU=0.02
  Overlap detected: Fish 1 ↔ Fish 3 [frame 5755] IoU=0.00
  Overlap detected: Fish 1 ↔ Fish 3 [frame 5756] IoU=0.01
  Crossing started: Fish 1 ↔ Fish 3 [frame 5756]
  Fish 1 recovered after 3 missing frames
  Overlap detected: Fish 1 ↔ Fish 3 [frame 5757] IoU=0.01
  Fish 1 ↔ Fish 3: crossing resolved, no swap needed
  Overlap detected: Fish 1 ↔ Fish 3 [frame 5758] IoU=0.00
  Frame 5760/11769 | second 96
  Fish 1 recovered after 3 missing frames
  Fish 4 recovered after 1 missing frames
  Fish 4 recovered after 1 missing frames
  Frame 5790/11769 | second 96
  Overlap detected: Fish 2 ↔ Fish 3 [frame 5794] IoU=0.05
  Overlap detected: Fish 2 ↔ Fish 3 [frame 5795] IoU=0.09
  Overlap detected: Fish 2 ↔ Fish 3 [frame 5797] IoU=0.08
  Fish 4 recovered after 8 missing frames
  Overlap detected: Fish 2 ↔ Fish 3 [frame 5798] IoU=0.10
  Overlap detected: Fish 2 ↔ Fish 3 [frame 5799] IoU=0.09
  Overlap detected: Fish 2 ↔ Fish 3 [frame 5800] IoU=0.11
  Overlap detected: Fish 2 ↔ Fish 3 [frame 5801] IoU=0.12
  Fish 4 recovered after 3 missing frames
  Overlap detected: Fish 2 ↔ Fish 3 [frame 5802] IoU=0.20
  Overlap detected: Fish 2 ↔ Fish 3 [frame 5803] IoU=0.12
  Overlap detected: Fish 2 ↔ Fish 3 [frame 5804] IoU=0.10
  Overlap detected: Fish 2 ↔ Fish 3 [frame 5805] IoU=0.12
  Overlap detected: Fish 2 ↔ Fish 3 [frame 5806] IoU=0.05
  Overlap detected: Fish 2 ↔ Fish 3 [frame 5807] IoU=0.05
  Crossing started: Fish 2 ↔ Fish 3 [frame 5807]
  Overlap detected: Fish 1 ↔ Fish 2 [frame 5808] IoU=0.00
  Overlap detected: Fish 2 ↔ Fish 3 [frame 5808] IoU=0.06
  Overlap detected: Fish 1 ↔ Fish 2 [frame 5809] IoU=0.03
  Overlap detected: Fish 2 ↔ Fish 3 [frame 5809] IoU=0.10
  Overlap detected: Fish 1 ↔ Fish 2 [frame 5810] IoU=0.03
  Overlap detected: Fish 2 ↔ Fish 3 [frame 5810] IoU=0.04
  Overlap detected: Fish 1 ↔ Fish 2 [frame 5811] IoU=0.06
  Overlap detected: Fish 2 ↔ Fish 3 [frame 5811] IoU=0.04
  Overlap detected: Fish 1 ↔ Fish 2 [frame 5812] IoU=0.08
  Overlap detected: Fish 1 ↔ Fish 2 [frame 5813] IoU=0.08
  Overlap detected: Fish 1 ↔ Fish 2 [frame 5814] IoU=0.07
  Overlap detected: Fish 1 ↔ Fish 2 [frame 5815] IoU=0.08
  Overlap detected: Fish 1 ↔ Fish 2 [frame 5816] IoU=0.10
  Fish 2 ↔ Fish 3: crossing resolved, no swap needed
  Overlap detected: Fish 1 ↔ Fish 2 [frame 5817] IoU=0.07
  Overlap detected: Fish 1 ↔ Fish 2 [frame 5818] IoU=0.06
  Overlap detected: Fish 1 ↔ Fish 2 [frame 5819] IoU=0.08
  Overlap detected: Fish 1 ↔ Fish 2 [frame 5820] IoU=0.08
  Frame 5820/11769 | second 97
  Overlap detected: Fish 1 ↔ Fish 2 [frame 5821] IoU=0.09
  Overlap detected: Fish 1 ↔ Fish 2 [frame 5822] IoU=0.09
  Overlap detected: Fish 1 ↔ Fish 2 [frame 5823] IoU=0.09
  Overlap detected: Fish 1 ↔ Fish 2 [frame 5824] IoU=0.09
  Overlap detected: Fish 1 ↔ Fish 2 [frame 5825] IoU=0.08
  Overlap detected: Fish 1 ↔ Fish 2 [frame 5826] IoU=0.07
  Overlap detected: Fish 1 ↔ Fish 2 [frame 5827] IoU=0.07
  Overlap detected: Fish 1 ↔ Fish 2 [frame 5828] IoU=0.08
  Crossing started: Fish 1 ↔ Fish 2 [frame 5828]
  Overlap detected: Fish 1 ↔ Fish 2 [frame 5829] IoU=0.12
  Overlap detected: Fish 1 ↔ Fish 2 [frame 5830] IoU=0.17
  Overlap detected: Fish 1 ↔ Fish 2 [frame 5831] IoU=0.15
  Overlap detected: Fish 1 ↔ Fish 2 [frame 5832] IoU=0.05
  Overlap detected: Fish 1 ↔ Fish 2 [frame 5833] IoU=0.08
  Overlap detected: Fish 1 ↔ Fish 2 [frame 5834] IoU=0.14
  Overlap detected: Fish 1 ↔ Fish 2 [frame 5835] IoU=0.34
  Overlap detected: Fish 1 ↔ Fish 2 [frame 5836] IoU=0.14
  Overlap detected: Fish 1 ↔ Fish 2 [frame 5837] IoU=0.10
  Overlap detected: Fish 1 ↔ Fish 2 [frame 5838] IoU=0.06
  Fish 1 ↔ Fish 2: crossing resolved, no swap needed
  Overlap detected: Fish 1 ↔ Fish 2 [frame 5839] IoU=0.02
  Overlap detected: Fish 1 ↔ Fish 2 [frame 5840] IoU=0.01
  Overlap detected: Fish 1 ↔ Fish 2 [frame 5841] IoU=0.00
  Frame 5850/11769 | second 97
  Overlap detected: Fish 2 ↔ Fish 3 [frame 5866] IoU=0.00
  Overlap detected: Fish 4 ↔ Fish 5 [frame 5879] IoU=0.01
  Overlap detected: Fish 4 ↔ Fish 5 [frame 5880] IoU=0.03
  Frame 5880/11769 | second 98
  Overlap detected: Fish 4 ↔ Fish 5 [frame 5881] IoU=0.06
  Overlap detected: Fish 4 ↔ Fish 5 [frame 5882] IoU=0.06
  Overlap detected: Fish 4 ↔ Fish 5 [frame 5883] IoU=0.05
  Overlap detected: Fish 4 ↔ Fish 5 [frame 5884] IoU=0.08
  Crossing started: Fish 4 ↔ Fish 5 [frame 5884]
  Overlap detected: Fish 4 ↔ Fish 5 [frame 5885] IoU=0.12
  Overlap detected: Fish 4 ↔ Fish 5 [frame 5886] IoU=0.08
  Overlap detected: Fish 4 ↔ Fish 5 [frame 5887] IoU=0.21
  Overlap detected: Fish 4 ↔ Fish 5 [frame 5888] IoU=0.25
  Overlap detected: Fish 4 ↔ Fish 5 [frame 5889] IoU=0.22
  Overlap detected: Fish 4 ↔ Fish 5 [frame 5890] IoU=0.20
  Overlap detected: Fish 4 ↔ Fish 5 [frame 5891] IoU=0.18
  Overlap detected: Fish 4 ↔ Fish 5 [frame 5892] IoU=0.20
  Overlap detected: Fish 4 ↔ Fish 5 [frame 5893] IoU=0.21
  Fish 2 recovered after 4 missing frames
  Fish 3 recovered after 4 missing frames
  Overlap detected: Fish 4 ↔ Fish 5 [frame 5894] IoU=0.18
  Overlap detected: Fish 4 ↔ Fish 5 [frame 5895] IoU=0.17
  Overlap detected: Fish 4 ↔ Fish 5 [frame 5896] IoU=0.18
  Overlap detected: Fish 4 ↔ Fish 5 [frame 5897] IoU=0.14
  Overlap detected: Fish 4 ↔ Fish 5 [frame 5898] IoU=0.14
  Overlap detected: Fish 4 ↔ Fish 5 [frame 5899] IoU=0.12
  Overlap detected: Fish 4 ↔ Fish 5 [frame 5900] IoU=0.13
  Overlap detected: Fish 4 ↔ Fish 5 [frame 5901] IoU=0.12
  Fish 4 ↔ Fish 5: crossing resolved, no swap needed
  Overlap detected: Fish 4 ↔ Fish 5 [frame 5902] IoU=0.12
  Overlap detected: Fish 4 ↔ Fish 5 [frame 5903] IoU=0.12
  Overlap detected: Fish 4 ↔ Fish 5 [frame 5904] IoU=0.11
  Overlap detected: Fish 4 ↔ Fish 5 [frame 5905] IoU=0.10
  Overlap detected: Fish 4 ↔ Fish 5 [frame 5906] IoU=0.10
  Overlap detected: Fish 4 ↔ Fish 5 [frame 5907] IoU=0.09
  Overlap detected: Fish 4 ↔ Fish 5 [frame 5908] IoU=0.09
  Fish 4 recovered after 21 missing frames
  Overlap detected: Fish 4 ↔ Fish 5 [frame 5909] IoU=0.04
  Frame 5910/11769 | second 98
  Overlap detected: Fish 1 ↔ Fish 2 [frame 5916] IoU=0.00
  Overlap detected: Fish 1 ↔ Fish 2 [frame 5917] IoU=0.01
  Overlap detected: Fish 1 ↔ Fish 2 [frame 5918] IoU=0.01
  Overlap detected: Fish 1 ↔ Fish 2 [frame 5919] IoU=0.02
  Overlap detected: Fish 1 ↔ Fish 2 [frame 5920] IoU=0.01
  Overlap detected: Fish 1 ↔ Fish 2 [frame 5921] IoU=0.02
  Overlap detected: Fish 1 ↔ Fish 2 [frame 5922] IoU=0.02
  Overlap detected: Fish 1 ↔ Fish 2 [frame 5923] IoU=0.02
  Overlap detected: Fish 1 ↔ Fish 2 [frame 5924] IoU=0.02
  Overlap detected: Fish 1 ↔ Fish 2 [frame 5925] IoU=0.02
  Overlap detected: Fish 1 ↔ Fish 2 [frame 5926] IoU=0.02
  Overlap detected: Fish 1 ↔ Fish 2 [frame 5927] IoU=0.01
  Overlap detected: Fish 1 ↔ Fish 2 [frame 5928] IoU=0.01
  Overlap detected: Fish 1 ↔ Fish 2 [frame 5929] IoU=0.01
  Overlap detected: Fish 1 ↔ Fish 2 [frame 5930] IoU=0.00
  Overlap detected: Fish 1 ↔ Fish 2 [frame 5932] IoU=0.00
  Frame 5940/11769 | second 99
  Frame 5970/11769 | second 99
  Frame 6000/11769 | second 100
  Overlap detected: Fish 4 ↔ Fish 5 [frame 6027] IoU=0.00
  Overlap detected: Fish 4 ↔ Fish 5 [frame 6028] IoU=0.01
  Overlap detected: Fish 4 ↔ Fish 5 [frame 6029] IoU=0.02
  Overlap detected: Fish 4 ↔ Fish 5 [frame 6030] IoU=0.03
  Frame 6030/11769 | second 100
  Overlap detected: Fish 4 ↔ Fish 5 [frame 6031] IoU=0.03
  Overlap detected: Fish 4 ↔ Fish 5 [frame 6032] IoU=0.06
  Overlap detected: Fish 4 ↔ Fish 5 [frame 6033] IoU=0.07
  Overlap detected: Fish 4 ↔ Fish 5 [frame 6034] IoU=0.06
  Overlap detected: Fish 3 ↔ Fish 5 [frame 6035] IoU=0.00
  Overlap detected: Fish 4 ↔ Fish 5 [frame 6035] IoU=0.09
  Overlap detected: Fish 4 ↔ Fish 5 [frame 6036] IoU=0.07
  Overlap detected: Fish 3 ↔ Fish 5 [frame 6037] IoU=0.01
  Overlap detected: Fish 3 ↔ Fish 5 [frame 6038] IoU=0.02
  Overlap detected: Fish 3 ↔ Fish 5 [frame 6039] IoU=0.01
  Overlap detected: Fish 3 ↔ Fish 5 [frame 6040] IoU=0.09
  Overlap detected: Fish 3 ↔ Fish 5 [frame 6041] IoU=0.09
  Overlap detected: Fish 3 ↔ Fish 5 [frame 6042] IoU=0.05
  Overlap detected: Fish 3 ↔ Fish 5 [frame 6043] IoU=0.10
  Overlap detected: Fish 3 ↔ Fish 5 [frame 6044] IoU=0.13
  Overlap detected: Fish 3 ↔ Fish 5 [frame 6045] IoU=0.12
  Overlap detected: Fish 3 ↔ Fish 5 [frame 6046] IoU=0.08
  Overlap detected: Fish 3 ↔ Fish 5 [frame 6047] IoU=0.11
  Overlap detected: Fish 3 ↔ Fish 5 [frame 6048] IoU=0.11
  Overlap detected: Fish 3 ↔ Fish 5 [frame 6049] IoU=0.10
  Overlap detected: Fish 3 ↔ Fish 5 [frame 6050] IoU=0.11
  Overlap detected: Fish 3 ↔ Fish 5 [frame 6051] IoU=0.11
  Overlap detected: Fish 3 ↔ Fish 5 [frame 6052] IoU=0.10
  Overlap detected: Fish 3 ↔ Fish 5 [frame 6053] IoU=0.08
  Overlap detected: Fish 3 ↔ Fish 5 [frame 6054] IoU=0.07
  Overlap detected: Fish 3 ↔ Fish 5 [frame 6055] IoU=0.05
  Overlap detected: Fish 3 ↔ Fish 5 [frame 6056] IoU=0.05
  Overlap detected: Fish 3 ↔ Fish 5 [frame 6057] IoU=0.06
  Overlap detected: Fish 3 ↔ Fish 5 [frame 6058] IoU=0.06
  Overlap detected: Fish 3 ↔ Fish 5 [frame 6059] IoU=0.05
  Overlap detected: Fish 3 ↔ Fish 5 [frame 6060] IoU=0.02
  Frame 6060/11769 | second 101
  Overlap detected: Fish 3 ↔ Fish 5 [frame 6061] IoU=0.02
  Overlap detected: Fish 3 ↔ Fish 5 [frame 6062] IoU=0.03
  Overlap detected: Fish 3 ↔ Fish 5 [frame 6063] IoU=0.02
  Overlap detected: Fish 3 ↔ Fish 5 [frame 6064] IoU=0.02
  Overlap detected: Fish 3 ↔ Fish 5 [frame 6065] IoU=0.03
  Overlap detected: Fish 3 ↔ Fish 5 [frame 6066] IoU=0.02
  Overlap detected: Fish 3 ↔ Fish 5 [frame 6067] IoU=0.02
  Overlap detected: Fish 2 ↔ Fish 4 [frame 6068] IoU=0.07
  Crossing started: Fish 2 ↔ Fish 4 [frame 6068]
  Overlap detected: Fish 3 ↔ Fish 5 [frame 6068] IoU=0.02
  Overlap detected: Fish 2 ↔ Fish 4 [frame 6069] IoU=0.16
  Overlap detected: Fish 3 ↔ Fish 5 [frame 6069] IoU=0.02
  Overlap detected: Fish 2 ↔ Fish 4 [frame 6070] IoU=0.08
  Overlap detected: Fish 3 ↔ Fish 5 [frame 6070] IoU=0.01
  Overlap detected: Fish 2 ↔ Fish 4 [frame 6071] IoU=0.42
  Overlap detected: Fish 3 ↔ Fish 5 [frame 6071] IoU=0.02
  Overlap detected: Fish 2 ↔ Fish 4 [frame 6072] IoU=0.35
  Overlap detected: Fish 3 ↔ Fish 5 [frame 6072] IoU=0.01
  Overlap detected: Fish 2 ↔ Fish 4 [frame 6073] IoU=0.31
  Overlap detected: Fish 2 ↔ Fish 4 [frame 6074] IoU=0.30
  Overlap detected: Fish 2 ↔ Fish 4 [frame 6075] IoU=0.32
  Overlap detected: Fish 2 ↔ Fish 4 [frame 6076] IoU=0.35
  Overlap detected: Fish 2 ↔ Fish 4 [frame 6077] IoU=0.35
  Overlap detected: Fish 2 ↔ Fish 4 [frame 6078] IoU=0.39
  Overlap detected: Fish 2 ↔ Fish 4 [frame 6079] IoU=0.49
  Fish 4 recovered after 9 missing frames
  Overlap detected: Fish 2 ↔ Fish 4 [frame 6080] IoU=0.48
  Overlap detected: Fish 2 ↔ Fish 4 [frame 6081] IoU=0.27
  Overlap detected: Fish 2 ↔ Fish 4 [frame 6082] IoU=0.07
  Overlap detected: Fish 2 ↔ Fish 4 [frame 6083] IoU=0.07
  Overlap detected: Fish 2 ↔ Fish 4 [frame 6084] IoU=0.05
  Fish 2 ↔ Fish 4: IDs swapped back after crossing
  Overlap detected: Fish 2 ↔ Fish 4 [frame 6085] IoU=0.03
  Overlap detected: Fish 2 ↔ Fish 4 [frame 6086] IoU=0.01
  Overlap detected: Fish 2 ↔ Fish 4 [frame 6087] IoU=0.01
  Overlap detected: Fish 2 ↔ Fish 4 [frame 6088] IoU=0.01
  Frame 6090/11769 | second 101
  Frame 6120/11769 | second 102
  Frame 6150/11769 | second 102
  Frame 6180/11769 | second 103
  Frame 6210/11769 | second 103
  Overlap detected: Fish 3 ↔ Fish 4 [frame 6217] IoU=0.00
  Overlap detected: Fish 3 ↔ Fish 4 [frame 6218] IoU=0.01
  Crossing started: Fish 3 ↔ Fish 4 [frame 6218]
  Overlap detected: Fish 3 ↔ Fish 4 [frame 6219] IoU=0.07
  Overlap detected: Fish 3 ↔ Fish 4 [frame 6220] IoU=0.17
  Overlap detected: Fish 3 ↔ Fish 4 [frame 6221] IoU=0.18
  Overlap detected: Fish 3 ↔ Fish 4 [frame 6222] IoU=0.19
  Overlap detected: Fish 3 ↔ Fish 4 [frame 6223] IoU=0.18
  Overlap detected: Fish 3 ↔ Fish 4 [frame 6224] IoU=0.16
  Overlap detected: Fish 3 ↔ Fish 4 [frame 6225] IoU=0.14
  Overlap detected: Fish 3 ↔ Fish 4 [frame 6226] IoU=0.02
  Fish 3 ↔ Fish 4: crossing resolved, no swap needed
  Overlap detected: Fish 3 ↔ Fish 4 [frame 6227] IoU=0.02
  Overlap detected: Fish 3 ↔ Fish 4 [frame 6228] IoU=0.02
  Frame 6240/11769 | second 104
  Frame 6270/11769 | second 104
  Overlap detected: Fish 4 ↔ Fish 5 [frame 6277] IoU=0.00
  Overlap detected: Fish 4 ↔ Fish 5 [frame 6278] IoU=0.01
  Crossing started: Fish 1 ↔ Fish 2 [frame 6299]
  Frame 6300/11769 | second 105
  Fish 1 ↔ Fish 2: crossing resolved, no swap needed
  Fish 5 recovered after 11 missing frames
  Overlap detected: Fish 4 ↔ Fish 5 [frame 6330] IoU=0.03
  Frame 6330/11769 | second 105
  Overlap detected: Fish 4 ↔ Fish 5 [frame 6331] IoU=0.01
  Overlap detected: Fish 4 ↔ Fish 5 [frame 6332] IoU=0.00
  Frame 6360/11769 | second 106
  Crossing started: Fish 2 ↔ Fish 3 [frame 6374]
  Overlap detected: Fish 2 ↔ Fish 3 [frame 6388] IoU=0.02
  Overlap detected: Fish 2 ↔ Fish 3 [frame 6389] IoU=0.03
  Frame 6390/11769 | second 106
  Overlap detected: Fish 2 ↔ Fish 3 [frame 6391] IoU=0.01
  Overlap detected: Fish 2 ↔ Fish 3 [frame 6392] IoU=0.06
  Overlap detected: Fish 2 ↔ Fish 3 [frame 6393] IoU=0.09
  Overlap detected: Fish 2 ↔ Fish 3 [frame 6394] IoU=0.46
  Overlap detected: Fish 2 ↔ Fish 3 [frame 6395] IoU=0.41
  Overlap detected: Fish 2 ↔ Fish 3 [frame 6396] IoU=0.42
  Overlap detected: Fish 2 ↔ Fish 3 [frame 6397] IoU=0.63
  Overlap detected: Fish 2 ↔ Fish 3 [frame 6398] IoU=0.68
  Overlap detected: Fish 2 ↔ Fish 3 [frame 6399] IoU=0.63
  Overlap detected: Fish 2 ↔ Fish 3 [frame 6400] IoU=0.60
  Overlap detected: Fish 2 ↔ Fish 3 [frame 6401] IoU=0.58
  Overlap detected: Fish 2 ↔ Fish 3 [frame 6402] IoU=0.58
  Overlap detected: Fish 2 ↔ Fish 3 [frame 6403] IoU=0.61
  Overlap detected: Fish 2 ↔ Fish 3 [frame 6404] IoU=0.56
  Overlap detected: Fish 2 ↔ Fish 3 [frame 6405] IoU=0.54
  Fish 2 recovered after 9 missing frames
  Overlap detected: Fish 2 ↔ Fish 3 [frame 6406] IoU=0.90
  Fish 3 recovered after 1 missing frames
  Overlap detected: Fish 2 ↔ Fish 3 [frame 6407] IoU=0.45
  Fish 2 ↔ Fish 3: crossing resolved, no swap needed
  Overlap detected: Fish 2 ↔ Fish 3 [frame 6409] IoU=0.02
  Overlap detected: Fish 3 ↔ Fish 5 [frame 6409] IoU=0.00
  Overlap detected: Fish 2 ↔ Fish 3 [frame 6410] IoU=0.01
  Overlap detected: Fish 3 ↔ Fish 5 [frame 6410] IoU=0.01
  Overlap detected: Fish 3 ↔ Fish 5 [frame 6412] IoU=0.04
  Overlap detected: Fish 3 ↔ Fish 5 [frame 6413] IoU=0.05
  Overlap detected: Fish 3 ↔ Fish 5 [frame 6414] IoU=0.06
  Overlap detected: Fish 3 ↔ Fish 5 [frame 6415] IoU=0.07
  Overlap detected: Fish 3 ↔ Fish 5 [frame 6416] IoU=0.09
  Overlap detected: Fish 3 ↔ Fish 5 [frame 6417] IoU=0.10
  Overlap detected: Fish 3 ↔ Fish 5 [frame 6418] IoU=0.08
  Overlap detected: Fish 3 ↔ Fish 5 [frame 6419] IoU=0.10
  Overlap detected: Fish 3 ↔ Fish 5 [frame 6420] IoU=0.11
  Frame 6420/11769 | second 107
  Overlap detected: Fish 3 ↔ Fish 5 [frame 6421] IoU=0.11
  Overlap detected: Fish 3 ↔ Fish 5 [frame 6422] IoU=0.12
  Overlap detected: Fish 3 ↔ Fish 5 [frame 6423] IoU=0.13
  Overlap detected: Fish 3 ↔ Fish 5 [frame 6424] IoU=0.12
  Overlap detected: Fish 3 ↔ Fish 5 [frame 6425] IoU=0.11
  Overlap detected: Fish 3 ↔ Fish 5 [frame 6426] IoU=0.09
  Overlap detected: Fish 3 ↔ Fish 5 [frame 6427] IoU=0.07
  Overlap detected: Fish 3 ↔ Fish 5 [frame 6428] IoU=0.11
  Overlap detected: Fish 3 ↔ Fish 5 [frame 6429] IoU=0.07
  Overlap detected: Fish 3 ↔ Fish 5 [frame 6430] IoU=0.05
  Overlap detected: Fish 3 ↔ Fish 5 [frame 6431] IoU=0.02
  Overlap detected: Fish 3 ↔ Fish 5 [frame 6432] IoU=0.02
  Overlap detected: Fish 1 ↔ Fish 5 [frame 6433] IoU=0.02
  Crossing started: Fish 1 ↔ Fish 5 [frame 6433]
  Overlap detected: Fish 3 ↔ Fish 5 [frame 6433] IoU=0.00
  Overlap detected: Fish 1 ↔ Fish 5 [frame 6434] IoU=0.01
  Overlap detected: Fish 3 ↔ Fish 5 [frame 6434] IoU=0.01
  Overlap detected: Fish 1 ↔ Fish 5 [frame 6435] IoU=0.02
  Overlap detected: Fish 1 ↔ Fish 5 [frame 6436] IoU=0.06
  Overlap detected: Fish 1 ↔ Fish 5 [frame 6437] IoU=0.07
  Overlap detected: Fish 1 ↔ Fish 5 [frame 6438] IoU=0.09
  Overlap detected: Fish 1 ↔ Fish 5 [frame 6439] IoU=0.10
  Fish 1 ↔ Fish 5: crossing resolved, no swap needed
  Overlap detected: Fish 1 ↔ Fish 3 [frame 6440] IoU=0.00
  Overlap detected: Fish 1 ↔ Fish 5 [frame 6440] IoU=0.07
  Overlap detected: Fish 1 ↔ Fish 3 [frame 6441] IoU=0.00
  Overlap detected: Fish 1 ↔ Fish 5 [frame 6441] IoU=0.05
  Crossing started: Fish 1 ↔ Fish 3 [frame 6442]
  Overlap detected: Fish 1 ↔ Fish 5 [frame 6442] IoU=0.03
  Overlap detected: Fish 1 ↔ Fish 3 [frame 6443] IoU=0.00
  Overlap detected: Fish 1 ↔ Fish 3 [frame 6444] IoU=0.01
  Overlap detected: Fish 1 ↔ Fish 3 [frame 6445] IoU=0.00
  Fish 1 ↔ Fish 3: crossing resolved, no swap needed
  Frame 6450/11769 | second 107
  Frame 6480/11769 | second 108
  Overlap detected: Fish 1 ↔ Fish 2 [frame 6483] IoU=0.00
  Overlap detected: Fish 1 ↔ Fish 2 [frame 6484] IoU=0.00
  Crossing started: Fish 1 ↔ Fish 2 [frame 6491]
  Overlap detected: Fish 1 ↔ Fish 2 [frame 6493] IoU=0.02
  Overlap detected: Fish 1 ↔ Fish 2 [frame 6494] IoU=0.08
  Overlap detected: Fish 1 ↔ Fish 2 [frame 6495] IoU=0.14
  Overlap detected: Fish 1 ↔ Fish 2 [frame 6496] IoU=0.34
  Overlap detected: Fish 1 ↔ Fish 2 [frame 6497] IoU=0.33
  Overlap detected: Fish 1 ↔ Fish 2 [frame 6498] IoU=0.36
  Overlap detected: Fish 1 ↔ Fish 2 [frame 6499] IoU=0.26
  Overlap detected: Fish 1 ↔ Fish 2 [frame 6500] IoU=0.45
  Overlap detected: Fish 1 ↔ Fish 2 [frame 6501] IoU=0.14
  Overlap detected: Fish 1 ↔ Fish 2 [frame 6502] IoU=0.14
  Overlap detected: Fish 1 ↔ Fish 2 [frame 6503] IoU=0.18
  Fish 1 ↔ Fish 2: crossing resolved, no swap needed
  Overlap detected: Fish 1 ↔ Fish 2 [frame 6504] IoU=0.17
  Overlap detected: Fish 1 ↔ Fish 2 [frame 6505] IoU=0.12
  Overlap detected: Fish 1 ↔ Fish 2 [frame 6506] IoU=0.09
  Overlap detected: Fish 1 ↔ Fish 2 [frame 6507] IoU=0.05
  Overlap detected: Fish 1 ↔ Fish 2 [frame 6508] IoU=0.04
  Overlap detected: Fish 1 ↔ Fish 2 [frame 6509] IoU=0.02
  Overlap detected: Fish 1 ↔ Fish 2 [frame 6510] IoU=0.03
  Frame 6510/11769 | second 108
  Overlap detected: Fish 1 ↔ Fish 2 [frame 6511] IoU=0.02
  Overlap detected: Fish 1 ↔ Fish 2 [frame 6513] IoU=0.01
  Overlap detected: Fish 1 ↔ Fish 2 [frame 6514] IoU=0.00
  Crossing started: Fish 1 ↔ Fish 2 [frame 6526]
  Overlap detected: Fish 1 ↔ Fish 2 [frame 6528] IoU=0.03
  Overlap detected: Fish 1 ↔ Fish 2 [frame 6529] IoU=0.02
  Overlap detected: Fish 1 ↔ Fish 2 [frame 6530] IoU=0.01
  Overlap detected: Fish 1 ↔ Fish 2 [frame 6531] IoU=0.08
  Overlap detected: Fish 1 ↔ Fish 2 [frame 6532] IoU=0.26
  Fish 1 recovered after 1 missing frames
  Overlap detected: Fish 1 ↔ Fish 2 [frame 6533] IoU=0.42
  Overlap detected: Fish 1 ↔ Fish 2 [frame 6534] IoU=0.26
  Overlap detected: Fish 1 ↔ Fish 2 [frame 6535] IoU=0.15
  Overlap detected: Fish 1 ↔ Fish 2 [frame 6536] IoU=0.32
  Overlap detected: Fish 1 ↔ Fish 2 [frame 6537] IoU=0.22
  Overlap detected: Fish 1 ↔ Fish 2 [frame 6538] IoU=0.46
  Overlap detected: Fish 1 ↔ Fish 2 [frame 6539] IoU=0.08
  Overlap detected: Fish 1 ↔ Fish 2 [frame 6540] IoU=0.06
  Frame 6540/11769 | second 109
  Overlap detected: Fish 1 ↔ Fish 2 [frame 6541] IoU=0.06
  Overlap detected: Fish 1 ↔ Fish 2 [frame 6542] IoU=0.08
  Overlap detected: Fish 1 ↔ Fish 2 [frame 6543] IoU=0.09
  Overlap detected: Fish 1 ↔ Fish 2 [frame 6544] IoU=0.09
  Overlap detected: Fish 1 ↔ Fish 2 [frame 6545] IoU=0.09
  Fish 4 recovered after 11 missing frames
  Overlap detected: Fish 1 ↔ Fish 2 [frame 6546] IoU=0.08
  Overlap detected: Fish 1 ↔ Fish 2 [frame 6547] IoU=0.07
  Overlap detected: Fish 1 ↔ Fish 2 [frame 6548] IoU=0.07
  Overlap detected: Fish 1 ↔ Fish 2 [frame 6549] IoU=0.09
  Overlap detected: Fish 1 ↔ Fish 2 [frame 6550] IoU=0.08
  Overlap detected: Fish 1 ↔ Fish 2 [frame 6551] IoU=0.06
  Overlap detected: Fish 1 ↔ Fish 2 [frame 6552] IoU=0.06
  Overlap detected: Fish 1 ↔ Fish 2 [frame 6553] IoU=0.05
  Overlap detected: Fish 1 ↔ Fish 2 [frame 6554] IoU=0.05
  Overlap detected: Fish 1 ↔ Fish 2 [frame 6555] IoU=0.05
  Overlap detected: Fish 1 ↔ Fish 2 [frame 6556] IoU=0.04
  Overlap detected: Fish 1 ↔ Fish 2 [frame 6557] IoU=0.07
  Overlap detected: Fish 3 ↔ Fish 5 [frame 6557] IoU=0.00
  Overlap detected: Fish 1 ↔ Fish 2 [frame 6558] IoU=0.06
  Overlap detected: Fish 3 ↔ Fish 5 [frame 6558] IoU=0.01
  Overlap detected: Fish 1 ↔ Fish 2 [frame 6559] IoU=0.05
  Overlap detected: Fish 3 ↔ Fish 5 [frame 6559] IoU=0.02
  Overlap detected: Fish 1 ↔ Fish 2 [frame 6560] IoU=0.03
  Overlap detected: Fish 3 ↔ Fish 5 [frame 6560] IoU=0.02
  Overlap detected: Fish 1 ↔ Fish 2 [frame 6561] IoU=0.02
  Overlap detected: Fish 3 ↔ Fish 5 [frame 6561] IoU=0.02
  Fish 1 ↔ Fish 2: crossing resolved, no swap needed
  Overlap detected: Fish 1 ↔ Fish 2 [frame 6562] IoU=0.02
  Overlap detected: Fish 3 ↔ Fish 5 [frame 6562] IoU=0.03
  Overlap detected: Fish 1 ↔ Fish 2 [frame 6563] IoU=0.02
  Overlap detected: Fish 3 ↔ Fish 5 [frame 6563] IoU=0.02
  Overlap detected: Fish 3 ↔ Fish 5 [frame 6564] IoU=0.02
  Overlap detected: Fish 1 ↔ Fish 2 [frame 6565] IoU=0.01
  Overlap detected: Fish 3 ↔ Fish 5 [frame 6565] IoU=0.01
  Overlap detected: Fish 1 ↔ Fish 2 [frame 6566] IoU=0.01
  Overlap detected: Fish 3 ↔ Fish 5 [frame 6566] IoU=0.00
  Overlap detected: Fish 1 ↔ Fish 2 [frame 6567] IoU=0.01
  Overlap detected: Fish 1 ↔ Fish 2 [frame 6568] IoU=0.00
  Frame 6570/11769 | second 109
  Overlap detected: Fish 1 ↔ Fish 3 [frame 6576] IoU=0.01
  Overlap detected: Fish 2 ↔ Fish 5 [frame 6576] IoU=0.01
  Overlap detected: Fish 1 ↔ Fish 3 [frame 6577] IoU=0.02
  Overlap detected: Fish 2 ↔ Fish 5 [frame 6577] IoU=0.06
  Overlap detected: Fish 1 ↔ Fish 3 [frame 6578] IoU=0.02
  Overlap detected: Fish 2 ↔ Fish 5 [frame 6578] IoU=0.08
  Overlap detected: Fish 1 ↔ Fish 3 [frame 6579] IoU=0.01
  Overlap detected: Fish 2 ↔ Fish 5 [frame 6579] IoU=0.09
  Crossing started: Fish 2 ↔ Fish 5 [frame 6579]
  Overlap detected: Fish 1 ↔ Fish 3 [frame 6580] IoU=0.02
  Overlap detected: Fish 2 ↔ Fish 5 [frame 6580] IoU=0.09
  Overlap detected: Fish 1 ↔ Fish 3 [frame 6581] IoU=0.02
  Overlap detected: Fish 2 ↔ Fish 5 [frame 6581] IoU=0.12
  Overlap detected: Fish 1 ↔ Fish 3 [frame 6582] IoU=0.01
  Overlap detected: Fish 2 ↔ Fish 5 [frame 6582] IoU=0.12
  Overlap detected: Fish 1 ↔ Fish 3 [frame 6583] IoU=0.01
  Overlap detected: Fish 2 ↔ Fish 5 [frame 6583] IoU=0.11
  Overlap detected: Fish 1 ↔ Fish 3 [frame 6584] IoU=0.00
  Overlap detected: Fish 2 ↔ Fish 5 [frame 6584] IoU=0.12
  Overlap detected: Fish 2 ↔ Fish 5 [frame 6585] IoU=0.14
  Overlap detected: Fish 2 ↔ Fish 5 [frame 6586] IoU=0.18
  Overlap detected: Fish 2 ↔ Fish 5 [frame 6587] IoU=0.15
  Overlap detected: Fish 2 ↔ Fish 5 [frame 6588] IoU=0.09
  Fish 2 recovered after 7 missing frames
  Overlap detected: Fish 2 ↔ Fish 5 [frame 6589] IoU=0.43
  Overlap detected: Fish 2 ↔ Fish 5 [frame 6590] IoU=0.06
  Overlap detected: Fish 2 ↔ Fish 5 [frame 6591] IoU=0.04
  Overlap detected: Fish 2 ↔ Fish 5 [frame 6592] IoU=0.03
  Overlap detected: Fish 2 ↔ Fish 5 [frame 6593] IoU=0.01
  Overlap detected: Fish 2 ↔ Fish 5 [frame 6594] IoU=0.01
  Overlap detected: Fish 2 ↔ Fish 5 [frame 6595] IoU=0.00
  Frame 6600/11769 | second 110
  Overlap detected: Fish 2 ↔ Fish 5 [frame 6606] IoU=0.32
  Overlap detected: Fish 2 ↔ Fish 5 [frame 6607] IoU=0.39
  Overlap detected: Fish 2 ↔ Fish 5 [frame 6608] IoU=0.38
  Overlap detected: Fish 2 ↔ Fish 5 [frame 6609] IoU=0.36
  Overlap detected: Fish 2 ↔ Fish 5 [frame 6610] IoU=0.34
  Overlap detected: Fish 2 ↔ Fish 5 [frame 6611] IoU=0.34
  Overlap detected: Fish 2 ↔ Fish 5 [frame 6612] IoU=0.33
  Overlap detected: Fish 2 ↔ Fish 5 [frame 6613] IoU=0.31
  Overlap detected: Fish 2 ↔ Fish 5 [frame 6614] IoU=0.36
  Overlap detected: Fish 2 ↔ Fish 5 [frame 6615] IoU=0.39
  Overlap detected: Fish 2 ↔ Fish 5 [frame 6616] IoU=0.43
  Overlap detected: Fish 2 ↔ Fish 5 [frame 6617] IoU=0.48
  Fish 2 recovered after 11 missing frames
  Overlap detected: Fish 2 ↔ Fish 5 [frame 6618] IoU=0.74
  Overlap detected: Fish 2 ↔ Fish 5 [frame 6619] IoU=0.69
  Overlap detected: Fish 2 ↔ Fish 5 [frame 6620] IoU=0.63
  Fish 5 recovered after 3 missing frames
  Overlap detected: Fish 2 ↔ Fish 5 [frame 6621] IoU=0.46
  Overlap detected: Fish 2 ↔ Fish 5 [frame 6622] IoU=0.11
  Overlap detected: Fish 2 ↔ Fish 5 [frame 6623] IoU=0.09
  Fish 2 ↔ Fish 5: crossing resolved, no swap needed
  Frame 6630/11769 | second 110
  Crossing started: Fish 2 ↔ Fish 5 [frame 6636]
  Fish 3 recovered after 1 missing frames
  Fish 2 ↔ Fish 5: crossing resolved, no swap needed
  Overlap detected: Fish 2 ↔ Fish 5 [frame 6642] IoU=0.01
  Overlap detected: Fish 2 ↔ Fish 5 [frame 6643] IoU=0.01
  Overlap detected: Fish 2 ↔ Fish 5 [frame 6644] IoU=0.03
  Overlap detected: Fish 2 ↔ Fish 5 [frame 6645] IoU=0.03
  Overlap detected: Fish 2 ↔ Fish 5 [frame 6646] IoU=0.03
  Overlap detected: Fish 2 ↔ Fish 5 [frame 6647] IoU=0.20
  Overlap detected: Fish 2 ↔ Fish 5 [frame 6648] IoU=0.02
  Overlap detected: Fish 2 ↔ Fish 5 [frame 6649] IoU=0.01
  Overlap detected: Fish 2 ↔ Fish 5 [frame 6650] IoU=0.40
  Crossing started: Fish 2 ↔ Fish 5 [frame 6650]
  Overlap detected: Fish 2 ↔ Fish 5 [frame 6651] IoU=0.38
  Overlap detected: Fish 2 ↔ Fish 5 [frame 6652] IoU=0.42
  Fish 2 ↔ Fish 5: crossing resolved, no swap needed
  Fish 5 recovered after 2 missing frames
  Frame 6660/11769 | second 111
  Fish 3 recovered after 23 missing frames
  Frame 6690/11769 | second 111
  Fish 1 recovered after 2 missing frames
  Fish 1 recovered after 3 missing frames
  Frame 6720/11769 | second 112
  Frame 6750/11769 | second 112
  Frame 6780/11769 | second 113
  Frame 6810/11769 | second 113
  Fish 2 recovered after 1 missing frames
  Fish 2 recovered after 1 missing frames
  Fish 1 recovered after 3 missing frames
  Fish 2 recovered after 1 missing frames
  Frame 6840/11769 | second 114
  Fish 4 recovered after 1 missing frames
  Crossing started: Fish 1 ↔ Fish 4 [frame 6864]
  Fish 1 ↔ Fish 4: crossing resolved, no swap needed
  Frame 6870/11769 | second 114
  Overlap detected: Fish 1 ↔ Fish 4 [frame 6871] IoU=0.01
  Overlap detected: Fish 1 ↔ Fish 4 [frame 6872] IoU=0.02
  Overlap detected: Fish 1 ↔ Fish 4 [frame 6873] IoU=0.02
  Overlap detected: Fish 1 ↔ Fish 4 [frame 6874] IoU=0.01
  Overlap detected: Fish 1 ↔ Fish 4 [frame 6875] IoU=0.01
  Fish 2 recovered after 36 missing frames
  Overlap detected: Fish 1 ↔ Fish 4 [frame 6877] IoU=0.00
  Frame 6900/11769 | second 115
  Overlap detected: Fish 1 ↔ Fish 5 [frame 6920] IoU=0.00
  Overlap detected: Fish 1 ↔ Fish 5 [frame 6921] IoU=0.01
  Overlap detected: Fish 1 ↔ Fish 5 [frame 6922] IoU=0.02
  Fish 2 recovered after 6 missing frames
  Overlap detected: Fish 1 ↔ Fish 5 [frame 6923] IoU=0.02
  Overlap detected: Fish 1 ↔ Fish 5 [frame 6924] IoU=0.02
  Overlap detected: Fish 1 ↔ Fish 5 [frame 6925] IoU=0.03
  Fish 2 recovered after 1 missing frames
  Overlap detected: Fish 1 ↔ Fish 5 [frame 6926] IoU=0.03
  Overlap detected: Fish 1 ↔ Fish 5 [frame 6927] IoU=0.00
  Overlap detected: Fish 1 ↔ Fish 5 [frame 6928] IoU=0.04
  Overlap detected: Fish 1 ↔ Fish 5 [frame 6930] IoU=0.00
  Frame 6930/11769 | second 115
  Overlap detected: Fish 1 ↔ Fish 5 [frame 6931] IoU=0.03
  Overlap detected: Fish 1 ↔ Fish 5 [frame 6932] IoU=0.06
  Overlap detected: Fish 1 ↔ Fish 5 [frame 6933] IoU=0.07
  Overlap detected: Fish 1 ↔ Fish 5 [frame 6934] IoU=0.04
  Overlap detected: Fish 1 ↔ Fish 5 [frame 6937] IoU=0.00
  Overlap detected: Fish 1 ↔ Fish 5 [frame 6938] IoU=0.01
  Overlap detected: Fish 1 ↔ Fish 5 [frame 6939] IoU=0.02
  Overlap detected: Fish 1 ↔ Fish 5 [frame 6940] IoU=0.01
  Overlap detected: Fish 1 ↔ Fish 5 [frame 6943] IoU=0.37
  Crossing started: Fish 1 ↔ Fish 5 [frame 6943]
  Overlap detected: Fish 1 ↔ Fish 5 [frame 6944] IoU=0.30
  Overlap detected: Fish 1 ↔ Fish 5 [frame 6945] IoU=0.07
  Fish 1 ↔ Fish 5: crossing resolved, no swap needed
  Overlap detected: Fish 1 ↔ Fish 5 [frame 6946] IoU=0.08
  Overlap detected: Fish 1 ↔ Fish 5 [frame 6947] IoU=0.07
  Overlap detected: Fish 1 ↔ Fish 5 [frame 6948] IoU=0.07
  Overlap detected: Fish 1 ↔ Fish 5 [frame 6949] IoU=0.05
  Overlap detected: Fish 1 ↔ Fish 5 [frame 6950] IoU=0.05
  Overlap detected: Fish 1 ↔ Fish 5 [frame 6951] IoU=0.03
  Overlap detected: Fish 1 ↔ Fish 5 [frame 6952] IoU=0.02
  Overlap detected: Fish 1 ↔ Fish 5 [frame 6953] IoU=0.02
  Overlap detected: Fish 1 ↔ Fish 5 [frame 6954] IoU=0.01
  Overlap detected: Fish 1 ↔ Fish 5 [frame 6955] IoU=0.01
  Frame 6960/11769 | second 116
  Overlap detected: Fish 1 ↔ Fish 5 [frame 6986] IoU=0.01
  Overlap detected: Fish 1 ↔ Fish 5 [frame 6987] IoU=0.02
  Overlap detected: Fish 1 ↔ Fish 5 [frame 6988] IoU=0.04
  Overlap detected: Fish 1 ↔ Fish 5 [frame 6989] IoU=0.04
  Overlap detected: Fish 1 ↔ Fish 5 [frame 6990] IoU=0.04
  Frame 6990/11769 | second 116
  Overlap detected: Fish 1 ↔ Fish 5 [frame 6991] IoU=0.03
  Overlap detected: Fish 1 ↔ Fish 5 [frame 6992] IoU=0.03
  Overlap detected: Fish 1 ↔ Fish 5 [frame 6993] IoU=0.03
  Overlap detected: Fish 1 ↔ Fish 5 [frame 6994] IoU=0.03
  Overlap detected: Fish 1 ↔ Fish 5 [frame 6995] IoU=0.03
  Overlap detected: Fish 1 ↔ Fish 5 [frame 6996] IoU=0.04
  Overlap detected: Fish 1 ↔ Fish 5 [frame 6997] IoU=0.03
  Overlap detected: Fish 1 ↔ Fish 5 [frame 6998] IoU=0.05
  Overlap detected: Fish 1 ↔ Fish 5 [frame 6999] IoU=0.04
  Overlap detected: Fish 1 ↔ Fish 5 [frame 7000] IoU=0.02
  Overlap detected: Fish 1 ↔ Fish 5 [frame 7001] IoU=0.02
  Overlap detected: Fish 1 ↔ Fish 5 [frame 7002] IoU=0.02
  Overlap detected: Fish 1 ↔ Fish 5 [frame 7003] IoU=0.02
  Overlap detected: Fish 1 ↔ Fish 5 [frame 7004] IoU=0.02
  Overlap detected: Fish 1 ↔ Fish 5 [frame 7005] IoU=0.01
  Overlap detected: Fish 1 ↔ Fish 5 [frame 7008] IoU=0.01
  Overlap detected: Fish 1 ↔ Fish 5 [frame 7009] IoU=0.00
  Overlap detected: Fish 1 ↔ Fish 5 [frame 7010] IoU=0.01
  Overlap detected: Fish 1 ↔ Fish 5 [frame 7011] IoU=0.00
  Overlap detected: Fish 1 ↔ Fish 5 [frame 7012] IoU=0.00
  Frame 7020/11769 | second 117
  Frame 7050/11769 | second 117
  Overlap detected: Fish 4 ↔ Fish 5 [frame 7060] IoU=0.02
  Overlap detected: Fish 4 ↔ Fish 5 [frame 7061] IoU=0.06
  Overlap detected: Fish 4 ↔ Fish 5 [frame 7062] IoU=0.10
  Overlap detected: Fish 4 ↔ Fish 5 [frame 7063] IoU=0.31
  Fish 4 recovered after 1 missing frames
  Overlap detected: Fish 4 ↔ Fish 5 [frame 7064] IoU=0.37
  Crossing started: Fish 4 ↔ Fish 5 [frame 7064]
  Overlap detected: Fish 4 ↔ Fish 5 [frame 7065] IoU=0.38
  Overlap detected: Fish 4 ↔ Fish 5 [frame 7066] IoU=0.29
  Overlap detected: Fish 4 ↔ Fish 5 [frame 7067] IoU=0.29
  Overlap detected: Fish 4 ↔ Fish 5 [frame 7068] IoU=0.35
  Overlap detected: Fish 4 ↔ Fish 5 [frame 7069] IoU=0.36
  Overlap detected: Fish 4 ↔ Fish 5 [frame 7070] IoU=0.37
  Overlap detected: Fish 4 ↔ Fish 5 [frame 7071] IoU=0.34
  Overlap detected: Fish 4 ↔ Fish 5 [frame 7072] IoU=0.34
  Overlap detected: Fish 4 ↔ Fish 5 [frame 7073] IoU=0.33
  Overlap detected: Fish 4 ↔ Fish 5 [frame 7074] IoU=0.33
  Overlap detected: Fish 4 ↔ Fish 5 [frame 7075] IoU=0.34
  Fish 4 recovered after 11 missing frames
  Overlap detected: Fish 4 ↔ Fish 5 [frame 7076] IoU=0.15
  Fish 4 ↔ Fish 5: IDs swapped back after crossing
  Overlap detected: Fish 4 ↔ Fish 5 [frame 7077] IoU=0.00
  Frame 7080/11769 | second 118
  Overlap detected: Fish 1 ↔ Fish 4 [frame 7082] IoU=0.02
  Overlap detected: Fish 1 ↔ Fish 4 [frame 7083] IoU=0.06
  Overlap detected: Fish 1 ↔ Fish 4 [frame 7084] IoU=0.08
  Overlap detected: Fish 1 ↔ Fish 4 [frame 7085] IoU=0.19
  Overlap detected: Fish 1 ↔ Fish 4 [frame 7086] IoU=0.47
  Crossing started: Fish 1 ↔ Fish 4 [frame 7086]
  Overlap detected: Fish 1 ↔ Fish 4 [frame 7087] IoU=0.46
  Overlap detected: Fish 1 ↔ Fish 4 [frame 7088] IoU=0.42
  Overlap detected: Fish 1 ↔ Fish 4 [frame 7089] IoU=0.34
  Overlap detected: Fish 1 ↔ Fish 4 [frame 7090] IoU=0.32
  Overlap detected: Fish 1 ↔ Fish 4 [frame 7091] IoU=0.34
  Fish 4 recovered after 4 missing frames
  Overlap detected: Fish 1 ↔ Fish 4 [frame 7092] IoU=0.50
  Overlap detected: Fish 1 ↔ Fish 4 [frame 7093] IoU=0.49
  Overlap detected: Fish 1 ↔ Fish 4 [frame 7094] IoU=0.38
  Overlap detected: Fish 1 ↔ Fish 4 [frame 7095] IoU=0.32
  Fish 4 recovered after 3 missing frames
  Overlap detected: Fish 1 ↔ Fish 4 [frame 7096] IoU=0.49
  Overlap detected: Fish 1 ↔ Fish 4 [frame 7097] IoU=0.46
  Overlap detected: Fish 1 ↔ Fish 4 [frame 7098] IoU=0.03
  Fish 1 ↔ Fish 4: IDs swapped back after crossing
  Overlap detected: Fish 1 ↔ Fish 4 [frame 7099] IoU=0.22
  Overlap detected: Fish 1 ↔ Fish 4 [frame 7100] IoU=0.05
  Frame 7110/11769 | second 118
  Frame 7140/11769 | second 119
  Frame 7170/11769 | second 119
  Overlap detected: Fish 4 ↔ Fish 5 [frame 7178] IoU=0.00
  Overlap detected: Fish 4 ↔ Fish 5 [frame 7179] IoU=0.00
  Overlap detected: Fish 4 ↔ Fish 5 [frame 7180] IoU=0.00
  Overlap detected: Fish 4 ↔ Fish 5 [frame 7181] IoU=0.01
  Overlap detected: Fish 4 ↔ Fish 5 [frame 7182] IoU=0.02
  Fish 1 recovered after 3 missing frames
  Overlap detected: Fish 4 ↔ Fish 5 [frame 7183] IoU=0.01
  Overlap detected: Fish 4 ↔ Fish 5 [frame 7184] IoU=0.02
  Overlap detected: Fish 4 ↔ Fish 5 [frame 7185] IoU=0.03
  Overlap detected: Fish 4 ↔ Fish 5 [frame 7186] IoU=0.03
  Crossing started: Fish 4 ↔ Fish 5 [frame 7186]
  Overlap detected: Fish 4 ↔ Fish 5 [frame 7187] IoU=0.03
  Overlap detected: Fish 4 ↔ Fish 5 [frame 7188] IoU=0.05
  Overlap detected: Fish 4 ↔ Fish 5 [frame 7189] IoU=0.03
  Overlap detected: Fish 4 ↔ Fish 5 [frame 7190] IoU=0.04
  Overlap detected: Fish 4 ↔ Fish 5 [frame 7191] IoU=0.02
  Overlap detected: Fish 4 ↔ Fish 5 [frame 7192] IoU=0.03
  Overlap detected: Fish 4 ↔ Fish 5 [frame 7193] IoU=0.01
  Crossing started: Fish 1 ↔ Fish 4 [frame 7194]
  Overlap detected: Fish 4 ↔ Fish 5 [frame 7195] IoU=0.01
  Overlap detected: Fish 4 ↔ Fish 5 [frame 7196] IoU=0.02
  Overlap detected: Fish 4 ↔ Fish 5 [frame 7197] IoU=0.02
  Fish 4 ↔ Fish 5: crossing resolved, no swap needed
  Overlap detected: Fish 4 ↔ Fish 5 [frame 7198] IoU=0.03
  Overlap detected: Fish 4 ↔ Fish 5 [frame 7199] IoU=0.03
  Overlap detected: Fish 4 ↔ Fish 5 [frame 7200] IoU=0.02
  Frame 7200/11769 | second 120
  Overlap detected: Fish 4 ↔ Fish 5 [frame 7201] IoU=0.01
  Fish 1 recovered after 4 missing frames
  Overlap detected: Fish 1 ↔ Fish 4 [frame 7212] IoU=0.01
  Overlap detected: Fish 1 ↔ Fish 4 [frame 7213] IoU=0.01
  Overlap detected: Fish 1 ↔ Fish 4 [frame 7214] IoU=0.01
  Frame 7230/11769 | second 120
  Fish 3 recovered after 16 missing frames
  Frame 7260/11769 | second 121
  Frame 7290/11769 | second 121
  Fish 2 recovered after 3 missing frames
  Overlap detected: Fish 3 ↔ Fish 4 [frame 7310] IoU=0.04
  Crossing started: Fish 3 ↔ Fish 4 [frame 7310]
  Overlap detected: Fish 3 ↔ Fish 4 [frame 7311] IoU=0.06
  Overlap detected: Fish 3 ↔ Fish 4 [frame 7312] IoU=0.10
  Overlap detected: Fish 3 ↔ Fish 4 [frame 7313] IoU=0.15
  Overlap detected: Fish 3 ↔ Fish 4 [frame 7314] IoU=0.13
  Overlap detected: Fish 3 ↔ Fish 4 [frame 7315] IoU=0.16
  Overlap detected: Fish 3 ↔ Fish 4 [frame 7316] IoU=0.16
  Overlap detected: Fish 3 ↔ Fish 4 [frame 7317] IoU=0.13
  Overlap detected: Fish 3 ↔ Fish 4 [frame 7318] IoU=0.13
  Overlap detected: Fish 3 ↔ Fish 4 [frame 7319] IoU=0.10
  Overlap detected: Fish 3 ↔ Fish 4 [frame 7320] IoU=0.07
  Fish 3 ↔ Fish 4: crossing resolved, no swap needed
  Frame 7320/11769 | second 122
  Overlap detected: Fish 3 ↔ Fish 4 [frame 7321] IoU=0.05
  Overlap detected: Fish 3 ↔ Fish 4 [frame 7322] IoU=0.07
  Overlap detected: Fish 3 ↔ Fish 4 [frame 7323] IoU=0.06
  Overlap detected: Fish 3 ↔ Fish 4 [frame 7324] IoU=0.06
  Overlap detected: Fish 3 ↔ Fish 4 [frame 7325] IoU=0.06
  Overlap detected: Fish 3 ↔ Fish 4 [frame 7326] IoU=0.03
  Overlap detected: Fish 3 ↔ Fish 4 [frame 7327] IoU=0.03
  Overlap detected: Fish 3 ↔ Fish 4 [frame 7328] IoU=0.02
  Overlap detected: Fish 3 ↔ Fish 4 [frame 7329] IoU=0.01
  Overlap detected: Fish 3 ↔ Fish 4 [frame 7330] IoU=0.00
  Frame 7350/11769 | second 122
  Overlap detected: Fish 3 ↔ Fish 5 [frame 7370] IoU=0.00
  Overlap detected: Fish 3 ↔ Fish 5 [frame 7371] IoU=0.01
  Overlap detected: Fish 3 ↔ Fish 5 [frame 7372] IoU=0.01
  Overlap detected: Fish 3 ↔ Fish 5 [frame 7373] IoU=0.01
  Overlap detected: Fish 3 ↔ Fish 5 [frame 7374] IoU=0.00
  Overlap detected: Fish 3 ↔ Fish 5 [frame 7375] IoU=0.02
  Overlap detected: Fish 3 ↔ Fish 5 [frame 7376] IoU=0.04
  Overlap detected: Fish 3 ↔ Fish 5 [frame 7377] IoU=0.05
  Overlap detected: Fish 3 ↔ Fish 5 [frame 7378] IoU=0.10
  Overlap detected: Fish 3 ↔ Fish 5 [frame 7379] IoU=0.08
  Overlap detected: Fish 3 ↔ Fish 5 [frame 7380] IoU=0.07
  Frame 7380/11769 | second 123
  Overlap detected: Fish 3 ↔ Fish 5 [frame 7381] IoU=0.09
  Overlap detected: Fish 3 ↔ Fish 5 [frame 7382] IoU=0.14
  Overlap detected: Fish 3 ↔ Fish 5 [frame 7383] IoU=0.23
  Overlap detected: Fish 3 ↔ Fish 5 [frame 7384] IoU=0.20
  Overlap detected: Fish 3 ↔ Fish 5 [frame 7385] IoU=0.25
  Overlap detected: Fish 3 ↔ Fish 5 [frame 7386] IoU=0.23
  Overlap detected: Fish 3 ↔ Fish 5 [frame 7387] IoU=0.27
  Overlap detected: Fish 3 ↔ Fish 5 [frame 7388] IoU=0.26
  Overlap detected: Fish 3 ↔ Fish 5 [frame 7389] IoU=0.24
  Crossing started: Fish 3 ↔ Fish 5 [frame 7389]
  Overlap detected: Fish 3 ↔ Fish 5 [frame 7390] IoU=0.28
  Overlap detected: Fish 3 ↔ Fish 5 [frame 7391] IoU=0.23
  Fish 5 recovered after 3 missing frames
  Overlap detected: Fish 3 ↔ Fish 5 [frame 7392] IoU=0.18
  Overlap detected: Fish 3 ↔ Fish 5 [frame 7393] IoU=0.12
  Overlap detected: Fish 3 ↔ Fish 5 [frame 7394] IoU=0.07
  Overlap detected: Fish 3 ↔ Fish 5 [frame 7395] IoU=0.05
  Overlap detected: Fish 3 ↔ Fish 5 [frame 7396] IoU=0.02
  Fish 3 ↔ Fish 5: crossing resolved, no swap needed
  Overlap detected: Fish 3 ↔ Fish 5 [frame 7397] IoU=0.00
  Overlap detected: Fish 3 ↔ Fish 5 [frame 7398] IoU=0.00
  Frame 7410/11769 | second 123
  Frame 7440/11769 | second 124
  Frame 7470/11769 | second 124
  Frame 7500/11769 | second 125
  Frame 7530/11769 | second 125
  Overlap detected: Fish 1 ↔ Fish 4 [frame 7540] IoU=0.00
  Frame 7560/11769 | second 126
  Overlap detected: Fish 3 ↔ Fish 4 [frame 7582] IoU=0.02
  Overlap detected: Fish 3 ↔ Fish 4 [frame 7583] IoU=0.03
  Overlap detected: Fish 3 ↔ Fish 4 [frame 7584] IoU=0.01
  Overlap detected: Fish 3 ↔ Fish 4 [frame 7585] IoU=0.02
  Crossing started: Fish 3 ↔ Fish 4 [frame 7585]
  Overlap detected: Fish 1 ↔ Fish 4 [frame 7586] IoU=0.00
  Overlap detected: Fish 3 ↔ Fish 4 [frame 7586] IoU=0.03
  Overlap detected: Fish 3 ↔ Fish 4 [frame 7587] IoU=0.03
  Overlap detected: Fish 1 ↔ Fish 4 [frame 7588] IoU=0.00
  Overlap detected: Fish 3 ↔ Fish 4 [frame 7588] IoU=0.05
  Overlap detected: Fish 3 ↔ Fish 4 [frame 7589] IoU=0.09
  Overlap detected: Fish 1 ↔ Fish 4 [frame 7590] IoU=0.00
  Overlap detected: Fish 3 ↔ Fish 4 [frame 7590] IoU=0.24
  Frame 7590/11769 | second 126
  Overlap detected: Fish 1 ↔ Fish 4 [frame 7591] IoU=0.00
  Overlap detected: Fish 3 ↔ Fish 4 [frame 7591] IoU=0.23
  Overlap detected: Fish 3 ↔ Fish 4 [frame 7592] IoU=0.36
  Overlap detected: Fish 3 ↔ Fish 4 [frame 7593] IoU=0.32
  Overlap detected: Fish 3 ↔ Fish 4 [frame 7594] IoU=0.62
  Overlap detected: Fish 1 ↔ Fish 3 [frame 7595] IoU=0.00
  Overlap detected: Fish 3 ↔ Fish 4 [frame 7595] IoU=0.59
  Fish 4 recovered after 2 missing frames
  Fish 5 recovered after 1 missing frames
  Overlap detected: Fish 3 ↔ Fish 4 [frame 7596] IoU=0.47
  Overlap detected: Fish 3 ↔ Fish 4 [frame 7597] IoU=0.48
  Overlap detected: Fish 3 ↔ Fish 4 [frame 7598] IoU=0.28
  Fish 3 ↔ Fish 4: crossing resolved, no swap needed
  Overlap detected: Fish 3 ↔ Fish 4 [frame 7599] IoU=0.01
  Overlap detected: Fish 3 ↔ Fish 4 [frame 7600] IoU=0.04
  Overlap detected: Fish 3 ↔ Fish 4 [frame 7601] IoU=0.04
  Frame 7620/11769 | second 127
  Frame 7650/11769 | second 127
  Overlap detected: Fish 1 ↔ Fish 4 [frame 7656] IoU=0.02
  Overlap detected: Fish 1 ↔ Fish 4 [frame 7657] IoU=0.08
  Overlap detected: Fish 1 ↔ Fish 4 [frame 7658] IoU=0.11
  Overlap detected: Fish 1 ↔ Fish 4 [frame 7659] IoU=0.12
  Crossing started: Fish 1 ↔ Fish 4 [frame 7659]
  Overlap detected: Fish 1 ↔ Fish 4 [frame 7660] IoU=0.09
  Fish 1 ↔ Fish 4: crossing resolved, no swap needed
  Overlap detected: Fish 1 ↔ Fish 4 [frame 7661] IoU=0.08
  Overlap detected: Fish 1 ↔ Fish 4 [frame 7662] IoU=0.15
  Overlap detected: Fish 1 ↔ Fish 4 [frame 7663] IoU=0.17
  Crossing started: Fish 1 ↔ Fish 4 [frame 7663]
  Overlap detected: Fish 1 ↔ Fish 4 [frame 7664] IoU=0.12
  Overlap detected: Fish 1 ↔ Fish 4 [frame 7665] IoU=0.18
  Overlap detected: Fish 1 ↔ Fish 4 [frame 7666] IoU=0.18
  Overlap detected: Fish 1 ↔ Fish 4 [frame 7667] IoU=0.16
  Overlap detected: Fish 1 ↔ Fish 4 [frame 7668] IoU=0.23
  Overlap detected: Fish 1 ↔ Fish 4 [frame 7669] IoU=0.30
  Overlap detected: Fish 1 ↔ Fish 4 [frame 7670] IoU=0.34
  Overlap detected: Fish 1 ↔ Fish 4 [frame 7671] IoU=0.32
  Overlap detected: Fish 1 ↔ Fish 4 [frame 7672] IoU=0.35
  Overlap detected: Fish 1 ↔ Fish 4 [frame 7673] IoU=0.39
  Overlap detected: Fish 1 ↔ Fish 4 [frame 7674] IoU=0.38
  Overlap detected: Fish 1 ↔ Fish 4 [frame 7675] IoU=0.36
  Fish 1 recovered after 8 missing frames
  Overlap detected: Fish 1 ↔ Fish 4 [frame 7676] IoU=0.46
  Overlap detected: Fish 1 ↔ Fish 4 [frame 7677] IoU=0.47
  Overlap detected: Fish 1 ↔ Fish 4 [frame 7678] IoU=0.50
  Overlap detected: Fish 1 ↔ Fish 4 [frame 7679] IoU=0.48
  Overlap detected: Fish 1 ↔ Fish 4 [frame 7680] IoU=0.49
  Frame 7680/11769 | second 128
  Overlap detected: Fish 1 ↔ Fish 4 [frame 7681] IoU=0.45
  Overlap detected: Fish 1 ↔ Fish 4 [frame 7682] IoU=0.26
  Overlap detected: Fish 1 ↔ Fish 4 [frame 7683] IoU=0.10
  Overlap detected: Fish 1 ↔ Fish 4 [frame 7684] IoU=0.18
  Overlap detected: Fish 1 ↔ Fish 4 [frame 7685] IoU=0.18
  Overlap detected: Fish 1 ↔ Fish 4 [frame 7686] IoU=0.13
  Overlap detected: Fish 1 ↔ Fish 4 [frame 7687] IoU=0.08
  Overlap detected: Fish 1 ↔ Fish 4 [frame 7688] IoU=0.05
  Overlap detected: Fish 3 ↔ Fish 5 [frame 7688] IoU=0.00
  Overlap detected: Fish 1 ↔ Fish 4 [frame 7689] IoU=0.01
  Overlap detected: Fish 3 ↔ Fish 5 [frame 7689] IoU=0.03
  Fish 1 ↔ Fish 4: crossing resolved, no swap needed
  Overlap detected: Fish 3 ↔ Fish 5 [frame 7690] IoU=0.04
  Overlap detected: Fish 3 ↔ Fish 5 [frame 7691] IoU=0.06
  Crossing started: Fish 1 ↔ Fish 4 [frame 7692]
  Overlap detected: Fish 3 ↔ Fish 5 [frame 7692] IoU=0.07
  Overlap detected: Fish 3 ↔ Fish 5 [frame 7693] IoU=0.13
  Overlap detected: Fish 1 ↔ Fish 4 [frame 7694] IoU=0.00
  Overlap detected: Fish 3 ↔ Fish 5 [frame 7694] IoU=0.12
  Overlap detected: Fish 1 ↔ Fish 4 [frame 7695] IoU=0.01
  Overlap detected: Fish 3 ↔ Fish 5 [frame 7695] IoU=0.18
  Crossing started: Fish 3 ↔ Fish 5 [frame 7695]
  Overlap detected: Fish 3 ↔ Fish 5 [frame 7696] IoU=0.17
  Overlap detected: Fish 3 ↔ Fish 5 [frame 7697] IoU=0.16
  Fish 1 ↔ Fish 4: crossing resolved, no swap needed
  Overlap detected: Fish 3 ↔ Fish 5 [frame 7698] IoU=0.17
  Overlap detected: Fish 3 ↔ Fish 5 [frame 7699] IoU=0.19
  Overlap detected: Fish 3 ↔ Fish 5 [frame 7700] IoU=0.22
  Overlap detected: Fish 3 ↔ Fish 5 [frame 7701] IoU=0.28
  Overlap detected: Fish 3 ↔ Fish 5 [frame 7702] IoU=0.33
  Overlap detected: Fish 3 ↔ Fish 5 [frame 7703] IoU=0.34
  Overlap detected: Fish 3 ↔ Fish 5 [frame 7704] IoU=0.40
  Overlap detected: Fish 3 ↔ Fish 5 [frame 7705] IoU=0.39
  Overlap detected: Fish 3 ↔ Fish 5 [frame 7706] IoU=0.34
  Overlap detected: Fish 3 ↔ Fish 5 [frame 7707] IoU=0.40
  Fish 5 recovered after 14 missing frames
  Overlap detected: Fish 3 ↔ Fish 5 [frame 7708] IoU=0.87
  Overlap detected: Fish 3 ↔ Fish 5 [frame 7709] IoU=0.77
  Overlap detected: Fish 3 ↔ Fish 5 [frame 7710] IoU=0.68
  Frame 7710/11769 | second 128
  Overlap detected: Fish 3 ↔ Fish 5 [frame 7711] IoU=0.68
  Overlap detected: Fish 3 ↔ Fish 5 [frame 7712] IoU=0.64
  Overlap detected: Fish 3 ↔ Fish 5 [frame 7713] IoU=0.61
  Overlap detected: Fish 3 ↔ Fish 5 [frame 7714] IoU=0.50
  Fish 3 recovered after 7 missing frames
  Overlap detected: Fish 3 ↔ Fish 5 [frame 7715] IoU=0.11
  Overlap detected: Fish 3 ↔ Fish 5 [frame 7716] IoU=0.12
  Fish 3 recovered after 1 missing frames
  Overlap detected: Fish 3 ↔ Fish 5 [frame 7717] IoU=0.06
  Overlap detected: Fish 3 ↔ Fish 5 [frame 7718] IoU=0.02
  Crossing started: Fish 1 ↔ Fish 4 [frame 7723]
  Overlap detected: Fish 1 ↔ Fish 4 [frame 7724] IoU=0.01
  Overlap detected: Fish 1 ↔ Fish 4 [frame 7725] IoU=0.01
  Overlap detected: Fish 1 ↔ Fish 4 [frame 7726] IoU=0.03
  Overlap detected: Fish 1 ↔ Fish 4 [frame 7727] IoU=0.04
  Overlap detected: Fish 1 ↔ Fish 4 [frame 7728] IoU=0.07
  Overlap detected: Fish 1 ↔ Fish 4 [frame 7729] IoU=0.08
  Overlap detected: Fish 1 ↔ Fish 4 [frame 7730] IoU=0.08
  Overlap detected: Fish 1 ↔ Fish 4 [frame 7731] IoU=0.14
  Overlap detected: Fish 1 ↔ Fish 4 [frame 7732] IoU=0.11
  Overlap detected: Fish 1 ↔ Fish 4 [frame 7733] IoU=0.15
  Overlap detected: Fish 1 ↔ Fish 4 [frame 7734] IoU=0.17
  Overlap detected: Fish 1 ↔ Fish 4 [frame 7735] IoU=0.27
  Overlap detected: Fish 1 ↔ Fish 4 [frame 7736] IoU=0.18
  Overlap detected: Fish 1 ↔ Fish 4 [frame 7737] IoU=0.15
  Overlap detected: Fish 1 ↔ Fish 4 [frame 7738] IoU=0.15
  Overlap detected: Fish 1 ↔ Fish 4 [frame 7739] IoU=0.18
  Overlap detected: Fish 1 ↔ Fish 4 [frame 7740] IoU=0.18
  Frame 7740/11769 | second 129
  Overlap detected: Fish 1 ↔ Fish 4 [frame 7741] IoU=0.32
  Overlap detected: Fish 1 ↔ Fish 4 [frame 7742] IoU=0.45
  Overlap detected: Fish 1 ↔ Fish 4 [frame 7743] IoU=0.52
  Overlap detected: Fish 1 ↔ Fish 4 [frame 7744] IoU=0.51
  Overlap detected: Fish 1 ↔ Fish 4 [frame 7745] IoU=0.53
  Overlap detected: Fish 1 ↔ Fish 4 [frame 7746] IoU=0.59
  Overlap detected: Fish 1 ↔ Fish 4 [frame 7747] IoU=0.55
  Overlap detected: Fish 1 ↔ Fish 4 [frame 7748] IoU=0.53
  Fish 1 recovered after 6 missing frames
  Overlap detected: Fish 1 ↔ Fish 4 [frame 7749] IoU=0.68
  Overlap detected: Fish 1 ↔ Fish 4 [frame 7750] IoU=0.60
  Overlap detected: Fish 1 ↔ Fish 4 [frame 7751] IoU=0.56
  Overlap detected: Fish 1 ↔ Fish 3 [frame 7752] IoU=0.02
  Overlap detected: Fish 1 ↔ Fish 4 [frame 7752] IoU=0.46
  Fish 4 recovered after 4 missing frames
  Overlap detected: Fish 1 ↔ Fish 3 [frame 7753] IoU=0.00
  Overlap detected: Fish 1 ↔ Fish 4 [frame 7753] IoU=0.48
  Overlap detected: Fish 1 ↔ Fish 4 [frame 7754] IoU=0.61
  Overlap detected: Fish 3 ↔ Fish 4 [frame 7754] IoU=0.01
  Fish 1 recovered after 1 missing frames
  Overlap detected: Fish 1 ↔ Fish 4 [frame 7755] IoU=0.44
  Overlap detected: Fish 3 ↔ Fish 4 [frame 7755] IoU=0.01
  Overlap detected: Fish 1 ↔ Fish 4 [frame 7756] IoU=0.39
  Overlap detected: Fish 3 ↔ Fish 4 [frame 7756] IoU=0.00
  Overlap detected: Fish 1 ↔ Fish 4 [frame 7757] IoU=0.35
  Overlap detected: Fish 1 ↔ Fish 4 [frame 7758] IoU=0.39
  Overlap detected: Fish 1 ↔ Fish 4 [frame 7759] IoU=0.47
  Overlap detected: Fish 1 ↔ Fish 4 [frame 7760] IoU=0.44
  Overlap detected: Fish 1 ↔ Fish 4 [frame 7761] IoU=0.41
  Overlap detected: Fish 3 ↔ Fish 5 [frame 7761] IoU=0.00
  Overlap detected: Fish 1 ↔ Fish 4 [frame 7762] IoU=0.43
  Overlap detected: Fish 3 ↔ Fish 5 [frame 7762] IoU=0.02
  Fish 4 recovered after 5 missing frames
  Overlap detected: Fish 1 ↔ Fish 4 [frame 7763] IoU=0.23
  Overlap detected: Fish 3 ↔ Fish 4 [frame 7763] IoU=0.04
  Overlap detected: Fish 3 ↔ Fish 5 [frame 7763] IoU=0.03
  Overlap detected: Fish 1 ↔ Fish 4 [frame 7764] IoU=0.31
  Overlap detected: Fish 3 ↔ Fish 4 [frame 7764] IoU=0.03
  Overlap detected: Fish 3 ↔ Fish 5 [frame 7764] IoU=0.06
  Overlap detected: Fish 1 ↔ Fish 4 [frame 7765] IoU=0.16
  Overlap detected: Fish 3 ↔ Fish 4 [frame 7765] IoU=0.02
  Overlap detected: Fish 3 ↔ Fish 5 [frame 7765] IoU=0.09
  Overlap detected: Fish 1 ↔ Fish 4 [frame 7766] IoU=0.06
  Overlap detected: Fish 3 ↔ Fish 4 [frame 7766] IoU=0.00
  Overlap detected: Fish 3 ↔ Fish 5 [frame 7766] IoU=0.10
  Crossing started: Fish 3 ↔ Fish 5 [frame 7766]
  Overlap detected: Fish 1 ↔ Fish 4 [frame 7767] IoU=0.04
  Overlap detected: Fish 3 ↔ Fish 5 [frame 7767] IoU=0.21
  Overlap detected: Fish 1 ↔ Fish 4 [frame 7768] IoU=0.09
  Overlap detected: Fish 3 ↔ Fish 4 [frame 7768] IoU=0.00
  Overlap detected: Fish 3 ↔ Fish 5 [frame 7768] IoU=0.32
  Overlap detected: Fish 1 ↔ Fish 4 [frame 7769] IoU=0.10
  Overlap detected: Fish 3 ↔ Fish 4 [frame 7769] IoU=0.01
  Overlap detected: Fish 3 ↔ Fish 5 [frame 7769] IoU=0.45
  Overlap detected: Fish 1 ↔ Fish 3 [frame 7770] IoU=0.28
  Crossing started: Fish 1 ↔ Fish 3 [frame 7770]
  Overlap detected: Fish 1 ↔ Fish 4 [frame 7770] IoU=0.02
  Overlap detected: Fish 3 ↔ Fish 4 [frame 7770] IoU=0.33
  Crossing started: Fish 3 ↔ Fish 4 [frame 7770]
  Fish 3 ↔ Fish 5: crossing resolved, no swap needed
  Frame 7770/11769 | second 129
  Overlap detected: Fish 1 ↔ Fish 3 [frame 7771] IoU=0.26
  Overlap detected: Fish 1 ↔ Fish 4 [frame 7771] IoU=0.01
  Overlap detected: Fish 3 ↔ Fish 4 [frame 7771] IoU=0.35
  Overlap detected: Fish 1 ↔ Fish 3 [frame 7772] IoU=0.49
  Overlap detected: Fish 1 ↔ Fish 4 [frame 7772] IoU=0.13
  Overlap detected: Fish 3 ↔ Fish 4 [frame 7772] IoU=0.31
  Overlap detected: Fish 1 ↔ Fish 3 [frame 7773] IoU=0.27
  Overlap detected: Fish 1 ↔ Fish 4 [frame 7773] IoU=0.02
  Overlap detected: Fish 3 ↔ Fish 4 [frame 7773] IoU=0.36
  Overlap detected: Fish 1 ↔ Fish 3 [frame 7774] IoU=0.28
  Overlap detected: Fish 1 ↔ Fish 4 [frame 7774] IoU=0.00
  Overlap detected: Fish 3 ↔ Fish 4 [frame 7774] IoU=0.31
  Overlap detected: Fish 1 ↔ Fish 3 [frame 7775] IoU=0.20
  Overlap detected: Fish 1 ↔ Fish 4 [frame 7775] IoU=0.01
  Overlap detected: Fish 3 ↔ Fish 4 [frame 7775] IoU=0.41
  Overlap detected: Fish 1 ↔ Fish 3 [frame 7776] IoU=0.31
  Overlap detected: Fish 1 ↔ Fish 4 [frame 7776] IoU=0.09
  Overlap detected: Fish 3 ↔ Fish 4 [frame 7776] IoU=0.45
  Overlap detected: Fish 1 ↔ Fish 3 [frame 7777] IoU=0.41
  Overlap detected: Fish 1 ↔ Fish 4 [frame 7777] IoU=0.19
  Overlap detected: Fish 3 ↔ Fish 4 [frame 7777] IoU=0.49
  Fish 3 recovered after 2 missing frames
  Overlap detected: Fish 1 ↔ Fish 3 [frame 7778] IoU=0.49
  Overlap detected: Fish 1 ↔ Fish 4 [frame 7778] IoU=0.16
  Overlap detected: Fish 3 ↔ Fish 4 [frame 7778] IoU=0.42
  Overlap detected: Fish 1 ↔ Fish 3 [frame 7779] IoU=0.47
  Overlap detected: Fish 1 ↔ Fish 4 [frame 7779] IoU=0.19
  Overlap detected: Fish 3 ↔ Fish 4 [frame 7779] IoU=0.45
  Overlap detected: Fish 1 ↔ Fish 3 [frame 7780] IoU=0.50
  Overlap detected: Fish 1 ↔ Fish 4 [frame 7780] IoU=0.19
  Overlap detected: Fish 3 ↔ Fish 4 [frame 7780] IoU=0.44
  Fish 1 recovered after 2 missing frames
  Fish 4 recovered after 1 missing frames
  Overlap detected: Fish 1 ↔ Fish 3 [frame 7781] IoU=0.42
  Overlap detected: Fish 4 ↔ Fish 5 [frame 7781] IoU=0.41
  Crossing started: Fish 4 ↔ Fish 5 [frame 7781]
  Overlap detected: Fish 1 ↔ Fish 3 [frame 7782] IoU=0.46
  Overlap detected: Fish 4 ↔ Fish 5 [frame 7782] IoU=0.19
  Overlap detected: Fish 1 ↔ Fish 3 [frame 7783] IoU=0.39
  Overlap detected: Fish 4 ↔ Fish 5 [frame 7783] IoU=0.19
  Fish 3 recovered after 2 missing frames
  Overlap detected: Fish 1 ↔ Fish 3 [frame 7784] IoU=0.48
  Overlap detected: Fish 4 ↔ Fish 5 [frame 7784] IoU=0.41
  Overlap detected: Fish 1 ↔ Fish 3 [frame 7785] IoU=0.36
  Overlap detected: Fish 4 ↔ Fish 5 [frame 7785] IoU=0.21
  Overlap detected: Fish 1 ↔ Fish 3 [frame 7786] IoU=0.36
  Overlap detected: Fish 4 ↔ Fish 5 [frame 7786] IoU=0.49
  Overlap detected: Fish 1 ↔ Fish 3 [frame 7787] IoU=0.54
  Overlap detected: Fish 4 ↔ Fish 5 [frame 7787] IoU=0.07
  Fish 3 recovered after 1 missing frames
  Overlap detected: Fish 1 ↔ Fish 3 [frame 7788] IoU=0.08
  Overlap detected: Fish 4 ↔ Fish 5 [frame 7788] IoU=0.06
  Overlap detected: Fish 1 ↔ Fish 3 [frame 7789] IoU=0.07
  Overlap detected: Fish 4 ↔ Fish 5 [frame 7789] IoU=0.03
  Overlap detected: Fish 1 ↔ Fish 3 [frame 7790] IoU=0.08
  Overlap detected: Fish 4 ↔ Fish 5 [frame 7790] IoU=0.04
  Overlap detected: Fish 1 ↔ Fish 3 [frame 7791] IoU=0.04
  Overlap detected: Fish 1 ↔ Fish 3 [frame 7792] IoU=0.04
  Overlap detected: Fish 1 ↔ Fish 3 [frame 7798] IoU=0.02
  Overlap detected: Fish 1 ↔ Fish 3 [frame 7799] IoU=0.02
  Overlap detected: Fish 1 ↔ Fish 3 [frame 7800] IoU=0.02
  Frame 7800/11769 | second 130
  Overlap detected: Fish 1 ↔ Fish 3 [frame 7801] IoU=0.02
  Overlap detected: Fish 1 ↔ Fish 3 [frame 7802] IoU=0.01
  Overlap detected: Fish 1 ↔ Fish 3 [frame 7804] IoU=0.01
  Fish 4 recovered after 1 missing frames
  Overlap detected: Fish 1 ↔ Fish 3 [frame 7805] IoU=0.02
  Overlap detected: Fish 1 ↔ Fish 3 [frame 7806] IoU=0.02
  Overlap detected: Fish 1 ↔ Fish 3 [frame 7807] IoU=0.01
  Overlap detected: Fish 1 ↔ Fish 4 [frame 7807] IoU=0.00
  Overlap detected: Fish 1 ↔ Fish 4 [frame 7808] IoU=0.00
  Overlap detected: Fish 1 ↔ Fish 4 [frame 7809] IoU=0.00
  Frame 7830/11769 | second 130
  Frame 7860/11769 | second 131
  Overlap detected: Fish 4 ↔ Fish 5 [frame 7871] IoU=0.02
  Overlap detected: Fish 4 ↔ Fish 5 [frame 7872] IoU=0.03
  Overlap detected: Fish 4 ↔ Fish 5 [frame 7873] IoU=0.13
  Overlap detected: Fish 4 ↔ Fish 5 [frame 7874] IoU=0.17
  Crossing started: Fish 4 ↔ Fish 5 [frame 7874]
  Overlap detected: Fish 4 ↔ Fish 5 [frame 7875] IoU=0.24
  Overlap detected: Fish 4 ↔ Fish 5 [frame 7876] IoU=0.28
  Overlap detected: Fish 4 ↔ Fish 5 [frame 7877] IoU=0.29
  Overlap detected: Fish 4 ↔ Fish 5 [frame 7878] IoU=0.30
  Overlap detected: Fish 4 ↔ Fish 5 [frame 7879] IoU=0.35
  Overlap detected: Fish 4 ↔ Fish 5 [frame 7880] IoU=0.34
  Overlap detected: Fish 4 ↔ Fish 5 [frame 7881] IoU=0.34
  Overlap detected: Fish 4 ↔ Fish 5 [frame 7882] IoU=0.30
  Overlap detected: Fish 4 ↔ Fish 5 [frame 7883] IoU=0.27
  Overlap detected: Fish 4 ↔ Fish 5 [frame 7884] IoU=0.25
  Overlap detected: Fish 4 ↔ Fish 5 [frame 7885] IoU=0.25
  Overlap detected: Fish 4 ↔ Fish 5 [frame 7886] IoU=0.22
  Fish 4 recovered after 13 missing frames
  Overlap detected: Fish 4 ↔ Fish 5 [frame 7887] IoU=0.21
  Overlap detected: Fish 4 ↔ Fish 5 [frame 7888] IoU=0.12
  Overlap detected: Fish 4 ↔ Fish 5 [frame 7889] IoU=0.08
  Fish 4 ↔ Fish 5: IDs swapped back after crossing
  Overlap detected: Fish 4 ↔ Fish 5 [frame 7890] IoU=0.01
  Frame 7890/11769 | second 131
  Overlap detected: Fish 4 ↔ Fish 5 [frame 7892] IoU=0.00
  Overlap detected: Fish 4 ↔ Fish 5 [frame 7899] IoU=0.00
  Overlap detected: Fish 4 ↔ Fish 5 [frame 7900] IoU=0.01
  Overlap detected: Fish 4 ↔ Fish 5 [frame 7901] IoU=0.01
  Overlap detected: Fish 4 ↔ Fish 5 [frame 7912] IoU=0.00
  Overlap detected: Fish 4 ↔ Fish 5 [frame 7913] IoU=0.00
  Overlap detected: Fish 4 ↔ Fish 5 [frame 7914] IoU=0.01
  Overlap detected: Fish 4 ↔ Fish 5 [frame 7915] IoU=0.00
  Overlap detected: Fish 4 ↔ Fish 5 [frame 7916] IoU=0.01
  Overlap detected: Fish 4 ↔ Fish 5 [frame 7917] IoU=0.01
  Overlap detected: Fish 4 ↔ Fish 5 [frame 7918] IoU=0.01
  Overlap detected: Fish 4 ↔ Fish 5 [frame 7920] IoU=0.00
  Frame 7920/11769 | second 132
  Overlap detected: Fish 4 ↔ Fish 5 [frame 7921] IoU=0.00
  Overlap detected: Fish 4 ↔ Fish 5 [frame 7922] IoU=0.00
  Crossing started: Fish 4 ↔ Fish 5 [frame 7922]
  Overlap detected: Fish 4 ↔ Fish 5 [frame 7923] IoU=0.00
  Overlap detected: Fish 1 ↔ Fish 2 [frame 7925] IoU=0.00
  Overlap detected: Fish 1 ↔ Fish 2 [frame 7927] IoU=0.04
  Overlap detected: Fish 1 ↔ Fish 2 [frame 7928] IoU=0.08
  Overlap detected: Fish 1 ↔ Fish 2 [frame 7929] IoU=0.07
  Overlap detected: Fish 1 ↔ Fish 2 [frame 7930] IoU=0.06
  Overlap detected: Fish 1 ↔ Fish 2 [frame 7931] IoU=0.07
  Crossing started: Fish 1 ↔ Fish 2 [frame 7931]
  Overlap detected: Fish 1 ↔ Fish 2 [frame 7932] IoU=0.07
  Overlap detected: Fish 1 ↔ Fish 2 [frame 7933] IoU=0.07
  Overlap detected: Fish 1 ↔ Fish 2 [frame 7934] IoU=0.10
  Overlap detected: Fish 1 ↔ Fish 2 [frame 7935] IoU=0.12
  Overlap detected: Fish 1 ↔ Fish 2 [frame 7936] IoU=0.11
  Overlap detected: Fish 1 ↔ Fish 2 [frame 7937] IoU=0.15
  Overlap detected: Fish 1 ↔ Fish 2 [frame 7938] IoU=0.12
  Overlap detected: Fish 4 ↔ Fish 5 [frame 7938] IoU=0.02
  Overlap detected: Fish 1 ↔ Fish 2 [frame 7939] IoU=0.12
  Overlap detected: Fish 1 ↔ Fish 2 [frame 7940] IoU=0.15
  Overlap detected: Fish 4 ↔ Fish 5 [frame 7940] IoU=0.01
  Fish 4 recovered after 12 missing frames
  Overlap detected: Fish 1 ↔ Fish 2 [frame 7941] IoU=0.12
  Overlap detected: Fish 1 ↔ Fish 2 [frame 7942] IoU=0.15
  Overlap detected: Fish 1 ↔ Fish 2 [frame 7943] IoU=0.15
  Overlap detected: Fish 1 ↔ Fish 2 [frame 7944] IoU=0.16
  Overlap detected: Fish 1 ↔ Fish 2 [frame 7945] IoU=0.16
  Overlap detected: Fish 1 ↔ Fish 2 [frame 7946] IoU=0.17
  Overlap detected: Fish 1 ↔ Fish 2 [frame 7947] IoU=0.18
  Overlap detected: Fish 1 ↔ Fish 2 [frame 7948] IoU=0.18
  Fish 4 recovered after 4 missing frames
  Overlap detected: Fish 1 ↔ Fish 2 [frame 7949] IoU=0.18
  Overlap detected: Fish 1 ↔ Fish 2 [frame 7950] IoU=0.18
  Frame 7950/11769 | second 132
  Overlap detected: Fish 1 ↔ Fish 2 [frame 7951] IoU=0.19
  Fish 2 recovered after 20 missing frames
  Overlap detected: Fish 1 ↔ Fish 2 [frame 7952] IoU=0.25
  Fish 1 ↔ Fish 2: crossing resolved, no swap needed
  Frame 7980/11769 | second 133
  Frame 8010/11769 | second 133
  Overlap detected: Fish 3 ↔ Fish 5 [frame 8012] IoU=0.02
  Overlap detected: Fish 3 ↔ Fish 5 [frame 8013] IoU=0.03
  Overlap detected: Fish 3 ↔ Fish 5 [frame 8014] IoU=0.02
  Crossing started: Fish 3 ↔ Fish 5 [frame 8016]
  Overlap detected: Fish 3 ↔ Fish 5 [frame 8019] IoU=0.01
  Fish 1 recovered after 1 missing frames
  Fish 1 recovered after 1 missing frames
  Fish 3 ↔ Fish 5: crossing resolved, no swap needed
  Overlap detected: Fish 3 ↔ Fish 5 [frame 8026] IoU=0.00
  Overlap detected: Fish 3 ↔ Fish 5 [frame 8027] IoU=0.01
  Overlap detected: Fish 3 ↔ Fish 5 [frame 8028] IoU=0.01
  Overlap detected: Fish 3 ↔ Fish 5 [frame 8029] IoU=0.01
  Fish 1 recovered after 6 missing frames
  Frame 8040/11769 | second 134
  Fish 4 recovered after 31 missing frames
  Frame 8070/11769 | second 134
  Frame 8100/11769 | second 135
  Overlap detected: Fish 2 ↔ Fish 3 [frame 8101] IoU=0.00
  Overlap detected: Fish 2 ↔ Fish 3 [frame 8102] IoU=0.01
  Overlap detected: Fish 2 ↔ Fish 3 [frame 8103] IoU=0.03
  Overlap detected: Fish 2 ↔ Fish 3 [frame 8104] IoU=0.03
  Overlap detected: Fish 2 ↔ Fish 3 [frame 8105] IoU=0.04
  Overlap detected: Fish 2 ↔ Fish 3 [frame 8106] IoU=0.05
  Overlap detected: Fish 2 ↔ Fish 3 [frame 8107] IoU=0.06
  Overlap detected: Fish 2 ↔ Fish 3 [frame 8114] IoU=0.00
  Overlap detected: Fish 2 ↔ Fish 3 [frame 8115] IoU=0.04
  Overlap detected: Fish 2 ↔ Fish 3 [frame 8116] IoU=0.04
  Overlap detected: Fish 2 ↔ Fish 3 [frame 8117] IoU=0.05
  Overlap detected: Fish 2 ↔ Fish 3 [frame 8118] IoU=0.06
  Overlap detected: Fish 2 ↔ Fish 3 [frame 8119] IoU=0.08
  Crossing started: Fish 2 ↔ Fish 3 [frame 8119]
  Overlap detected: Fish 2 ↔ Fish 3 [frame 8120] IoU=0.11
  Overlap detected: Fish 2 ↔ Fish 3 [frame 8121] IoU=0.19
  Overlap detected: Fish 2 ↔ Fish 3 [frame 8122] IoU=0.09
  Overlap detected: Fish 2 ↔ Fish 3 [frame 8123] IoU=0.01
  Overlap detected: Fish 2 ↔ Fish 3 [frame 8124] IoU=0.01
  Overlap detected: Fish 2 ↔ Fish 3 [frame 8126] IoU=0.00
  Frame 8130/11769 | second 135
  Fish 2 ↔ Fish 3: crossing resolved, no swap needed
  Overlap detected: Fish 2 ↔ Fish 3 [frame 8134] IoU=0.03
  Overlap detected: Fish 2 ↔ Fish 3 [frame 8135] IoU=0.07
  Overlap detected: Fish 2 ↔ Fish 3 [frame 8136] IoU=0.09
  Overlap detected: Fish 2 ↔ Fish 3 [frame 8137] IoU=0.09
  Overlap detected: Fish 2 ↔ Fish 3 [frame 8138] IoU=0.11
  Overlap detected: Fish 2 ↔ Fish 3 [frame 8139] IoU=0.10
  Overlap detected: Fish 2 ↔ Fish 3 [frame 8140] IoU=0.10
  Overlap detected: Fish 2 ↔ Fish 4 [frame 8140] IoU=0.01
  Overlap detected: Fish 2 ↔ Fish 3 [frame 8141] IoU=0.09
  Overlap detected: Fish 2 ↔ Fish 4 [frame 8141] IoU=0.03
  Overlap detected: Fish 2 ↔ Fish 3 [frame 8142] IoU=0.06
  Overlap detected: Fish 2 ↔ Fish 4 [frame 8142] IoU=0.03
  Overlap detected: Fish 2 ↔ Fish 3 [frame 8143] IoU=0.06
  Overlap detected: Fish 2 ↔ Fish 4 [frame 8143] IoU=0.05
  Overlap detected: Fish 2 ↔ Fish 3 [frame 8144] IoU=0.04
  Overlap detected: Fish 2 ↔ Fish 4 [frame 8144] IoU=0.05
  Overlap detected: Fish 2 ↔ Fish 3 [frame 8145] IoU=0.01
  Overlap detected: Fish 2 ↔ Fish 3 [frame 8146] IoU=0.01
  Overlap detected: Fish 2 ↔ Fish 4 [frame 8154] IoU=0.00
  Overlap detected: Fish 2 ↔ Fish 4 [frame 8155] IoU=0.02
  Overlap detected: Fish 2 ↔ Fish 4 [frame 8156] IoU=0.03
  Overlap detected: Fish 2 ↔ Fish 4 [frame 8157] IoU=0.02
  Overlap detected: Fish 2 ↔ Fish 4 [frame 8158] IoU=0.03
  Overlap detected: Fish 2 ↔ Fish 4 [frame 8159] IoU=0.04
  Overlap detected: Fish 2 ↔ Fish 4 [frame 8160] IoU=0.05
  Frame 8160/11769 | second 136
  Overlap detected: Fish 2 ↔ Fish 4 [frame 8161] IoU=0.05
  Overlap detected: Fish 2 ↔ Fish 4 [frame 8162] IoU=0.05
  Crossing started: Fish 2 ↔ Fish 4 [frame 8162]
  Overlap detected: Fish 2 ↔ Fish 4 [frame 8163] IoU=0.04
  Overlap detected: Fish 2 ↔ Fish 4 [frame 8164] IoU=0.03
  Overlap detected: Fish 2 ↔ Fish 4 [frame 8165] IoU=0.05
  Overlap detected: Fish 2 ↔ Fish 4 [frame 8166] IoU=0.04
  Overlap detected: Fish 2 ↔ Fish 4 [frame 8167] IoU=0.04
  Overlap detected: Fish 2 ↔ Fish 4 [frame 8168] IoU=0.03
  Overlap detected: Fish 2 ↔ Fish 4 [frame 8169] IoU=0.02
  Overlap detected: Fish 2 ↔ Fish 4 [frame 8170] IoU=0.05
  Overlap detected: Fish 2 ↔ Fish 4 [frame 8171] IoU=0.04
  Overlap detected: Fish 2 ↔ Fish 4 [frame 8172] IoU=0.04
  Overlap detected: Fish 2 ↔ Fish 4 [frame 8173] IoU=0.08
  Overlap detected: Fish 2 ↔ Fish 4 [frame 8174] IoU=0.06
  Overlap detected: Fish 2 ↔ Fish 4 [frame 8175] IoU=0.06
  Overlap detected: Fish 2 ↔ Fish 4 [frame 8176] IoU=0.09
  Fish 2 ↔ Fish 4: crossing resolved, no swap needed
  Overlap detected: Fish 2 ↔ Fish 4 [frame 8177] IoU=0.12
  Overlap detected: Fish 2 ↔ Fish 4 [frame 8178] IoU=0.09
  Overlap detected: Fish 2 ↔ Fish 4 [frame 8179] IoU=0.08
  Overlap detected: Fish 2 ↔ Fish 4 [frame 8180] IoU=0.06
  Overlap detected: Fish 2 ↔ Fish 4 [frame 8181] IoU=0.05
  Overlap detected: Fish 2 ↔ Fish 4 [frame 8182] IoU=0.03
  Overlap detected: Fish 2 ↔ Fish 4 [frame 8183] IoU=0.00
  Frame 8190/11769 | second 136
  Frame 8220/11769 | second 137
  Frame 8250/11769 | second 137
  Frame 8280/11769 | second 138
  Overlap detected: Fish 3 ↔ Fish 4 [frame 8297] IoU=0.00
  Overlap detected: Fish 3 ↔ Fish 4 [frame 8298] IoU=0.00
  Frame 8310/11769 | second 138
  Crossing started: Fish 3 ↔ Fish 4 [frame 8318]
  Fish 1 recovered after 1 missing frames
  Fish 3 ↔ Fish 4: crossing resolved, no swap needed
  Frame 8340/11769 | second 139
  Frame 8370/11769 | second 139
  Frame 8400/11769 | second 140
  Overlap detected: Fish 3 ↔ Fish 4 [frame 8401] IoU=0.01
  Overlap detected: Fish 3 ↔ Fish 4 [frame 8402] IoU=0.02
  Overlap detected: Fish 3 ↔ Fish 4 [frame 8403] IoU=0.05
  Overlap detected: Fish 3 ↔ Fish 4 [frame 8404] IoU=0.08
  Overlap detected: Fish 3 ↔ Fish 4 [frame 8405] IoU=0.17
  Fish 2 recovered after 1 missing frames
  Overlap detected: Fish 3 ↔ Fish 4 [frame 8406] IoU=0.25
  Crossing started: Fish 3 ↔ Fish 4 [frame 8406]
  Overlap detected: Fish 3 ↔ Fish 4 [frame 8407] IoU=0.40
  Overlap detected: Fish 3 ↔ Fish 4 [frame 8408] IoU=0.42
  Fish 3 recovered after 3 missing frames
  Overlap detected: Fish 3 ↔ Fish 4 [frame 8409] IoU=0.73
  Overlap detected: Fish 3 ↔ Fish 4 [frame 8410] IoU=0.66
  Fish 4 recovered after 2 missing frames
  Fish 3 ↔ Fish 4: crossing resolved, no swap needed
  Overlap detected: Fish 3 ↔ Fish 4 [frame 8412] IoU=0.01
  Overlap detected: Fish 3 ↔ Fish 4 [frame 8413] IoU=0.06
  Overlap detected: Fish 3 ↔ Fish 4 [frame 8414] IoU=0.09
  Overlap detected: Fish 3 ↔ Fish 4 [frame 8415] IoU=0.07
  Fish 2 recovered after 13 missing frames
  Fish 2 recovered after 1 missing frames
  Frame 8430/11769 | second 140
  Fish 5 recovered after 399 missing frames
  Fish 5 recovered after 7 missing frames
  Overlap detected: Fish 4 ↔ Fish 5 [frame 8458] IoU=0.01
  Overlap detected: Fish 4 ↔ Fish 5 [frame 8459] IoU=0.01
  Overlap detected: Fish 4 ↔ Fish 5 [frame 8460] IoU=0.04
  Frame 8460/11769 | second 141
  Overlap detected: Fish 4 ↔ Fish 5 [frame 8461] IoU=0.03
  Overlap detected: Fish 4 ↔ Fish 5 [frame 8462] IoU=0.01
  Overlap detected: Fish 4 ↔ Fish 5 [frame 8463] IoU=0.00
  Overlap detected: Fish 4 ↔ Fish 5 [frame 8464] IoU=0.01
  Frame 8490/11769 | second 141
  Overlap detected: Fish 4 ↔ Fish 5 [frame 8500] IoU=0.01
  Overlap detected: Fish 4 ↔ Fish 5 [frame 8501] IoU=0.04
  Overlap detected: Fish 4 ↔ Fish 5 [frame 8502] IoU=0.07
  Overlap detected: Fish 4 ↔ Fish 5 [frame 8503] IoU=0.09
  Overlap detected: Fish 4 ↔ Fish 5 [frame 8504] IoU=0.06
  Overlap detected: Fish 4 ↔ Fish 5 [frame 8505] IoU=0.05
  Overlap detected: Fish 4 ↔ Fish 5 [frame 8506] IoU=0.06
  Overlap detected: Fish 4 ↔ Fish 5 [frame 8507] IoU=0.05
  Overlap detected: Fish 4 ↔ Fish 5 [frame 8508] IoU=0.03
  Overlap detected: Fish 4 ↔ Fish 5 [frame 8509] IoU=0.02
  Overlap detected: Fish 1 ↔ Fish 4 [frame 8515] IoU=0.02
  Overlap detected: Fish 1 ↔ Fish 4 [frame 8516] IoU=0.03
  Overlap detected: Fish 1 ↔ Fish 4 [frame 8517] IoU=0.08
  Crossing started: Fish 1 ↔ Fish 4 [frame 8517]
  Overlap detected: Fish 1 ↔ Fish 4 [frame 8518] IoU=0.11
  Overlap detected: Fish 1 ↔ Fish 4 [frame 8519] IoU=0.11
  Overlap detected: Fish 1 ↔ Fish 4 [frame 8520] IoU=0.10
  Frame 8520/11769 | second 142
  Overlap detected: Fish 1 ↔ Fish 4 [frame 8521] IoU=0.10
  Overlap detected: Fish 1 ↔ Fish 4 [frame 8522] IoU=0.10
  Fish 1 ↔ Fish 4: crossing resolved, no swap needed
  Overlap detected: Fish 1 ↔ Fish 4 [frame 8523] IoU=0.11
  Overlap detected: Fish 1 ↔ Fish 4 [frame 8524] IoU=0.11
  Overlap detected: Fish 1 ↔ Fish 4 [frame 8525] IoU=0.11
  Fish 4 recovered after 7 missing frames
  Overlap detected: Fish 1 ↔ Fish 4 [frame 8526] IoU=0.15
  Crossing started: Fish 1 ↔ Fish 4 [frame 8526]
  Overlap detected: Fish 1 ↔ Fish 4 [frame 8527] IoU=0.16
  Fish 1 ↔ Fish 4: crossing resolved, no swap needed
  Overlap detected: Fish 1 ↔ Fish 4 [frame 8528] IoU=0.12
  Overlap detected: Fish 1 ↔ Fish 4 [frame 8529] IoU=0.09
  Overlap detected: Fish 1 ↔ Fish 4 [frame 8530] IoU=0.07
  Overlap detected: Fish 1 ↔ Fish 4 [frame 8531] IoU=0.06
  Overlap detected: Fish 1 ↔ Fish 4 [frame 8532] IoU=0.04
  Overlap detected: Fish 1 ↔ Fish 4 [frame 8533] IoU=0.02
  Overlap detected: Fish 1 ↔ Fish 4 [frame 8534] IoU=0.01
  Frame 8550/11769 | second 142
  Overlap detected: Fish 3 ↔ Fish 5 [frame 8566] IoU=0.01
  Overlap detected: Fish 3 ↔ Fish 5 [frame 8567] IoU=0.03
  Overlap detected: Fish 3 ↔ Fish 5 [frame 8568] IoU=0.04
  Overlap detected: Fish 3 ↔ Fish 5 [frame 8569] IoU=0.06
  Overlap detected: Fish 3 ↔ Fish 5 [frame 8570] IoU=0.08
  Overlap detected: Fish 3 ↔ Fish 5 [frame 8571] IoU=0.10
  Overlap detected: Fish 3 ↔ Fish 5 [frame 8572] IoU=0.34
  Crossing started: Fish 3 ↔ Fish 5 [frame 8572]
  Overlap detected: Fish 3 ↔ Fish 5 [frame 8573] IoU=0.37
  Overlap detected: Fish 3 ↔ Fish 5 [frame 8574] IoU=0.14
  Overlap detected: Fish 3 ↔ Fish 5 [frame 8575] IoU=0.16
  Fish 3 ↔ Fish 5: crossing resolved, no swap needed
  Overlap detected: Fish 3 ↔ Fish 5 [frame 8576] IoU=0.37
  Crossing started: Fish 3 ↔ Fish 5 [frame 8576]
  Overlap detected: Fish 3 ↔ Fish 5 [frame 8577] IoU=0.40
  Overlap detected: Fish 3 ↔ Fish 5 [frame 8578] IoU=0.44
  Overlap detected: Fish 3 ↔ Fish 5 [frame 8579] IoU=0.33
  Overlap detected: Fish 3 ↔ Fish 5 [frame 8580] IoU=0.40
  Frame 8580/11769 | second 143
  Overlap detected: Fish 3 ↔ Fish 5 [frame 8581] IoU=0.28
  Overlap detected: Fish 3 ↔ Fish 5 [frame 8582] IoU=0.49
  Overlap detected: Fish 3 ↔ Fish 5 [frame 8583] IoU=0.14
  Overlap detected: Fish 3 ↔ Fish 5 [frame 8584] IoU=0.11
  Overlap detected: Fish 3 ↔ Fish 5 [frame 8585] IoU=0.08
  Fish 3 ↔ Fish 5: crossing resolved, no swap needed
  Overlap detected: Fish 3 ↔ Fish 5 [frame 8586] IoU=0.00
  Overlap detected: Fish 3 ↔ Fish 5 [frame 8588] IoU=0.00
  Overlap detected: Fish 3 ↔ Fish 5 [frame 8589] IoU=0.02
  Overlap detected: Fish 3 ↔ Fish 5 [frame 8590] IoU=0.02
  Overlap detected: Fish 3 ↔ Fish 5 [frame 8591] IoU=0.03
  Overlap detected: Fish 3 ↔ Fish 5 [frame 8592] IoU=0.04
  Overlap detected: Fish 3 ↔ Fish 5 [frame 8593] IoU=0.07
  Overlap detected: Fish 3 ↔ Fish 5 [frame 8594] IoU=0.09
  Crossing started: Fish 3 ↔ Fish 5 [frame 8594]
  Overlap detected: Fish 3 ↔ Fish 5 [frame 8595] IoU=0.12
  Overlap detected: Fish 3 ↔ Fish 5 [frame 8596] IoU=0.11
  Overlap detected: Fish 3 ↔ Fish 5 [frame 8597] IoU=0.13
  Overlap detected: Fish 3 ↔ Fish 5 [frame 8598] IoU=0.22
  Overlap detected: Fish 3 ↔ Fish 5 [frame 8599] IoU=0.26
  Fish 3 recovered after 4 missing frames
  Overlap detected: Fish 3 ↔ Fish 5 [frame 8600] IoU=0.28
  Overlap detected: Fish 3 ↔ Fish 5 [frame 8601] IoU=0.25
  Fish 3 recovered after 1 missing frames
  Overlap detected: Fish 3 ↔ Fish 5 [frame 8602] IoU=0.31
  Overlap detected: Fish 3 ↔ Fish 5 [frame 8603] IoU=0.27
  Fish 3 recovered after 1 missing frames
  Overlap detected: Fish 3 ↔ Fish 5 [frame 8604] IoU=0.05
  Overlap detected: Fish 3 ↔ Fish 5 [frame 8605] IoU=0.05
  Overlap detected: Fish 3 ↔ Fish 5 [frame 8606] IoU=0.12
  Overlap detected: Fish 3 ↔ Fish 5 [frame 8607] IoU=0.01
  Fish 3 ↔ Fish 5: crossing resolved, no swap needed
  Overlap detected: Fish 3 ↔ Fish 5 [frame 8608] IoU=0.01
  Fish 3 recovered after 4 missing frames
  Overlap detected: Fish 3 ↔ Fish 5 [frame 8609] IoU=0.01
  Overlap detected: Fish 3 ↔ Fish 5 [frame 8610] IoU=0.02
  Frame 8610/11769 | second 143
  Overlap detected: Fish 3 ↔ Fish 5 [frame 8611] IoU=0.05
  Overlap detected: Fish 3 ↔ Fish 5 [frame 8612] IoU=0.10
  Crossing started: Fish 3 ↔ Fish 5 [frame 8612]
  Overlap detected: Fish 3 ↔ Fish 5 [frame 8613] IoU=0.09
  Fish 3 ↔ Fish 5: crossing resolved, no swap needed
  Overlap detected: Fish 3 ↔ Fish 5 [frame 8614] IoU=0.09
  Crossing started: Fish 3 ↔ Fish 5 [frame 8614]
  Overlap detected: Fish 3 ↔ Fish 5 [frame 8615] IoU=0.11
  Fish 3 recovered after 2 missing frames
  Overlap detected: Fish 3 ↔ Fish 5 [frame 8616] IoU=0.05
  Fish 3 ↔ Fish 5: crossing resolved, no swap needed
  Fish 4 recovered after 24 missing frames
  Overlap detected: Fish 3 ↔ Fish 5 [frame 8617] IoU=0.09
  Overlap detected: Fish 3 ↔ Fish 5 [frame 8618] IoU=0.08
  Overlap detected: Fish 3 ↔ Fish 5 [frame 8619] IoU=0.08
  Fish 3 recovered after 2 missing frames
  Overlap detected: Fish 3 ↔ Fish 5 [frame 8620] IoU=0.21
  Crossing started: Fish 3 ↔ Fish 5 [frame 8620]
  Overlap detected: Fish 3 ↔ Fish 5 [frame 8621] IoU=0.42
  Overlap detected: Fish 3 ↔ Fish 5 [frame 8622] IoU=0.64
  Fish 5 recovered after 1 missing frames
  Overlap detected: Fish 3 ↔ Fish 5 [frame 8623] IoU=0.41
  Overlap detected: Fish 3 ↔ Fish 5 [frame 8624] IoU=0.39
  Overlap detected: Fish 3 ↔ Fish 5 [frame 8625] IoU=0.50
  Overlap detected: Fish 3 ↔ Fish 5 [frame 8626] IoU=0.46
  Overlap detected: Fish 3 ↔ Fish 5 [frame 8627] IoU=0.45
  Overlap detected: Fish 3 ↔ Fish 5 [frame 8628] IoU=0.53
  Fish 5 recovered after 4 missing frames
  Overlap detected: Fish 3 ↔ Fish 5 [frame 8629] IoU=0.10
  Fish 3 ↔ Fish 5: crossing resolved, no swap needed
  Overlap detected: Fish 3 ↔ Fish 5 [frame 8630] IoU=0.15
  Overlap detected: Fish 3 ↔ Fish 5 [frame 8631] IoU=0.10
  Overlap detected: Fish 3 ↔ Fish 5 [frame 8632] IoU=0.11
  Overlap detected: Fish 3 ↔ Fish 5 [frame 8633] IoU=0.12
  Overlap detected: Fish 3 ↔ Fish 5 [frame 8634] IoU=0.13
  Overlap detected: Fish 3 ↔ Fish 5 [frame 8635] IoU=0.21
  Crossing started: Fish 3 ↔ Fish 5 [frame 8635]
  Overlap detected: Fish 3 ↔ Fish 5 [frame 8636] IoU=0.13
  Overlap detected: Fish 3 ↔ Fish 5 [frame 8637] IoU=0.12
  Fish 3 ↔ Fish 5: crossing resolved, no swap needed
  Overlap detected: Fish 3 ↔ Fish 5 [frame 8638] IoU=0.10
  Overlap detected: Fish 3 ↔ Fish 5 [frame 8639] IoU=0.05
  Overlap detected: Fish 3 ↔ Fish 5 [frame 8640] IoU=0.06
  Frame 8640/11769 | second 144
  Overlap detected: Fish 3 ↔ Fish 5 [frame 8641] IoU=0.07
  Overlap detected: Fish 3 ↔ Fish 5 [frame 8642] IoU=0.10
  Overlap detected: Fish 3 ↔ Fish 5 [frame 8643] IoU=0.08
  Overlap detected: Fish 3 ↔ Fish 5 [frame 8644] IoU=0.14
  Crossing started: Fish 3 ↔ Fish 5 [frame 8644]
  Overlap detected: Fish 3 ↔ Fish 5 [frame 8645] IoU=0.11
  Overlap detected: Fish 3 ↔ Fish 5 [frame 8646] IoU=0.13
  Overlap detected: Fish 3 ↔ Fish 5 [frame 8647] IoU=0.14
  Overlap detected: Fish 3 ↔ Fish 5 [frame 8648] IoU=0.22
  Overlap detected: Fish 3 ↔ Fish 5 [frame 8649] IoU=0.20
  Overlap detected: Fish 3 ↔ Fish 5 [frame 8650] IoU=0.22
  Fish 5 recovered after 6 missing frames
  Overlap detected: Fish 3 ↔ Fish 5 [frame 8651] IoU=0.26
  Overlap detected: Fish 3 ↔ Fish 5 [frame 8652] IoU=0.28
  Overlap detected: Fish 3 ↔ Fish 5 [frame 8653] IoU=0.18
  Overlap detected: Fish 3 ↔ Fish 5 [frame 8654] IoU=0.50
  Overlap detected: Fish 3 ↔ Fish 5 [frame 8655] IoU=0.70
  Overlap detected: Fish 3 ↔ Fish 5 [frame 8656] IoU=0.69
  Fish 3 recovered after 2 missing frames
  Overlap detected: Fish 3 ↔ Fish 5 [frame 8657] IoU=0.86
  Overlap detected: Fish 3 ↔ Fish 5 [frame 8658] IoU=0.85
  Overlap detected: Fish 3 ↔ Fish 5 [frame 8659] IoU=0.82
  Overlap detected: Fish 3 ↔ Fish 5 [frame 8660] IoU=0.79
  Overlap detected: Fish 3 ↔ Fish 5 [frame 8661] IoU=0.67
  Overlap detected: Fish 3 ↔ Fish 5 [frame 8662] IoU=0.63
  Overlap detected: Fish 3 ↔ Fish 5 [frame 8663] IoU=0.67
  Overlap detected: Fish 3 ↔ Fish 5 [frame 8664] IoU=0.62
  Overlap detected: Fish 3 ↔ Fish 5 [frame 8665] IoU=0.60
  Overlap detected: Fish 3 ↔ Fish 5 [frame 8666] IoU=0.57
  Overlap detected: Fish 3 ↔ Fish 5 [frame 8667] IoU=0.54
  Overlap detected: Fish 3 ↔ Fish 5 [frame 8668] IoU=0.44
  Overlap detected: Fish 3 ↔ Fish 5 [frame 8669] IoU=0.43
  Overlap detected: Fish 3 ↔ Fish 5 [frame 8670] IoU=0.39
  Frame 8670/11769 | second 144
  Overlap detected: Fish 3 ↔ Fish 5 [frame 8671] IoU=0.39
  Fish 3 ↔ Fish 5: crossing resolved, no swap needed
  Overlap detected: Fish 3 ↔ Fish 5 [frame 8672] IoU=0.36
  Fish 5 recovered after 16 missing frames
  Overlap detected: Fish 3 ↔ Fish 5 [frame 8673] IoU=0.44
  Crossing started: Fish 3 ↔ Fish 5 [frame 8673]
  Overlap detected: Fish 3 ↔ Fish 5 [frame 8674] IoU=0.47
  Overlap detected: Fish 3 ↔ Fish 5 [frame 8675] IoU=0.42
  Overlap detected: Fish 3 ↔ Fish 5 [frame 8676] IoU=0.44
  Overlap detected: Fish 3 ↔ Fish 5 [frame 8677] IoU=0.21
  Overlap detected: Fish 3 ↔ Fish 5 [frame 8678] IoU=0.25
  Overlap detected: Fish 3 ↔ Fish 5 [frame 8679] IoU=0.07
  Fish 3 ↔ Fish 5: crossing resolved, no swap needed
  Overlap detected: Fish 3 ↔ Fish 5 [frame 8680] IoU=0.05
  Overlap detected: Fish 3 ↔ Fish 5 [frame 8681] IoU=0.02
  Overlap detected: Fish 3 ↔ Fish 5 [frame 8682] IoU=0.01
  Overlap detected: Fish 3 ↔ Fish 5 [frame 8683] IoU=0.01
  Overlap detected: Fish 1 ↔ Fish 3 [frame 8694] IoU=0.00
  Overlap detected: Fish 1 ↔ Fish 3 [frame 8695] IoU=0.01
  Overlap detected: Fish 1 ↔ Fish 3 [frame 8696] IoU=0.03
  Frame 8700/11769 | second 145
  Overlap detected: Fish 1 ↔ Fish 3 [frame 8708] IoU=0.01
  Overlap detected: Fish 1 ↔ Fish 3 [frame 8709] IoU=0.01
  Overlap detected: Fish 1 ↔ Fish 3 [frame 8711] IoU=0.00
  Frame 8730/11769 | second 145
  Fish 2 recovered after 1 missing frames
  Fish 2 recovered after 1 missing frames
  Frame 8760/11769 | second 146
  Overlap detected: Fish 1 ↔ Fish 3 [frame 8778] IoU=0.01
  Overlap detected: Fish 1 ↔ Fish 3 [frame 8779] IoU=0.02
  Overlap detected: Fish 1 ↔ Fish 3 [frame 8780] IoU=0.05
  Crossing started: Fish 1 ↔ Fish 3 [frame 8780]
  Overlap detected: Fish 1 ↔ Fish 3 [frame 8781] IoU=0.05
  Overlap detected: Fish 1 ↔ Fish 3 [frame 8782] IoU=0.06
  Overlap detected: Fish 1 ↔ Fish 3 [frame 8783] IoU=0.08
  Overlap detected: Fish 1 ↔ Fish 3 [frame 8784] IoU=0.10
  Overlap detected: Fish 1 ↔ Fish 3 [frame 8785] IoU=0.10
  Overlap detected: Fish 1 ↔ Fish 3 [frame 8786] IoU=0.12
  Overlap detected: Fish 1 ↔ Fish 3 [frame 8787] IoU=0.12
  Overlap detected: Fish 1 ↔ Fish 3 [frame 8788] IoU=0.11
  Overlap detected: Fish 1 ↔ Fish 3 [frame 8789] IoU=0.12
  Overlap detected: Fish 1 ↔ Fish 3 [frame 8790] IoU=0.14
  Frame 8790/11769 | second 146
  Fish 3 recovered after 15 missing frames
  Overlap detected: Fish 1 ↔ Fish 3 [frame 8791] IoU=0.64
  Overlap detected: Fish 1 ↔ Fish 3 [frame 8792] IoU=0.62
  Overlap detected: Fish 1 ↔ Fish 3 [frame 8793] IoU=0.51
  Overlap detected: Fish 1 ↔ Fish 3 [frame 8794] IoU=0.47
  Overlap detected: Fish 1 ↔ Fish 3 [frame 8795] IoU=0.48
  Overlap detected: Fish 1 ↔ Fish 3 [frame 8796] IoU=0.50
  Overlap detected: Fish 1 ↔ Fish 3 [frame 8797] IoU=0.45
  Overlap detected: Fish 1 ↔ Fish 3 [frame 8798] IoU=0.43
  Overlap detected: Fish 1 ↔ Fish 3 [frame 8799] IoU=0.43
  Overlap detected: Fish 1 ↔ Fish 3 [frame 8800] IoU=0.44
  Overlap detected: Fish 1 ↔ Fish 3 [frame 8801] IoU=0.45
  Overlap detected: Fish 1 ↔ Fish 3 [frame 8802] IoU=0.45
  Overlap detected: Fish 1 ↔ Fish 3 [frame 8803] IoU=0.43
  Overlap detected: Fish 1 ↔ Fish 3 [frame 8804] IoU=0.37
  Overlap detected: Fish 1 ↔ Fish 3 [frame 8805] IoU=0.30
  Overlap detected: Fish 1 ↔ Fish 3 [frame 8806] IoU=0.26
  Overlap detected: Fish 1 ↔ Fish 3 [frame 8807] IoU=0.24
  Overlap detected: Fish 1 ↔ Fish 3 [frame 8808] IoU=0.19
  Fish 1 ↔ Fish 3: crossing resolved, no swap needed
  Overlap detected: Fish 1 ↔ Fish 3 [frame 8809] IoU=0.17
  Overlap detected: Fish 1 ↔ Fish 3 [frame 8810] IoU=0.16
  Overlap detected: Fish 1 ↔ Fish 3 [frame 8811] IoU=0.14
  Overlap detected: Fish 1 ↔ Fish 3 [frame 8812] IoU=0.14
  Overlap detected: Fish 1 ↔ Fish 3 [frame 8813] IoU=0.13
  Overlap detected: Fish 1 ↔ Fish 3 [frame 8814] IoU=0.12
  Overlap detected: Fish 1 ↔ Fish 3 [frame 8815] IoU=0.11
  Overlap detected: Fish 1 ↔ Fish 3 [frame 8816] IoU=0.10
  Overlap detected: Fish 1 ↔ Fish 3 [frame 8817] IoU=0.11
  Overlap detected: Fish 1 ↔ Fish 3 [frame 8818] IoU=0.11
  Overlap detected: Fish 1 ↔ Fish 3 [frame 8819] IoU=0.09
  Overlap detected: Fish 1 ↔ Fish 3 [frame 8820] IoU=0.06
  Frame 8820/11769 | second 147
  Overlap detected: Fish 1 ↔ Fish 3 [frame 8821] IoU=0.03
  Fish 2 recovered after 1 missing frames
  Overlap detected: Fish 1 ↔ Fish 3 [frame 8822] IoU=0.03
  Overlap detected: Fish 1 ↔ Fish 3 [frame 8823] IoU=0.03
  Overlap detected: Fish 1 ↔ Fish 3 [frame 8824] IoU=0.01
  Overlap detected: Fish 1 ↔ Fish 3 [frame 8828] IoU=0.01
  Overlap detected: Fish 1 ↔ Fish 3 [frame 8829] IoU=0.00
  Fish 1 recovered after 56 missing frames
  Frame 8850/11769 | second 147
  Fish 1 recovered after 10 missing frames
  Frame 8880/11769 | second 148
  Overlap detected: Fish 1 ↔ Fish 3 [frame 8910] IoU=0.00
  Frame 8910/11769 | second 148
  Frame 8940/11769 | second 149
  Frame 8970/11769 | second 149
  Frame 9000/11769 | second 150
  Frame 9030/11769 | second 150
  Overlap detected: Fish 1 ↔ Fish 5 [frame 9031] IoU=0.01
  Overlap detected: Fish 1 ↔ Fish 5 [frame 9032] IoU=0.02
  Overlap detected: Fish 1 ↔ Fish 5 [frame 9033] IoU=0.09
  Overlap detected: Fish 1 ↔ Fish 5 [frame 9034] IoU=0.14
  Crossing started: Fish 1 ↔ Fish 5 [frame 9034]
  Overlap detected: Fish 1 ↔ Fish 5 [frame 9035] IoU=0.17
  Overlap detected: Fish 1 ↔ Fish 5 [frame 9036] IoU=0.18
  Overlap detected: Fish 1 ↔ Fish 5 [frame 9037] IoU=0.29
  Overlap detected: Fish 1 ↔ Fish 5 [frame 9038] IoU=0.45
  Overlap detected: Fish 1 ↔ Fish 5 [frame 9039] IoU=0.43
  Overlap detected: Fish 1 ↔ Fish 5 [frame 9040] IoU=0.40
  Overlap detected: Fish 1 ↔ Fish 5 [frame 9041] IoU=0.39
  Overlap detected: Fish 1 ↔ Fish 5 [frame 9042] IoU=0.34
  Overlap detected: Fish 1 ↔ Fish 5 [frame 9043] IoU=0.30
  Fish 1 recovered after 5 missing frames
  Overlap detected: Fish 1 ↔ Fish 5 [frame 9044] IoU=0.33
  Overlap detected: Fish 1 ↔ Fish 5 [frame 9045] IoU=0.38
  Overlap detected: Fish 1 ↔ Fish 5 [frame 9046] IoU=0.19
  Overlap detected: Fish 1 ↔ Fish 5 [frame 9047] IoU=0.18
  Overlap detected: Fish 1 ↔ Fish 5 [frame 9048] IoU=0.21
  Overlap detected: Fish 1 ↔ Fish 5 [frame 9049] IoU=0.43
  Overlap detected: Fish 1 ↔ Fish 5 [frame 9050] IoU=0.72
  Overlap detected: Fish 1 ↔ Fish 5 [frame 9051] IoU=0.59
  Overlap detected: Fish 1 ↔ Fish 5 [frame 9052] IoU=0.65
  Overlap detected: Fish 1 ↔ Fish 5 [frame 9053] IoU=0.59
  Fish 5 recovered after 4 missing frames
  Overlap detected: Fish 1 ↔ Fish 5 [frame 9054] IoU=0.84
  Fish 1 recovered after 1 missing frames
  Fish 1 ↔ Fish 5: crossing resolved, no swap needed
  Frame 9060/11769 | second 151
  Crossing started: Fish 1 ↔ Fish 5 [frame 9064]
  Fish 3 recovered after 14 missing frames
  Fish 1 ↔ Fish 5: crossing resolved, no swap needed
  Fish 3 recovered after 1 missing frames
  Overlap detected: Fish 1 ↔ Fish 5 [frame 9070] IoU=0.01
  Overlap detected: Fish 1 ↔ Fish 5 [frame 9071] IoU=0.00
  Overlap detected: Fish 1 ↔ Fish 5 [frame 9072] IoU=0.01
  Overlap detected: Fish 1 ↔ Fish 5 [frame 9073] IoU=0.02
  Overlap detected: Fish 1 ↔ Fish 5 [frame 9074] IoU=0.02
  Overlap detected: Fish 1 ↔ Fish 5 [frame 9075] IoU=0.01
  Overlap detected: Fish 1 ↔ Fish 5 [frame 9076] IoU=0.01
  Overlap detected: Fish 1 ↔ Fish 5 [frame 9077] IoU=0.01
  Overlap detected: Fish 1 ↔ Fish 5 [frame 9078] IoU=0.01
  Frame 9090/11769 | second 151
  Frame 9120/11769 | second 152
  Overlap detected: Fish 1 ↔ Fish 5 [frame 9147] IoU=0.01
  Overlap detected: Fish 1 ↔ Fish 5 [frame 9148] IoU=0.02
  Overlap detected: Fish 1 ↔ Fish 5 [frame 9149] IoU=0.01
  Overlap detected: Fish 1 ↔ Fish 5 [frame 9150] IoU=0.02
  Frame 9150/11769 | second 152
  Overlap detected: Fish 1 ↔ Fish 5 [frame 9151] IoU=0.04
  Overlap detected: Fish 1 ↔ Fish 5 [frame 9152] IoU=0.05
  Overlap detected: Fish 1 ↔ Fish 5 [frame 9153] IoU=0.04
  Overlap detected: Fish 1 ↔ Fish 5 [frame 9154] IoU=0.00
  Overlap detected: Fish 1 ↔ Fish 5 [frame 9155] IoU=0.04
  Overlap detected: Fish 1 ↔ Fish 5 [frame 9156] IoU=0.02
  Frame 9180/11769 | second 153
  Fish 4 recovered after 348 missing frames
  Overlap detected: Fish 1 ↔ Fish 5 [frame 9206] IoU=0.00
  Frame 9210/11769 | second 153
  Fish 4 recovered after 20 missing frames
  Frame 9240/11769 | second 154
  Overlap detected: Fish 1 ↔ Fish 5 [frame 9241] IoU=0.00
  Overlap detected: Fish 1 ↔ Fish 5 [frame 9247] IoU=0.02
  Overlap detected: Fish 1 ↔ Fish 5 [frame 9248] IoU=0.11
  Overlap detected: Fish 1 ↔ Fish 5 [frame 9249] IoU=0.20
  Crossing started: Fish 1 ↔ Fish 5 [frame 9249]
  Overlap detected: Fish 1 ↔ Fish 5 [frame 9250] IoU=0.19
  Overlap detected: Fish 1 ↔ Fish 5 [frame 9251] IoU=0.21
  Overlap detected: Fish 1 ↔ Fish 5 [frame 9252] IoU=0.22
  Fish 1 recovered after 2 missing frames
  Overlap detected: Fish 1 ↔ Fish 5 [frame 9253] IoU=0.13
  Overlap detected: Fish 1 ↔ Fish 5 [frame 9254] IoU=0.07
  Overlap detected: Fish 1 ↔ Fish 5 [frame 9255] IoU=0.20
  Overlap detected: Fish 1 ↔ Fish 5 [frame 9256] IoU=0.22
  Overlap detected: Fish 1 ↔ Fish 5 [frame 9257] IoU=0.15
  Fish 2 recovered after 432 missing frames
  Overlap detected: Fish 1 ↔ Fish 5 [frame 9258] IoU=0.19
  Overlap detected: Fish 1 ↔ Fish 5 [frame 9259] IoU=0.17
  Overlap detected: Fish 1 ↔ Fish 5 [frame 9260] IoU=0.27
  Overlap detected: Fish 1 ↔ Fish 5 [frame 9261] IoU=0.36
  Overlap detected: Fish 1 ↔ Fish 5 [frame 9262] IoU=0.34
  Overlap detected: Fish 1 ↔ Fish 5 [frame 9263] IoU=0.30
  Overlap detected: Fish 1 ↔ Fish 5 [frame 9264] IoU=0.29
  Overlap detected: Fish 1 ↔ Fish 5 [frame 9265] IoU=0.13
  Overlap detected: Fish 1 ↔ Fish 5 [frame 9266] IoU=0.28
  Overlap detected: Fish 1 ↔ Fish 5 [frame 9267] IoU=0.47
  Overlap detected: Fish 1 ↔ Fish 5 [frame 9268] IoU=0.57
  Overlap detected: Fish 1 ↔ Fish 5 [frame 9269] IoU=0.58
  Overlap detected: Fish 1 ↔ Fish 5 [frame 9270] IoU=0.54
  Frame 9270/11769 | second 154
  Overlap detected: Fish 1 ↔ Fish 5 [frame 9271] IoU=0.56
  Overlap detected: Fish 1 ↔ Fish 5 [frame 9272] IoU=0.61
  Overlap detected: Fish 1 ↔ Fish 5 [frame 9273] IoU=0.56
  Overlap detected: Fish 1 ↔ Fish 5 [frame 9274] IoU=0.56
  Overlap detected: Fish 1 ↔ Fish 5 [frame 9275] IoU=0.54
  Overlap detected: Fish 1 ↔ Fish 5 [frame 9276] IoU=0.53
  Fish 5 recovered after 10 missing frames
  Overlap detected: Fish 1 ↔ Fish 5 [frame 9277] IoU=0.81
  Overlap detected: Fish 1 ↔ Fish 5 [frame 9278] IoU=0.65
  Overlap detected: Fish 1 ↔ Fish 5 [frame 9279] IoU=0.57
  Overlap detected: Fish 1 ↔ Fish 5 [frame 9280] IoU=0.52
  Overlap detected: Fish 1 ↔ Fish 5 [frame 9281] IoU=0.50
  Overlap detected: Fish 1 ↔ Fish 5 [frame 9282] IoU=0.45
  Overlap detected: Fish 1 ↔ Fish 5 [frame 9283] IoU=0.37
  Overlap detected: Fish 1 ↔ Fish 5 [frame 9284] IoU=0.31
  Overlap detected: Fish 1 ↔ Fish 5 [frame 9285] IoU=0.29
  Overlap detected: Fish 1 ↔ Fish 5 [frame 9286] IoU=0.26
  Overlap detected: Fish 1 ↔ Fish 5 [frame 9287] IoU=0.24
  Overlap detected: Fish 1 ↔ Fish 5 [frame 9288] IoU=0.22
  Overlap detected: Fish 1 ↔ Fish 5 [frame 9289] IoU=0.19
  Overlap detected: Fish 1 ↔ Fish 5 [frame 9290] IoU=0.18
  Overlap detected: Fish 1 ↔ Fish 5 [frame 9291] IoU=0.21
  Overlap detected: Fish 1 ↔ Fish 5 [frame 9292] IoU=0.20
  Overlap detected: Fish 1 ↔ Fish 5 [frame 9293] IoU=0.22
  Overlap detected: Fish 1 ↔ Fish 5 [frame 9294] IoU=0.22
  Overlap detected: Fish 1 ↔ Fish 5 [frame 9295] IoU=0.25
  Overlap detected: Fish 1 ↔ Fish 5 [frame 9296] IoU=0.26
  Overlap detected: Fish 1 ↔ Fish 5 [frame 9297] IoU=0.27
  Fish 1 recovered after 21 missing frames
  Overlap detected: Fish 1 ↔ Fish 5 [frame 9298] IoU=0.34
  Overlap detected: Fish 1 ↔ Fish 5 [frame 9299] IoU=0.31
  Overlap detected: Fish 1 ↔ Fish 5 [frame 9300] IoU=0.30
  Frame 9300/11769 | second 155
  Overlap detected: Fish 1 ↔ Fish 5 [frame 9301] IoU=0.39
  Overlap detected: Fish 1 ↔ Fish 5 [frame 9302] IoU=0.34
  Fish 1 recovered after 1 missing frames
  Fish 1 ↔ Fish 5: crossing resolved, no swap needed
  Overlap detected: Fish 2 ↔ Fish 4 [frame 9327] IoU=0.00
  Overlap detected: Fish 2 ↔ Fish 4 [frame 9328] IoU=0.00
  Overlap detected: Fish 2 ↔ Fish 4 [frame 9329] IoU=0.01
  Overlap detected: Fish 2 ↔ Fish 4 [frame 9330] IoU=0.02
  Frame 9330/11769 | second 155
  Overlap detected: Fish 2 ↔ Fish 4 [frame 9331] IoU=0.02
  Overlap detected: Fish 2 ↔ Fish 4 [frame 9332] IoU=0.03
  Overlap detected: Fish 2 ↔ Fish 4 [frame 9333] IoU=0.03
  Overlap detected: Fish 2 ↔ Fish 4 [frame 9334] IoU=0.04
  Crossing started: Fish 2 ↔ Fish 4 [frame 9334]
  Overlap detected: Fish 2 ↔ Fish 4 [frame 9335] IoU=0.05
  Overlap detected: Fish 2 ↔ Fish 4 [frame 9336] IoU=0.04
  Overlap detected: Fish 2 ↔ Fish 4 [frame 9337] IoU=0.06
  Overlap detected: Fish 2 ↔ Fish 4 [frame 9338] IoU=0.07
  Overlap detected: Fish 2 ↔ Fish 4 [frame 9339] IoU=0.07
  Overlap detected: Fish 1 ↔ Fish 5 [frame 9340] IoU=0.00
  Overlap detected: Fish 2 ↔ Fish 4 [frame 9340] IoU=0.07
  Overlap detected: Fish 2 ↔ Fish 4 [frame 9341] IoU=0.07
  Overlap detected: Fish 2 ↔ Fish 4 [frame 9342] IoU=0.10
  Overlap detected: Fish 2 ↔ Fish 4 [frame 9343] IoU=0.09
  Overlap detected: Fish 2 ↔ Fish 4 [frame 9344] IoU=0.08
  Overlap detected: Fish 2 ↔ Fish 4 [frame 9345] IoU=0.07
  Overlap detected: Fish 2 ↔ Fish 4 [frame 9346] IoU=0.09
  Overlap detected: Fish 2 ↔ Fish 4 [frame 9347] IoU=0.09
  Overlap detected: Fish 2 ↔ Fish 4 [frame 9348] IoU=0.09
  Overlap detected: Fish 2 ↔ Fish 4 [frame 9349] IoU=0.08
  Overlap detected: Fish 2 ↔ Fish 4 [frame 9350] IoU=0.08
  Overlap detected: Fish 2 ↔ Fish 4 [frame 9351] IoU=0.06
  Overlap detected: Fish 2 ↔ Fish 4 [frame 9352] IoU=0.08
  Overlap detected: Fish 2 ↔ Fish 4 [frame 9353] IoU=0.08
  Overlap detected: Fish 2 ↔ Fish 4 [frame 9354] IoU=0.10
  Overlap detected: Fish 2 ↔ Fish 4 [frame 9355] IoU=0.10
  Overlap detected: Fish 2 ↔ Fish 4 [frame 9356] IoU=0.09
  Overlap detected: Fish 2 ↔ Fish 4 [frame 9357] IoU=0.11
  Overlap detected: Fish 2 ↔ Fish 4 [frame 9358] IoU=0.10
  Overlap detected: Fish 2 ↔ Fish 4 [frame 9359] IoU=0.08
  Overlap detected: Fish 2 ↔ Fish 4 [frame 9360] IoU=0.07
  Frame 9360/11769 | second 156
  Overlap detected: Fish 1 ↔ Fish 5 [frame 9361] IoU=0.00
  Overlap detected: Fish 2 ↔ Fish 4 [frame 9361] IoU=0.08
  Overlap detected: Fish 1 ↔ Fish 5 [frame 9362] IoU=0.01
  Overlap detected: Fish 2 ↔ Fish 4 [frame 9362] IoU=0.09
  Overlap detected: Fish 2 ↔ Fish 4 [frame 9363] IoU=0.08
  Overlap detected: Fish 2 ↔ Fish 4 [frame 9364] IoU=0.08
  Overlap detected: Fish 2 ↔ Fish 4 [frame 9365] IoU=0.08
  Overlap detected: Fish 2 ↔ Fish 4 [frame 9366] IoU=0.08
  Overlap detected: Fish 2 ↔ Fish 4 [frame 9367] IoU=0.08
  Overlap detected: Fish 2 ↔ Fish 4 [frame 9368] IoU=0.09
  Overlap detected: Fish 2 ↔ Fish 4 [frame 9369] IoU=0.09
  Overlap detected: Fish 2 ↔ Fish 4 [frame 9370] IoU=0.09
  Overlap detected: Fish 2 ↔ Fish 4 [frame 9371] IoU=0.09
  Overlap detected: Fish 2 ↔ Fish 4 [frame 9372] IoU=0.09
  Overlap detected: Fish 2 ↔ Fish 4 [frame 9373] IoU=0.09
  Overlap detected: Fish 2 ↔ Fish 4 [frame 9374] IoU=0.09
  Overlap detected: Fish 2 ↔ Fish 4 [frame 9375] IoU=0.07
  Overlap detected: Fish 2 ↔ Fish 4 [frame 9376] IoU=0.08
  Overlap detected: Fish 2 ↔ Fish 4 [frame 9377] IoU=0.09
  Overlap detected: Fish 2 ↔ Fish 4 [frame 9378] IoU=0.08
  Overlap detected: Fish 2 ↔ Fish 4 [frame 9379] IoU=0.09
  Overlap detected: Fish 2 ↔ Fish 4 [frame 9380] IoU=0.10
  Overlap detected: Fish 2 ↔ Fish 4 [frame 9381] IoU=0.12
  Overlap detected: Fish 2 ↔ Fish 4 [frame 9382] IoU=0.12
  Overlap detected: Fish 2 ↔ Fish 4 [frame 9383] IoU=0.11
  Overlap detected: Fish 2 ↔ Fish 4 [frame 9384] IoU=0.10
  Overlap detected: Fish 2 ↔ Fish 4 [frame 9385] IoU=0.10
  Overlap detected: Fish 2 ↔ Fish 4 [frame 9386] IoU=0.10
  Overlap detected: Fish 2 ↔ Fish 4 [frame 9387] IoU=0.10
  Overlap detected: Fish 2 ↔ Fish 4 [frame 9388] IoU=0.10
  Overlap detected: Fish 2 ↔ Fish 4 [frame 9389] IoU=0.07
  Fish 4 recovered after 174 missing frames
  Frame 9390/11769 | second 156
  Overlap detected: Fish 2 ↔ Fish 4 [frame 9397] IoU=0.01
  Overlap detected: Fish 2 ↔ Fish 4 [frame 9398] IoU=0.00
  Overlap detected: Fish 2 ↔ Fish 4 [frame 9399] IoU=0.01
  Overlap detected: Fish 2 ↔ Fish 4 [frame 9400] IoU=0.01
  Overlap detected: Fish 2 ↔ Fish 4 [frame 9401] IoU=0.02
  Overlap detected: Fish 2 ↔ Fish 4 [frame 9402] IoU=0.01
  Overlap detected: Fish 2 ↔ Fish 4 [frame 9403] IoU=0.01
  Overlap detected: Fish 2 ↔ Fish 4 [frame 9404] IoU=0.01
  Overlap detected: Fish 2 ↔ Fish 4 [frame 9405] IoU=0.02
  Overlap detected: Fish 2 ↔ Fish 4 [frame 9406] IoU=0.01
  Overlap detected: Fish 2 ↔ Fish 4 [frame 9407] IoU=0.02
  Overlap detected: Fish 2 ↔ Fish 4 [frame 9408] IoU=0.02
  Overlap detected: Fish 2 ↔ Fish 4 [frame 9409] IoU=0.03
  Overlap detected: Fish 2 ↔ Fish 4 [frame 9410] IoU=0.01
  Overlap detected: Fish 2 ↔ Fish 4 [frame 9411] IoU=0.03
  Overlap detected: Fish 2 ↔ Fish 4 [frame 9412] IoU=0.03
  Overlap detected: Fish 2 ↔ Fish 4 [frame 9413] IoU=0.02
  Overlap detected: Fish 2 ↔ Fish 4 [frame 9414] IoU=0.02
  Overlap detected: Fish 2 ↔ Fish 4 [frame 9415] IoU=0.03
  Overlap detected: Fish 2 ↔ Fish 4 [frame 9416] IoU=0.03
  Overlap detected: Fish 2 ↔ Fish 4 [frame 9417] IoU=0.03
  Overlap detected: Fish 2 ↔ Fish 4 [frame 9418] IoU=0.04
  Overlap detected: Fish 2 ↔ Fish 4 [frame 9419] IoU=0.04
  Overlap detected: Fish 2 ↔ Fish 4 [frame 9420] IoU=0.04
  Frame 9420/11769 | second 157
  Overlap detected: Fish 2 ↔ Fish 4 [frame 9421] IoU=0.02
  Overlap detected: Fish 2 ↔ Fish 4 [frame 9422] IoU=0.02
  Overlap detected: Fish 2 ↔ Fish 4 [frame 9423] IoU=0.02
  Overlap detected: Fish 2 ↔ Fish 4 [frame 9424] IoU=0.02
  Overlap detected: Fish 2 ↔ Fish 4 [frame 9425] IoU=0.02
  Overlap detected: Fish 2 ↔ Fish 4 [frame 9426] IoU=0.05
  Overlap detected: Fish 2 ↔ Fish 4 [frame 9427] IoU=0.05
  Overlap detected: Fish 2 ↔ Fish 4 [frame 9428] IoU=0.05
  Overlap detected: Fish 2 ↔ Fish 4 [frame 9429] IoU=0.06
  Overlap detected: Fish 2 ↔ Fish 4 [frame 9430] IoU=0.06
  Overlap detected: Fish 2 ↔ Fish 4 [frame 9431] IoU=0.07
  Overlap detected: Fish 2 ↔ Fish 4 [frame 9432] IoU=0.07
  Overlap detected: Fish 2 ↔ Fish 4 [frame 9433] IoU=0.10
  Overlap detected: Fish 2 ↔ Fish 4 [frame 9434] IoU=0.10
  Overlap detected: Fish 2 ↔ Fish 4 [frame 9435] IoU=0.10
  Overlap detected: Fish 2 ↔ Fish 4 [frame 9436] IoU=0.10
  Overlap detected: Fish 2 ↔ Fish 4 [frame 9437] IoU=0.10
  Overlap detected: Fish 2 ↔ Fish 4 [frame 9438] IoU=0.10
  Overlap detected: Fish 2 ↔ Fish 4 [frame 9439] IoU=0.09
  Overlap detected: Fish 2 ↔ Fish 4 [frame 9440] IoU=0.10
  Overlap detected: Fish 2 ↔ Fish 4 [frame 9441] IoU=0.10
  Fish 2 recovered after 48 missing frames
  Fish 2 recovered after 1 missing frames
  Overlap detected: Fish 2 ↔ Fish 4 [frame 9445] IoU=0.85
  Crossing started: Fish 2 ↔ Fish 4 [frame 9445]
  Overlap detected: Fish 2 ↔ Fish 4 [frame 9446] IoU=0.77
  Fish 4 recovered after 2 missing frames
  Overlap detected: Fish 2 ↔ Fish 4 [frame 9447] IoU=0.89
  Overlap detected: Fish 2 ↔ Fish 4 [frame 9448] IoU=0.83
  Fish 2 ↔ Fish 4: crossing resolved, no swap needed
  Overlap detected: Fish 2 ↔ Fish 4 [frame 9449] IoU=0.80
  Overlap detected: Fish 2 ↔ Fish 4 [frame 9450] IoU=0.76
  Frame 9450/11769 | second 157
  Overlap detected: Fish 2 ↔ Fish 4 [frame 9451] IoU=0.71
  Overlap detected: Fish 2 ↔ Fish 4 [frame 9452] IoU=0.68
  Fish 3 recovered after 5 missing frames
  Overlap detected: Fish 2 ↔ Fish 4 [frame 9453] IoU=0.69
  Overlap detected: Fish 2 ↔ Fish 4 [frame 9454] IoU=0.59
  Overlap detected: Fish 2 ↔ Fish 4 [frame 9455] IoU=0.57
  Overlap detected: Fish 2 ↔ Fish 4 [frame 9456] IoU=0.57
  Overlap detected: Fish 2 ↔ Fish 4 [frame 9457] IoU=0.60
  Overlap detected: Fish 2 ↔ Fish 4 [frame 9458] IoU=0.59
  Overlap detected: Fish 2 ↔ Fish 4 [frame 9459] IoU=0.58
  Fish 3 recovered after 1 missing frames
  Overlap detected: Fish 2 ↔ Fish 4 [frame 9460] IoU=0.60
  Overlap detected: Fish 2 ↔ Fish 4 [frame 9461] IoU=0.59
  Overlap detected: Fish 2 ↔ Fish 4 [frame 9462] IoU=0.66
  Overlap detected: Fish 2 ↔ Fish 4 [frame 9463] IoU=0.58
  Overlap detected: Fish 2 ↔ Fish 4 [frame 9464] IoU=0.55
  Overlap detected: Fish 2 ↔ Fish 4 [frame 9465] IoU=0.47
  Overlap detected: Fish 2 ↔ Fish 4 [frame 9466] IoU=0.44
  Overlap detected: Fish 2 ↔ Fish 4 [frame 9467] IoU=0.42
  Overlap detected: Fish 2 ↔ Fish 4 [frame 9468] IoU=0.43
  Overlap detected: Fish 2 ↔ Fish 4 [frame 9469] IoU=0.41
  Overlap detected: Fish 2 ↔ Fish 4 [frame 9470] IoU=0.37
  Overlap detected: Fish 2 ↔ Fish 4 [frame 9471] IoU=0.36
  Overlap detected: Fish 2 ↔ Fish 4 [frame 9472] IoU=0.34
  Overlap detected: Fish 2 ↔ Fish 4 [frame 9473] IoU=0.36
  Overlap detected: Fish 2 ↔ Fish 4 [frame 9474] IoU=0.39
  Overlap detected: Fish 2 ↔ Fish 4 [frame 9475] IoU=0.40
  Overlap detected: Fish 2 ↔ Fish 4 [frame 9476] IoU=0.40
  Overlap detected: Fish 2 ↔ Fish 4 [frame 9477] IoU=0.40
  Overlap detected: Fish 2 ↔ Fish 4 [frame 9478] IoU=0.39
  Overlap detected: Fish 2 ↔ Fish 4 [frame 9479] IoU=0.40
  Overlap detected: Fish 2 ↔ Fish 4 [frame 9480] IoU=0.37
  Frame 9480/11769 | second 158
  Overlap detected: Fish 2 ↔ Fish 4 [frame 9481] IoU=0.37
  Overlap detected: Fish 2 ↔ Fish 4 [frame 9482] IoU=0.36
  Overlap detected: Fish 1 ↔ Fish 5 [frame 9483] IoU=0.00
  Overlap detected: Fish 2 ↔ Fish 4 [frame 9483] IoU=0.37
  Overlap detected: Fish 1 ↔ Fish 5 [frame 9484] IoU=0.18
  Crossing started: Fish 1 ↔ Fish 5 [frame 9484]
  Overlap detected: Fish 2 ↔ Fish 4 [frame 9484] IoU=0.37
  Overlap detected: Fish 1 ↔ Fish 5 [frame 9485] IoU=0.36
  Overlap detected: Fish 2 ↔ Fish 4 [frame 9485] IoU=0.38
  Overlap detected: Fish 1 ↔ Fish 5 [frame 9486] IoU=0.38
  Overlap detected: Fish 2 ↔ Fish 4 [frame 9486] IoU=0.36
  Overlap detected: Fish 1 ↔ Fish 5 [frame 9487] IoU=0.38
  Overlap detected: Fish 2 ↔ Fish 4 [frame 9487] IoU=0.38
  Overlap detected: Fish 1 ↔ Fish 5 [frame 9488] IoU=0.34
  Overlap detected: Fish 2 ↔ Fish 4 [frame 9488] IoU=0.38
  Overlap detected: Fish 1 ↔ Fish 5 [frame 9489] IoU=0.33
  Overlap detected: Fish 2 ↔ Fish 4 [frame 9489] IoU=0.40
  Overlap detected: Fish 1 ↔ Fish 5 [frame 9490] IoU=0.33
  Overlap detected: Fish 2 ↔ Fish 4 [frame 9490] IoU=0.43
  Overlap detected: Fish 1 ↔ Fish 5 [frame 9491] IoU=0.31
  Overlap detected: Fish 2 ↔ Fish 4 [frame 9491] IoU=0.43
  Overlap detected: Fish 1 ↔ Fish 5 [frame 9492] IoU=0.36
  Overlap detected: Fish 2 ↔ Fish 4 [frame 9492] IoU=0.41
  Overlap detected: Fish 1 ↔ Fish 5 [frame 9493] IoU=0.34
  Overlap detected: Fish 2 ↔ Fish 4 [frame 9493] IoU=0.44
  Overlap detected: Fish 1 ↔ Fish 5 [frame 9494] IoU=0.28
  Overlap detected: Fish 2 ↔ Fish 4 [frame 9494] IoU=0.47
  Overlap detected: Fish 1 ↔ Fish 5 [frame 9495] IoU=0.25
  Overlap detected: Fish 2 ↔ Fish 4 [frame 9495] IoU=0.48
  Overlap detected: Fish 1 ↔ Fish 5 [frame 9496] IoU=0.24
  Overlap detected: Fish 2 ↔ Fish 4 [frame 9496] IoU=0.53
  Overlap detected: Fish 1 ↔ Fish 5 [frame 9497] IoU=0.23
  Overlap detected: Fish 2 ↔ Fish 4 [frame 9497] IoU=0.53
  Overlap detected: Fish 1 ↔ Fish 5 [frame 9498] IoU=0.21
  Overlap detected: Fish 2 ↔ Fish 4 [frame 9498] IoU=0.59
  Overlap detected: Fish 1 ↔ Fish 5 [frame 9499] IoU=0.22
  Overlap detected: Fish 2 ↔ Fish 4 [frame 9499] IoU=0.57
  Overlap detected: Fish 1 ↔ Fish 5 [frame 9500] IoU=0.18
  Overlap detected: Fish 2 ↔ Fish 4 [frame 9500] IoU=0.59
  Overlap detected: Fish 1 ↔ Fish 5 [frame 9501] IoU=0.16
  Overlap detected: Fish 2 ↔ Fish 4 [frame 9501] IoU=0.60
  Overlap detected: Fish 1 ↔ Fish 5 [frame 9502] IoU=0.15
  Overlap detected: Fish 2 ↔ Fish 4 [frame 9502] IoU=0.61
  Overlap detected: Fish 1 ↔ Fish 5 [frame 9503] IoU=0.14
  Overlap detected: Fish 2 ↔ Fish 4 [frame 9503] IoU=0.65
  Overlap detected: Fish 1 ↔ Fish 5 [frame 9504] IoU=0.15
  Overlap detected: Fish 2 ↔ Fish 4 [frame 9504] IoU=0.68
  Overlap detected: Fish 1 ↔ Fish 5 [frame 9505] IoU=0.14
  Overlap detected: Fish 2 ↔ Fish 4 [frame 9505] IoU=0.73
  Overlap detected: Fish 1 ↔ Fish 5 [frame 9506] IoU=0.13
  Overlap detected: Fish 2 ↔ Fish 4 [frame 9506] IoU=0.79
  Fish 1 ↔ Fish 5: crossing resolved, no swap needed
  Overlap detected: Fish 1 ↔ Fish 5 [frame 9507] IoU=0.08
  Overlap detected: Fish 2 ↔ Fish 4 [frame 9507] IoU=0.66
  Overlap detected: Fish 1 ↔ Fish 5 [frame 9508] IoU=0.10
  Overlap detected: Fish 2 ↔ Fish 4 [frame 9508] IoU=0.76
  Overlap detected: Fish 1 ↔ Fish 5 [frame 9509] IoU=0.08
  Overlap detected: Fish 2 ↔ Fish 4 [frame 9509] IoU=0.81
  Fish 1 recovered after 25 missing frames
  Overlap detected: Fish 1 ↔ Fish 5 [frame 9510] IoU=0.05
  Overlap detected: Fish 2 ↔ Fish 4 [frame 9510] IoU=0.70
  Frame 9510/11769 | second 158
  Overlap detected: Fish 1 ↔ Fish 5 [frame 9511] IoU=0.07
  Overlap detected: Fish 2 ↔ Fish 4 [frame 9511] IoU=0.64
  Overlap detected: Fish 1 ↔ Fish 5 [frame 9512] IoU=0.03
  Overlap detected: Fish 2 ↔ Fish 4 [frame 9512] IoU=0.68
  Overlap detected: Fish 1 ↔ Fish 5 [frame 9513] IoU=0.00
  Overlap detected: Fish 2 ↔ Fish 4 [frame 9513] IoU=0.62
  Overlap detected: Fish 2 ↔ Fish 4 [frame 9514] IoU=0.58
  Overlap detected: Fish 2 ↔ Fish 4 [frame 9515] IoU=0.51
  Overlap detected: Fish 2 ↔ Fish 4 [frame 9516] IoU=0.52
  Overlap detected: Fish 2 ↔ Fish 4 [frame 9517] IoU=0.45
  Overlap detected: Fish 2 ↔ Fish 4 [frame 9518] IoU=0.44
  Overlap detected: Fish 2 ↔ Fish 4 [frame 9519] IoU=0.41
  Overlap detected: Fish 2 ↔ Fish 4 [frame 9520] IoU=0.38
  Overlap detected: Fish 2 ↔ Fish 4 [frame 9521] IoU=0.32
  Overlap detected: Fish 2 ↔ Fish 4 [frame 9522] IoU=0.32
  Overlap detected: Fish 2 ↔ Fish 4 [frame 9523] IoU=0.26
  Overlap detected: Fish 2 ↔ Fish 4 [frame 9524] IoU=0.24
  Overlap detected: Fish 2 ↔ Fish 4 [frame 9525] IoU=0.18
  Overlap detected: Fish 2 ↔ Fish 4 [frame 9526] IoU=0.11
  Overlap detected: Fish 2 ↔ Fish 4 [frame 9527] IoU=0.11
  Overlap detected: Fish 2 ↔ Fish 4 [frame 9528] IoU=0.13
  Overlap detected: Fish 2 ↔ Fish 4 [frame 9529] IoU=0.03
  Overlap detected: Fish 2 ↔ Fish 4 [frame 9531] IoU=0.00
  Crossing started: Fish 2 ↔ Fish 4 [frame 9533]
  Overlap detected: Fish 2 ↔ Fish 4 [frame 9534] IoU=0.02
  Frame 9540/11769 | second 159
  Fish 3 recovered after 36 missing frames
  Frame 9570/11769 | second 159
  Frame 9600/11769 | second 160
  Frame 9630/11769 | second 160
  Frame 9660/11769 | second 161
  Frame 9690/11769 | second 161
  Crossing started: Fish 2 ↔ Fish 4 [frame 9695]
  Overlap detected: Fish 1 ↔ Fish 5 [frame 9712] IoU=0.01
  Overlap detected: Fish 1 ↔ Fish 5 [frame 9716] IoU=0.00
  Crossing started: Fish 1 ↔ Fish 5 [frame 9717]
  Fish 1 ↔ Fish 5: crossing resolved, no swap needed
  Frame 9720/11769 | second 162
  Fish 3 recovered after 24 missing frames
  Fish 2 recovered after 292 missing frames
  Overlap detected: Fish 2 ↔ Fish 4 [frame 9739] IoU=0.72
  Overlap detected: Fish 2 ↔ Fish 4 [frame 9740] IoU=0.62
  Overlap detected: Fish 2 ↔ Fish 4 [frame 9741] IoU=0.46
  Overlap detected: Fish 2 ↔ Fish 4 [frame 9742] IoU=0.49
  Overlap detected: Fish 2 ↔ Fish 4 [frame 9743] IoU=0.45
  Overlap detected: Fish 2 ↔ Fish 4 [frame 9744] IoU=0.39
  Overlap detected: Fish 2 ↔ Fish 4 [frame 9745] IoU=0.39
  Overlap detected: Fish 2 ↔ Fish 4 [frame 9746] IoU=0.38
  Overlap detected: Fish 2 ↔ Fish 4 [frame 9747] IoU=0.35
  Overlap detected: Fish 2 ↔ Fish 4 [frame 9748] IoU=0.30
  Overlap detected: Fish 2 ↔ Fish 4 [frame 9749] IoU=0.22
  Overlap detected: Fish 2 ↔ Fish 4 [frame 9750] IoU=0.20
  Frame 9750/11769 | second 162
  Overlap detected: Fish 2 ↔ Fish 4 [frame 9751] IoU=0.18
  Overlap detected: Fish 2 ↔ Fish 4 [frame 9752] IoU=0.16
  Overlap detected: Fish 2 ↔ Fish 4 [frame 9753] IoU=0.14
  Overlap detected: Fish 2 ↔ Fish 4 [frame 9754] IoU=0.14
  Overlap detected: Fish 2 ↔ Fish 4 [frame 9755] IoU=0.13
  Overlap detected: Fish 2 ↔ Fish 4 [frame 9756] IoU=0.13
  Overlap detected: Fish 2 ↔ Fish 4 [frame 9757] IoU=0.13
  Overlap detected: Fish 2 ↔ Fish 4 [frame 9758] IoU=0.09
  Overlap detected: Fish 2 ↔ Fish 4 [frame 9759] IoU=0.11
  Overlap detected: Fish 2 ↔ Fish 4 [frame 9760] IoU=0.12
  Overlap detected: Fish 2 ↔ Fish 4 [frame 9761] IoU=0.16
  Overlap detected: Fish 2 ↔ Fish 4 [frame 9762] IoU=0.10
  Overlap detected: Fish 2 ↔ Fish 4 [frame 9763] IoU=0.08
  Overlap detected: Fish 2 ↔ Fish 4 [frame 9764] IoU=0.06
  Overlap detected: Fish 2 ↔ Fish 4 [frame 9765] IoU=0.05
  Overlap detected: Fish 2 ↔ Fish 4 [frame 9766] IoU=0.03
  Overlap detected: Fish 2 ↔ Fish 4 [frame 9767] IoU=0.01
  Frame 9780/11769 | second 163
  Frame 9810/11769 | second 163
  Frame 9840/11769 | second 164
  Frame 9870/11769 | second 164
  Fish 2 recovered after 1 missing frames
  Fish 2 recovered after 1 missing frames
  Fish 5 recovered after 1 missing frames
  Frame 9900/11769 | second 165
  Fish 2 recovered after 1 missing frames
  Overlap detected: Fish 1 ↔ Fish 5 [frame 9922] IoU=0.00
  Overlap detected: Fish 1 ↔ Fish 5 [frame 9923] IoU=0.02
  Overlap detected: Fish 1 ↔ Fish 5 [frame 9924] IoU=0.01
  Fish 2 recovered after 1 missing frames
  Overlap detected: Fish 1 ↔ Fish 5 [frame 9925] IoU=0.03
  Overlap detected: Fish 1 ↔ Fish 5 [frame 9926] IoU=0.04
  Overlap detected: Fish 1 ↔ Fish 5 [frame 9927] IoU=0.03
  Overlap detected: Fish 1 ↔ Fish 5 [frame 9928] IoU=0.01
  Overlap detected: Fish 1 ↔ Fish 5 [frame 9929] IoU=0.01
  Overlap detected: Fish 1 ↔ Fish 5 [frame 9930] IoU=0.01
  Frame 9930/11769 | second 165
  Overlap detected: Fish 1 ↔ Fish 5 [frame 9932] IoU=0.00
  Overlap detected: Fish 1 ↔ Fish 5 [frame 9934] IoU=0.01
  Overlap detected: Fish 1 ↔ Fish 5 [frame 9935] IoU=0.01
  Overlap detected: Fish 1 ↔ Fish 5 [frame 9936] IoU=0.03
  Overlap detected: Fish 1 ↔ Fish 5 [frame 9937] IoU=0.01
  Overlap detected: Fish 1 ↔ Fish 5 [frame 9938] IoU=0.01
  Overlap detected: Fish 1 ↔ Fish 5 [frame 9939] IoU=0.04
  Overlap detected: Fish 1 ↔ Fish 5 [frame 9940] IoU=0.05
  Overlap detected: Fish 1 ↔ Fish 5 [frame 9941] IoU=0.03
  Overlap detected: Fish 1 ↔ Fish 5 [frame 9942] IoU=0.03
  Overlap detected: Fish 1 ↔ Fish 5 [frame 9943] IoU=0.02
  Overlap detected: Fish 1 ↔ Fish 5 [frame 9944] IoU=0.02
  Overlap detected: Fish 1 ↔ Fish 5 [frame 9945] IoU=0.02
  Overlap detected: Fish 1 ↔ Fish 5 [frame 9946] IoU=0.04
  Overlap detected: Fish 1 ↔ Fish 5 [frame 9947] IoU=0.11
  Overlap detected: Fish 1 ↔ Fish 5 [frame 9948] IoU=0.40
  Crossing started: Fish 1 ↔ Fish 5 [frame 9948]
  Overlap detected: Fish 1 ↔ Fish 5 [frame 9949] IoU=0.41
  Overlap detected: Fish 1 ↔ Fish 5 [frame 9950] IoU=0.34
  Overlap detected: Fish 1 ↔ Fish 5 [frame 9951] IoU=0.35
  Overlap detected: Fish 1 ↔ Fish 5 [frame 9952] IoU=0.34
  Overlap detected: Fish 1 ↔ Fish 5 [frame 9953] IoU=0.37
  Overlap detected: Fish 1 ↔ Fish 5 [frame 9954] IoU=0.36
  Overlap detected: Fish 1 ↔ Fish 5 [frame 9955] IoU=0.34
  Overlap detected: Fish 1 ↔ Fish 5 [frame 9956] IoU=0.31
  Overlap detected: Fish 1 ↔ Fish 5 [frame 9957] IoU=0.31
  Fish 5 recovered after 8 missing frames
  Overlap detected: Fish 1 ↔ Fish 5 [frame 9958] IoU=0.01
  Fish 1 ↔ Fish 5: crossing resolved, no swap needed
  Overlap detected: Fish 1 ↔ Fish 5 [frame 9959] IoU=0.02
  Overlap detected: Fish 1 ↔ Fish 5 [frame 9960] IoU=0.01
  Frame 9960/11769 | second 166
  Overlap detected: Fish 1 ↔ Fish 5 [frame 9962] IoU=0.03
  Overlap detected: Fish 1 ↔ Fish 5 [frame 9963] IoU=0.03
  Overlap detected: Fish 1 ↔ Fish 5 [frame 9964] IoU=0.02
  Overlap detected: Fish 1 ↔ Fish 5 [frame 9965] IoU=0.02
  Fish 1 recovered after 1 missing frames
  Overlap detected: Fish 1 ↔ Fish 5 [frame 9966] IoU=0.01
  Overlap detected: Fish 1 ↔ Fish 5 [frame 9967] IoU=0.01
  Fish 2 recovered after 1 missing frames
  Fish 5 recovered after 4 missing frames
  Overlap detected: Fish 1 ↔ Fish 5 [frame 9976] IoU=0.44
  Crossing started: Fish 1 ↔ Fish 5 [frame 9976]
  Overlap detected: Fish 1 ↔ Fish 5 [frame 9977] IoU=0.48
  Overlap detected: Fish 1 ↔ Fish 5 [frame 9978] IoU=0.50
  Overlap detected: Fish 1 ↔ Fish 5 [frame 9979] IoU=0.45
  Overlap detected: Fish 1 ↔ Fish 5 [frame 9980] IoU=0.42
  Overlap detected: Fish 1 ↔ Fish 5 [frame 9981] IoU=0.42
  Overlap detected: Fish 1 ↔ Fish 5 [frame 9982] IoU=0.33
  Overlap detected: Fish 1 ↔ Fish 5 [frame 9983] IoU=0.47
  Overlap detected: Fish 1 ↔ Fish 5 [frame 9984] IoU=0.46
  Fish 1 recovered after 1 missing frames
  Overlap detected: Fish 1 ↔ Fish 5 [frame 9985] IoU=0.45
  Overlap detected: Fish 1 ↔ Fish 5 [frame 9986] IoU=0.39
  Fish 2 recovered after 3 missing frames
  Overlap detected: Fish 1 ↔ Fish 5 [frame 9987] IoU=0.04
  Overlap detected: Fish 1 ↔ Fish 5 [frame 9988] IoU=0.04
  Fish 1 ↔ Fish 5: crossing resolved, no swap needed
  Overlap detected: Fish 1 ↔ Fish 5 [frame 9989] IoU=0.08
  Frame 9990/11769 | second 166
  Fish 3 recovered after 1 missing frames
  Frame 10020/11769 | second 167
  Fish 5 recovered after 6 missing frames
  Crossing started: Fish 1 ↔ Fish 5 [frame 10047]
  Frame 10050/11769 | second 167
  Fish 1 ↔ Fish 5: crossing resolved, no swap needed
  Overlap detected: Fish 1 ↔ Fish 5 [frame 10055] IoU=0.00
  Overlap detected: Fish 1 ↔ Fish 5 [frame 10056] IoU=0.01
  Overlap detected: Fish 1 ↔ Fish 5 [frame 10057] IoU=0.01
  Overlap detected: Fish 1 ↔ Fish 5 [frame 10058] IoU=0.01
  Overlap detected: Fish 1 ↔ Fish 5 [frame 10059] IoU=0.01
  Overlap detected: Fish 1 ↔ Fish 5 [frame 10060] IoU=0.00
  Overlap detected: Fish 1 ↔ Fish 5 [frame 10061] IoU=0.00
  Overlap detected: Fish 1 ↔ Fish 5 [frame 10062] IoU=0.00
  Fish 3 recovered after 9 missing frames
  Fish 3 recovered after 7 missing frames
  Frame 10080/11769 | second 168
  Overlap detected: Fish 1 ↔ Fish 5 [frame 10092] IoU=0.01
  Overlap detected: Fish 1 ↔ Fish 5 [frame 10093] IoU=0.04
  Overlap detected: Fish 1 ↔ Fish 5 [frame 10094] IoU=0.20
  Crossing started: Fish 1 ↔ Fish 5 [frame 10094]
  Overlap detected: Fish 1 ↔ Fish 5 [frame 10095] IoU=0.45
  Overlap detected: Fish 1 ↔ Fish 5 [frame 10096] IoU=0.58
  Overlap detected: Fish 1 ↔ Fish 5 [frame 10097] IoU=0.55
  Overlap detected: Fish 1 ↔ Fish 5 [frame 10098] IoU=0.53
  Overlap detected: Fish 1 ↔ Fish 5 [frame 10099] IoU=0.49
  Overlap detected: Fish 1 ↔ Fish 5 [frame 10100] IoU=0.50
  Overlap detected: Fish 1 ↔ Fish 5 [frame 10101] IoU=0.51
  Overlap detected: Fish 1 ↔ Fish 5 [frame 10102] IoU=0.55
  Fish 5 recovered after 8 missing frames
  Overlap detected: Fish 1 ↔ Fish 5 [frame 10103] IoU=0.95
  Fish 1 recovered after 1 missing frames
  Fish 1 ↔ Fish 5: crossing resolved, no swap needed
  Overlap detected: Fish 1 ↔ Fish 5 [frame 10107] IoU=0.50
  Crossing started: Fish 1 ↔ Fish 5 [frame 10107]
  Fish 1 ↔ Fish 5: crossing resolved, no swap needed
  Frame 10110/11769 | second 168
  Frame 10140/11769 | second 169
  Frame 10170/11769 | second 169
  Frame 10200/11769 | second 170
  Frame 10230/11769 | second 170
  Frame 10260/11769 | second 171
  Frame 10290/11769 | second 171
  Frame 10320/11769 | second 172
  Frame 10350/11769 | second 172
  Frame 10380/11769 | second 173
  Frame 10410/11769 | second 173
  Frame 10440/11769 | second 174
  Frame 10470/11769 | second 174
  Crossing started: Fish 1 ↔ Fish 5 [frame 10473]
  Fish 1 ↔ Fish 5: crossing resolved, no swap needed
  Frame 10500/11769 | second 175
  Fish 3 recovered after 141 missing frames
  Fish 3 recovered after 1 missing frames
  Fish 3 recovered after 1 missing frames
  Frame 10530/11769 | second 175
  Frame 10560/11769 | second 176
  Frame 10590/11769 | second 176
  Frame 10620/11769 | second 177
  Fish 4 recovered after 891 missing frames
  Overlap detected: Fish 3 ↔ Fish 4 [frame 10637] IoU=0.00
  Overlap detected: Fish 3 ↔ Fish 4 [frame 10638] IoU=0.01
  Overlap detected: Fish 3 ↔ Fish 4 [frame 10639] IoU=0.04
  Overlap detected: Fish 3 ↔ Fish 4 [frame 10640] IoU=0.06
  Overlap detected: Fish 3 ↔ Fish 4 [frame 10641] IoU=0.07
  Overlap detected: Fish 3 ↔ Fish 4 [frame 10642] IoU=0.08
  Overlap detected: Fish 3 ↔ Fish 4 [frame 10643] IoU=0.10
  Overlap detected: Fish 3 ↔ Fish 4 [frame 10644] IoU=0.09
  Overlap detected: Fish 3 ↔ Fish 4 [frame 10645] IoU=0.09
  Overlap detected: Fish 3 ↔ Fish 4 [frame 10646] IoU=0.08
  Overlap detected: Fish 3 ↔ Fish 4 [frame 10647] IoU=0.05
  Overlap detected: Fish 3 ↔ Fish 4 [frame 10648] IoU=0.06
  Overlap detected: Fish 3 ↔ Fish 4 [frame 10649] IoU=0.05
  Overlap detected: Fish 3 ↔ Fish 4 [frame 10650] IoU=0.05
  Frame 10650/11769 | second 177
  Overlap detected: Fish 3 ↔ Fish 4 [frame 10651] IoU=0.05
  Overlap detected: Fish 3 ↔ Fish 4 [frame 10652] IoU=0.05
  Overlap detected: Fish 3 ↔ Fish 4 [frame 10653] IoU=0.04
  Overlap detected: Fish 3 ↔ Fish 4 [frame 10654] IoU=0.02
  Overlap detected: Fish 3 ↔ Fish 4 [frame 10655] IoU=0.02
  Overlap detected: Fish 3 ↔ Fish 4 [frame 10656] IoU=0.03
  Overlap detected: Fish 3 ↔ Fish 4 [frame 10657] IoU=0.05
  Overlap detected: Fish 3 ↔ Fish 4 [frame 10658] IoU=0.04
  Overlap detected: Fish 3 ↔ Fish 4 [frame 10659] IoU=0.04
  Overlap detected: Fish 3 ↔ Fish 4 [frame 10660] IoU=0.02
  Overlap detected: Fish 3 ↔ Fish 4 [frame 10661] IoU=0.02
  Overlap detected: Fish 3 ↔ Fish 4 [frame 10662] IoU=0.01
  Overlap detected: Fish 3 ↔ Fish 4 [frame 10665] IoU=0.01
  Overlap detected: Fish 3 ↔ Fish 4 [frame 10666] IoU=0.02
  Overlap detected: Fish 3 ↔ Fish 4 [frame 10667] IoU=0.02
  Overlap detected: Fish 3 ↔ Fish 4 [frame 10668] IoU=0.02
  Overlap detected: Fish 3 ↔ Fish 4 [frame 10669] IoU=0.03
  Overlap detected: Fish 3 ↔ Fish 4 [frame 10670] IoU=0.03
  Overlap detected: Fish 3 ↔ Fish 4 [frame 10674] IoU=0.00
  Overlap detected: Fish 1 ↔ Fish 5 [frame 10679] IoU=0.01
  Overlap detected: Fish 1 ↔ Fish 5 [frame 10680] IoU=0.04
  Frame 10680/11769 | second 178
  Overlap detected: Fish 1 ↔ Fish 5 [frame 10681] IoU=0.08
  Overlap detected: Fish 1 ↔ Fish 5 [frame 10682] IoU=0.11
  Overlap detected: Fish 1 ↔ Fish 5 [frame 10683] IoU=0.14
  Overlap detected: Fish 1 ↔ Fish 5 [frame 10684] IoU=0.13
  Overlap detected: Fish 1 ↔ Fish 5 [frame 10685] IoU=0.14
  Overlap detected: Fish 1 ↔ Fish 5 [frame 10686] IoU=0.13
  Overlap detected: Fish 1 ↔ Fish 5 [frame 10687] IoU=0.13
  Crossing started: Fish 1 ↔ Fish 5 [frame 10687]
  Overlap detected: Fish 1 ↔ Fish 5 [frame 10688] IoU=0.10
  Overlap detected: Fish 1 ↔ Fish 5 [frame 10689] IoU=0.04
  Overlap detected: Fish 1 ↔ Fish 5 [frame 10690] IoU=0.07
  Fish 4 recovered after 4 missing frames
  Overlap detected: Fish 1 ↔ Fish 5 [frame 10691] IoU=0.04
  Fish 1 recovered after 2 missing frames
  Overlap detected: Fish 1 ↔ Fish 5 [frame 10694] IoU=0.01
  Fish 1 ↔ Fish 5: crossing resolved, no swap needed
  Overlap detected: Fish 1 ↔ Fish 5 [frame 10695] IoU=0.03
  Fish 4 recovered after 2 missing frames
  Overlap detected: Fish 1 ↔ Fish 5 [frame 10696] IoU=0.03
  Overlap detected: Fish 1 ↔ Fish 5 [frame 10697] IoU=0.05
  Overlap detected: Fish 1 ↔ Fish 5 [frame 10698] IoU=0.05
  Fish 4 recovered after 2 missing frames
  Overlap detected: Fish 1 ↔ Fish 5 [frame 10699] IoU=0.05
  Overlap detected: Fish 1 ↔ Fish 5 [frame 10700] IoU=0.03
  Frame 10710/11769 | second 178
  Frame 10740/11769 | second 179
  Frame 10770/11769 | second 179
  Frame 10800/11769 | second 180
  Fish 2 recovered after 831 missing frames
  Frame 10830/11769 | second 180
  Overlap detected: Fish 1 ↔ Fish 5 [frame 10855] IoU=0.00
  Overlap detected: Fish 1 ↔ Fish 5 [frame 10856] IoU=0.01
  Overlap detected: Fish 1 ↔ Fish 5 [frame 10857] IoU=0.01
  Overlap detected: Fish 1 ↔ Fish 5 [frame 10858] IoU=0.01
  Overlap detected: Fish 1 ↔ Fish 5 [frame 10859] IoU=0.01
  Overlap detected: Fish 1 ↔ Fish 5 [frame 10860] IoU=0.01
  Frame 10860/11769 | second 181
  Overlap detected: Fish 1 ↔ Fish 5 [frame 10861] IoU=0.00
  Fish 2 recovered after 1 missing frames
  Overlap detected: Fish 1 ↔ Fish 5 [frame 10863] IoU=0.00
  Crossing started: Fish 1 ↔ Fish 5 [frame 10864]
  Overlap detected: Fish 1 ↔ Fish 5 [frame 10871] IoU=0.03
  Overlap detected: Fish 1 ↔ Fish 5 [frame 10872] IoU=0.02
  Overlap detected: Fish 1 ↔ Fish 5 [frame 10873] IoU=0.02
  Overlap detected: Fish 1 ↔ Fish 5 [frame 10874] IoU=0.03
  Overlap detected: Fish 1 ↔ Fish 5 [frame 10875] IoU=0.04
  Overlap detected: Fish 1 ↔ Fish 5 [frame 10876] IoU=0.05
  Overlap detected: Fish 1 ↔ Fish 5 [frame 10877] IoU=0.03
  Overlap detected: Fish 1 ↔ Fish 5 [frame 10878] IoU=0.03
  Overlap detected: Fish 1 ↔ Fish 5 [frame 10879] IoU=0.03
  Overlap detected: Fish 1 ↔ Fish 5 [frame 10880] IoU=0.03
  Fish 1 ↔ Fish 5: crossing resolved, no swap needed
  Overlap detected: Fish 1 ↔ Fish 5 [frame 10881] IoU=0.02
  Overlap detected: Fish 1 ↔ Fish 5 [frame 10882] IoU=0.03
  Overlap detected: Fish 1 ↔ Fish 5 [frame 10883] IoU=0.03
  Overlap detected: Fish 1 ↔ Fish 5 [frame 10884] IoU=0.02
  Overlap detected: Fish 1 ↔ Fish 5 [frame 10885] IoU=0.02
  Overlap detected: Fish 1 ↔ Fish 5 [frame 10886] IoU=0.02
  Overlap detected: Fish 1 ↔ Fish 5 [frame 10887] IoU=0.01
  Frame 10890/11769 | second 181
  Frame 10920/11769 | second 182
  Fish 3 recovered after 3 missing frames
  Fish 3 recovered after 1 missing frames
  Fish 2 recovered after 81 missing frames
  Frame 10950/11769 | second 182
  Crossing started: Fish 1 ↔ Fish 5 [frame 10962]
  Overlap detected: Fish 1 ↔ Fish 5 [frame 10965] IoU=0.02
  Fish 2 recovered after 5 missing frames
  Overlap detected: Fish 1 ↔ Fish 5 [frame 10966] IoU=0.01
  Overlap detected: Fish 1 ↔ Fish 5 [frame 10967] IoU=0.01
  Overlap detected: Fish 1 ↔ Fish 5 [frame 10968] IoU=0.01
  Fish 1 ↔ Fish 5: crossing resolved, no swap needed
  Overlap detected: Fish 1 ↔ Fish 5 [frame 10969] IoU=0.02
  Overlap detected: Fish 1 ↔ Fish 5 [frame 10970] IoU=0.03
  Overlap detected: Fish 1 ↔ Fish 5 [frame 10971] IoU=0.03
  Overlap detected: Fish 1 ↔ Fish 5 [frame 10972] IoU=0.03
  Overlap detected: Fish 1 ↔ Fish 5 [frame 10973] IoU=0.03
  Overlap detected: Fish 1 ↔ Fish 5 [frame 10974] IoU=0.03
  Overlap detected: Fish 1 ↔ Fish 5 [frame 10975] IoU=0.02
  Frame 10980/11769 | second 183
  Overlap detected: Fish 3 ↔ Fish 4 [frame 10983] IoU=0.00
  Overlap detected: Fish 3 ↔ Fish 4 [frame 10984] IoU=0.01
  Overlap detected: Fish 3 ↔ Fish 4 [frame 10985] IoU=0.01
  Overlap detected: Fish 3 ↔ Fish 4 [frame 10986] IoU=0.02
  Overlap detected: Fish 3 ↔ Fish 4 [frame 10987] IoU=0.04
  Overlap detected: Fish 3 ↔ Fish 4 [frame 10988] IoU=0.04
  Overlap detected: Fish 3 ↔ Fish 4 [frame 10989] IoU=0.06
  Overlap detected: Fish 3 ↔ Fish 4 [frame 10990] IoU=0.06
  Overlap detected: Fish 3 ↔ Fish 4 [frame 10991] IoU=0.06
  Overlap detected: Fish 3 ↔ Fish 4 [frame 10992] IoU=0.06
  Overlap detected: Fish 3 ↔ Fish 4 [frame 10993] IoU=0.07
  Overlap detected: Fish 3 ↔ Fish 4 [frame 10994] IoU=0.07
  Overlap detected: Fish 3 ↔ Fish 4 [frame 10995] IoU=0.07
  Overlap detected: Fish 3 ↔ Fish 4 [frame 10996] IoU=0.08
  Overlap detected: Fish 3 ↔ Fish 4 [frame 10997] IoU=0.09
  Overlap detected: Fish 3 ↔ Fish 4 [frame 10998] IoU=0.10
  Overlap detected: Fish 3 ↔ Fish 4 [frame 10999] IoU=0.12
  Crossing started: Fish 3 ↔ Fish 4 [frame 10999]
  Overlap detected: Fish 3 ↔ Fish 4 [frame 11000] IoU=0.11
  Overlap detected: Fish 3 ↔ Fish 4 [frame 11001] IoU=0.12
  Overlap detected: Fish 3 ↔ Fish 4 [frame 11002] IoU=0.12
  Overlap detected: Fish 3 ↔ Fish 4 [frame 11003] IoU=0.12
  Overlap detected: Fish 3 ↔ Fish 4 [frame 11004] IoU=0.14
  Overlap detected: Fish 3 ↔ Fish 4 [frame 11005] IoU=0.14
  Overlap detected: Fish 3 ↔ Fish 4 [frame 11006] IoU=0.11
  Overlap detected: Fish 3 ↔ Fish 4 [frame 11007] IoU=0.08
  Overlap detected: Fish 3 ↔ Fish 4 [frame 11008] IoU=0.08
  Overlap detected: Fish 3 ↔ Fish 4 [frame 11009] IoU=0.07
  Overlap detected: Fish 3 ↔ Fish 4 [frame 11010] IoU=0.07
  Frame 11010/11769 | second 183
  Overlap detected: Fish 3 ↔ Fish 4 [frame 11011] IoU=0.09
  Overlap detected: Fish 3 ↔ Fish 4 [frame 11012] IoU=0.11
  Overlap detected: Fish 3 ↔ Fish 4 [frame 11013] IoU=0.09
  Overlap detected: Fish 3 ↔ Fish 4 [frame 11014] IoU=0.07
  Overlap detected: Fish 3 ↔ Fish 4 [frame 11015] IoU=0.11
  Overlap detected: Fish 3 ↔ Fish 4 [frame 11016] IoU=0.10
  Overlap detected: Fish 3 ↔ Fish 4 [frame 11017] IoU=0.12
  Overlap detected: Fish 3 ↔ Fish 4 [frame 11018] IoU=0.10
  Overlap detected: Fish 3 ↔ Fish 4 [frame 11019] IoU=0.34
  Overlap detected: Fish 3 ↔ Fish 4 [frame 11020] IoU=0.11
  Overlap detected: Fish 3 ↔ Fish 4 [frame 11021] IoU=0.23
  Overlap detected: Fish 3 ↔ Fish 4 [frame 11022] IoU=0.13
  Fish 3 ↔ Fish 4: crossing resolved, no swap needed
  Overlap detected: Fish 3 ↔ Fish 4 [frame 11023] IoU=0.02
  Overlap detected: Fish 3 ↔ Fish 4 [frame 11024] IoU=0.02
  Overlap detected: Fish 3 ↔ Fish 4 [frame 11025] IoU=0.00
  Frame 11040/11769 | second 184
  Overlap detected: Fish 1 ↔ Fish 5 [frame 11070] IoU=0.01
  Frame 11070/11769 | second 184
  Overlap detected: Fish 1 ↔ Fish 5 [frame 11071] IoU=0.03
  Overlap detected: Fish 1 ↔ Fish 5 [frame 11072] IoU=0.05
  Overlap detected: Fish 1 ↔ Fish 5 [frame 11073] IoU=0.11
  Overlap detected: Fish 1 ↔ Fish 5 [frame 11074] IoU=0.18
  Overlap detected: Fish 1 ↔ Fish 5 [frame 11075] IoU=0.18
  Crossing started: Fish 1 ↔ Fish 5 [frame 11075]
  Overlap detected: Fish 1 ↔ Fish 5 [frame 11076] IoU=0.21
  Overlap detected: Fish 1 ↔ Fish 5 [frame 11077] IoU=0.21
  Overlap detected: Fish 1 ↔ Fish 5 [frame 11078] IoU=0.25
  Overlap detected: Fish 1 ↔ Fish 5 [frame 11079] IoU=0.27
  Overlap detected: Fish 1 ↔ Fish 5 [frame 11080] IoU=0.27
  Overlap detected: Fish 1 ↔ Fish 5 [frame 11081] IoU=0.27
  Fish 1 recovered after 7 missing frames
  Overlap detected: Fish 1 ↔ Fish 5 [frame 11082] IoU=0.87
  Fish 5 recovered after 1 missing frames
  Overlap detected: Fish 1 ↔ Fish 5 [frame 11083] IoU=0.90
  Overlap detected: Fish 1 ↔ Fish 5 [frame 11084] IoU=0.80
  Overlap detected: Fish 1 ↔ Fish 5 [frame 11085] IoU=0.80
  Overlap detected: Fish 1 ↔ Fish 5 [frame 11086] IoU=0.69
  Overlap detected: Fish 1 ↔ Fish 5 [frame 11087] IoU=0.73
  Overlap detected: Fish 1 ↔ Fish 5 [frame 11088] IoU=0.65
  Overlap detected: Fish 1 ↔ Fish 5 [frame 11089] IoU=0.71
  Overlap detected: Fish 1 ↔ Fish 5 [frame 11090] IoU=0.71
  Overlap detected: Fish 1 ↔ Fish 5 [frame 11091] IoU=0.68
  Overlap detected: Fish 1 ↔ Fish 5 [frame 11092] IoU=0.68
  Overlap detected: Fish 1 ↔ Fish 5 [frame 11093] IoU=0.68
  Fish 1 recovered after 11 missing frames
  Overlap detected: Fish 1 ↔ Fish 5 [frame 11094] IoU=0.02
  Fish 1 ↔ Fish 5: crossing resolved, no swap needed
  Overlap detected: Fish 1 ↔ Fish 5 [frame 11095] IoU=0.01
  Overlap detected: Fish 1 ↔ Fish 5 [frame 11096] IoU=0.02
  Frame 11100/11769 | second 185
  Frame 11130/11769 | second 185
  Frame 11160/11769 | second 186
  Frame 11190/11769 | second 186
  Frame 11220/11769 | second 187
  Frame 11250/11769 | second 187
  Frame 11280/11769 | second 188
  Overlap detected: Fish 1 ↔ Fish 5 [frame 11285] IoU=0.01
  Overlap detected: Fish 1 ↔ Fish 5 [frame 11286] IoU=0.43
  Crossing started: Fish 1 ↔ Fish 5 [frame 11286]
  Overlap detected: Fish 1 ↔ Fish 5 [frame 11287] IoU=0.39
  Overlap detected: Fish 1 ↔ Fish 5 [frame 11288] IoU=0.44
  Overlap detected: Fish 1 ↔ Fish 5 [frame 11289] IoU=0.44
  Overlap detected: Fish 1 ↔ Fish 5 [frame 11290] IoU=0.39
  Overlap detected: Fish 1 ↔ Fish 5 [frame 11291] IoU=0.28
  Overlap detected: Fish 1 ↔ Fish 5 [frame 11292] IoU=0.29
  Overlap detected: Fish 1 ↔ Fish 5 [frame 11293] IoU=0.27
  Overlap detected: Fish 1 ↔ Fish 5 [frame 11294] IoU=0.32
  Fish 1 recovered after 9 missing frames
  Overlap detected: Fish 1 ↔ Fish 5 [frame 11295] IoU=0.24
  Overlap detected: Fish 1 ↔ Fish 5 [frame 11296] IoU=0.30
  Overlap detected: Fish 1 ↔ Fish 5 [frame 11297] IoU=0.08
  Fish 1 ↔ Fish 5: IDs swapped back after crossing
  Overlap detected: Fish 1 ↔ Fish 5 [frame 11298] IoU=0.06
  Overlap detected: Fish 1 ↔ Fish 5 [frame 11299] IoU=0.06
  Overlap detected: Fish 1 ↔ Fish 5 [frame 11300] IoU=0.02
  Overlap detected: Fish 1 ↔ Fish 5 [frame 11301] IoU=0.01
  Frame 11310/11769 | second 188
  Frame 11340/11769 | second 189
  Fish 2 recovered after 279 missing frames
  Frame 11370/11769 | second 189
  Overlap detected: Fish 1 ↔ Fish 5 [frame 11374] IoU=0.01
  Overlap detected: Fish 1 ↔ Fish 5 [frame 11375] IoU=0.05
  Crossing started: Fish 1 ↔ Fish 5 [frame 11375]
  Overlap detected: Fish 1 ↔ Fish 5 [frame 11376] IoU=0.18
  Overlap detected: Fish 1 ↔ Fish 5 [frame 11377] IoU=0.19
  Overlap detected: Fish 1 ↔ Fish 5 [frame 11378] IoU=0.20
  Overlap detected: Fish 1 ↔ Fish 5 [frame 11379] IoU=0.19
  Fish 5 recovered after 2 missing frames
  Overlap detected: Fish 1 ↔ Fish 5 [frame 11380] IoU=0.46
  Overlap detected: Fish 1 ↔ Fish 5 [frame 11381] IoU=0.93
  Fish 1 recovered after 1 missing frames
  Overlap detected: Fish 1 ↔ Fish 5 [frame 11382] IoU=0.84
  Overlap detected: Fish 1 ↔ Fish 5 [frame 11383] IoU=0.75
  Overlap detected: Fish 1 ↔ Fish 5 [frame 11384] IoU=0.69
  Overlap detected: Fish 1 ↔ Fish 5 [frame 11385] IoU=0.71
  Overlap detected: Fish 1 ↔ Fish 5 [frame 11386] IoU=0.63
  Overlap detected: Fish 1 ↔ Fish 5 [frame 11387] IoU=0.69
  Overlap detected: Fish 1 ↔ Fish 5 [frame 11388] IoU=0.64
  Overlap detected: Fish 1 ↔ Fish 5 [frame 11389] IoU=0.65
  Overlap detected: Fish 1 ↔ Fish 5 [frame 11390] IoU=0.63
  Overlap detected: Fish 1 ↔ Fish 5 [frame 11391] IoU=0.62
  Overlap detected: Fish 1 ↔ Fish 5 [frame 11392] IoU=0.56
  Overlap detected: Fish 1 ↔ Fish 5 [frame 11393] IoU=0.55
  Overlap detected: Fish 1 ↔ Fish 5 [frame 11394] IoU=0.53
  Overlap detected: Fish 1 ↔ Fish 5 [frame 11395] IoU=0.57
  Overlap detected: Fish 1 ↔ Fish 5 [frame 11396] IoU=0.56
  Overlap detected: Fish 1 ↔ Fish 5 [frame 11397] IoU=0.53
  Overlap detected: Fish 1 ↔ Fish 5 [frame 11398] IoU=0.58
  Overlap detected: Fish 1 ↔ Fish 5 [frame 11399] IoU=0.59
  Overlap detected: Fish 1 ↔ Fish 5 [frame 11400] IoU=0.65
  Frame 11400/11769 | second 190
  Overlap detected: Fish 1 ↔ Fish 5 [frame 11401] IoU=0.65
  Overlap detected: Fish 1 ↔ Fish 5 [frame 11402] IoU=0.61
  Overlap detected: Fish 1 ↔ Fish 5 [frame 11403] IoU=0.54
  Overlap detected: Fish 1 ↔ Fish 5 [frame 11404] IoU=0.51
  Overlap detected: Fish 1 ↔ Fish 5 [frame 11405] IoU=0.48
  Overlap detected: Fish 1 ↔ Fish 5 [frame 11406] IoU=0.47
  Overlap detected: Fish 1 ↔ Fish 5 [frame 11407] IoU=0.45
  Overlap detected: Fish 1 ↔ Fish 5 [frame 11408] IoU=0.45
  Overlap detected: Fish 1 ↔ Fish 5 [frame 11409] IoU=0.44
  Overlap detected: Fish 1 ↔ Fish 5 [frame 11410] IoU=0.41
  Overlap detected: Fish 1 ↔ Fish 5 [frame 11411] IoU=0.36
  Overlap detected: Fish 1 ↔ Fish 5 [frame 11412] IoU=0.33
  Overlap detected: Fish 1 ↔ Fish 5 [frame 11413] IoU=0.36
  Fish 5 recovered after 32 missing frames
  Overlap detected: Fish 1 ↔ Fish 5 [frame 11414] IoU=0.17
  Overlap detected: Fish 1 ↔ Fish 5 [frame 11415] IoU=0.07
  Overlap detected: Fish 1 ↔ Fish 5 [frame 11416] IoU=0.06
  Overlap detected: Fish 1 ↔ Fish 5 [frame 11417] IoU=0.05
  Overlap detected: Fish 1 ↔ Fish 5 [frame 11418] IoU=0.04
  Overlap detected: Fish 1 ↔ Fish 5 [frame 11419] IoU=0.04
  Overlap detected: Fish 1 ↔ Fish 5 [frame 11420] IoU=0.05
  Overlap detected: Fish 1 ↔ Fish 5 [frame 11421] IoU=0.04
  Overlap detected: Fish 1 ↔ Fish 5 [frame 11422] IoU=0.07
  Overlap detected: Fish 1 ↔ Fish 5 [frame 11423] IoU=0.04
  Overlap detected: Fish 1 ↔ Fish 5 [frame 11424] IoU=0.04
  Fish 1 ↔ Fish 5: crossing resolved, no swap needed
  Overlap detected: Fish 1 ↔ Fish 5 [frame 11425] IoU=0.02
  Overlap detected: Fish 1 ↔ Fish 5 [frame 11426] IoU=0.01
  Overlap detected: Fish 1 ↔ Fish 5 [frame 11427] IoU=0.01
  Overlap detected: Fish 1 ↔ Fish 5 [frame 11428] IoU=0.01
  Overlap detected: Fish 1 ↔ Fish 5 [frame 11429] IoU=0.01
  Overlap detected: Fish 1 ↔ Fish 5 [frame 11430] IoU=0.01
  Frame 11430/11769 | second 190
  Overlap detected: Fish 1 ↔ Fish 5 [frame 11431] IoU=0.01
  Overlap detected: Fish 1 ↔ Fish 5 [frame 11432] IoU=0.00
  Overlap detected: Fish 1 ↔ Fish 5 [frame 11459] IoU=0.00
  Overlap detected: Fish 1 ↔ Fish 5 [frame 11460] IoU=0.01
  Frame 11460/11769 | second 191
  Overlap detected: Fish 1 ↔ Fish 5 [frame 11461] IoU=0.02
  Overlap detected: Fish 1 ↔ Fish 5 [frame 11462] IoU=0.02
  Overlap detected: Fish 1 ↔ Fish 5 [frame 11463] IoU=0.03
  Overlap detected: Fish 1 ↔ Fish 5 [frame 11464] IoU=0.05
  Overlap detected: Fish 1 ↔ Fish 5 [frame 11465] IoU=0.06
  Overlap detected: Fish 1 ↔ Fish 5 [frame 11466] IoU=0.05
  Crossing started: Fish 1 ↔ Fish 5 [frame 11466]
  Overlap detected: Fish 1 ↔ Fish 5 [frame 11467] IoU=0.03
  Overlap detected: Fish 1 ↔ Fish 5 [frame 11468] IoU=0.02
  Overlap detected: Fish 1 ↔ Fish 5 [frame 11469] IoU=0.02
  Overlap detected: Fish 1 ↔ Fish 5 [frame 11470] IoU=0.01
  Overlap detected: Fish 1 ↔ Fish 5 [frame 11471] IoU=0.03
  Overlap detected: Fish 1 ↔ Fish 5 [frame 11472] IoU=0.02
  Fish 2 recovered after 1 missing frames
  Fish 5 recovered after 1 missing frames
  Fish 2 recovered after 1 missing frames
  Frame 11490/11769 | second 191
  Fish 2 recovered after 6 missing frames
  Fish 1 ↔ Fish 5: IDs swapped back after crossing
  Fish 3 recovered after 1 missing frames
  Fish 3 recovered after 1 missing frames
  Frame 11520/11769 | second 192
  Fish 3 recovered after 6 missing frames
  Frame 11550/11769 | second 192
  Frame 11580/11769 | second 193
  Fish 2 recovered after 1 missing frames
  Fish 2 recovered after 2 missing frames
  Frame 11610/11769 | second 193
  Fish 2 recovered after 1 missing frames
  Fish 2 recovered after 8 missing frames
  Fish 2 recovered after 3 missing frames
  Frame 11640/11769 | second 194
  Frame 11670/11769 | second 194
  Frame 11700/11769 | second 195
  Frame 11730/11769 | second 195
  Fish 3 recovered after 11 missing frames
  Fish 5 recovered after 6 missing frames
  Frame 11760/11769 | second 196

Done. Saved to output_video_zebratracker/tracker_2026_06_17_1252_IMG_0350_0764_0909_0350HM_track_14_03.mp4
